<?xml version="1.0"?>
<gpx xmlns="http://www.topografix.com/GPX/1/1" xmlns:gpxx="http://www.garmin.com/xmlschemas/GpxExtensions/v3" creator="CALTOPO" version="1.1"><trk><name>JMT</name><extensions><gpxx:TrackExtension><gpxx:DisplayColor>Red</gpxx:DisplayColor></gpxx:TrackExtension></extensions><trkseg><trkpt lat="36.58596943148504" lon="-118.24181739069452"/><trkpt lat="36.58596" lon="-118.24194"/><trkpt lat="36.58583" lon="-118.24217"/><trkpt lat="36.58583" lon="-118.24227"/><trkpt lat="36.58593" lon="-118.24233"/><trkpt lat="36.58593" lon="-118.24244"/><trkpt lat="36.58599" lon="-118.24245"/><trkpt lat="36.58639" lon="-118.24233"/><trkpt lat="36.58641" lon="-118.2424"/><trkpt lat="36.58635" lon="-118.24258"/><trkpt lat="36.58664" lon="-118.24252"/><trkpt lat="36.58651" lon="-118.24278"/><trkpt lat="36.58642" lon="-118.24286"/><trkpt lat="36.58656" lon="-118.24289"/><trkpt lat="36.58644" lon="-118.24295"/><trkpt lat="36.58662" lon="-118.24301"/><trkpt lat="36.58653" lon="-118.24309"/><trkpt lat="36.58668" lon="-118.24309"/><trkpt lat="36.58662" lon="-118.24319"/><trkpt lat="36.5867" lon="-118.2432"/><trkpt lat="36.58679" lon="-118.24316"/><trkpt lat="36.58674" lon="-118.24338"/><trkpt lat="36.58686" lon="-118.24335"/><trkpt lat="36.58673" lon="-118.24354"/><trkpt lat="36.58688" lon="-118.24355"/><trkpt lat="36.58681" lon="-118.24369"/><trkpt lat="36.58661" lon="-118.24368"/><trkpt lat="36.5867" lon="-118.24382"/><trkpt lat="36.58646" lon="-118.24378"/><trkpt lat="36.58666" lon="-118.244"/><trkpt lat="36.58642" lon="-118.24397"/><trkpt lat="36.58637" lon="-118.24399"/><trkpt lat="36.58658" lon="-118.24418"/><trkpt lat="36.58633" lon="-118.2442"/><trkpt lat="36.5863" lon="-118.24423"/><trkpt lat="36.5865" lon="-118.24437"/><trkpt lat="36.58642" lon="-118.24443"/><trkpt lat="36.5866" lon="-118.24463"/><trkpt lat="36.58662" lon="-118.24472"/><trkpt lat="36.5866" lon="-118.24487"/><trkpt lat="36.5866" lon="-118.24487"/><trkpt lat="36.58647" lon="-118.24477"/><trkpt lat="36.58617" lon="-118.24465"/><trkpt lat="36.58597" lon="-118.24446"/><trkpt lat="36.58562" lon="-118.24429"/><trkpt lat="36.58584" lon="-118.24472"/><trkpt lat="36.58565" lon="-118.24453"/><trkpt lat="36.58558" lon="-118.24451"/><trkpt lat="36.58528" lon="-118.2445"/><trkpt lat="36.58518" lon="-118.24455"/><trkpt lat="36.58499" lon="-118.24455"/><trkpt lat="36.58517" lon="-118.24469"/><trkpt lat="36.58528" lon="-118.24471"/><trkpt lat="36.58544" lon="-118.24479"/><trkpt lat="36.58528" lon="-118.24479"/><trkpt lat="36.58504" lon="-118.24486"/><trkpt lat="36.58484" lon="-118.24495"/><trkpt lat="36.58528" lon="-118.24504"/><trkpt lat="36.5846" lon="-118.2453"/><trkpt lat="36.58495" lon="-118.24537"/><trkpt lat="36.58498" lon="-118.24539"/><trkpt lat="36.58459" lon="-118.24553"/><trkpt lat="36.58462" lon="-118.24556"/><trkpt lat="36.58499" lon="-118.24556"/><trkpt lat="36.58433" lon="-118.246"/><trkpt lat="36.58417" lon="-118.2462"/><trkpt lat="36.584" lon="-118.24631"/><trkpt lat="36.58361" lon="-118.24683"/><trkpt lat="36.58351" lon="-118.24712"/><trkpt lat="36.58329" lon="-118.24736"/><trkpt lat="36.5832" lon="-118.24758"/><trkpt lat="36.5831" lon="-118.24767"/><trkpt lat="36.58293" lon="-118.24791"/><trkpt lat="36.58281" lon="-118.24795"/><trkpt lat="36.58267" lon="-118.24806"/><trkpt lat="36.58263" lon="-118.24813"/><trkpt lat="36.58267" lon="-118.24815"/><trkpt lat="36.58294" lon="-118.24807"/><trkpt lat="36.58278" lon="-118.24822"/><trkpt lat="36.5823" lon="-118.2486"/><trkpt lat="36.58222" lon="-118.24861"/><trkpt lat="36.58208" lon="-118.24854"/><trkpt lat="36.58184" lon="-118.24832"/><trkpt lat="36.58166" lon="-118.24826"/><trkpt lat="36.58166" lon="-118.2483"/><trkpt lat="36.58171" lon="-118.24841"/><trkpt lat="36.5817" lon="-118.24845"/><trkpt lat="36.58158" lon="-118.2484"/><trkpt lat="36.58153" lon="-118.24842"/><trkpt lat="36.58147" lon="-118.24839"/><trkpt lat="36.58095" lon="-118.24836"/><trkpt lat="36.58094" lon="-118.24839"/><trkpt lat="36.58112" lon="-118.24855"/><trkpt lat="36.58133" lon="-118.24887"/><trkpt lat="36.58155" lon="-118.24899"/><trkpt lat="36.58158" lon="-118.24916"/><trkpt lat="36.58165" lon="-118.24933"/><trkpt lat="36.58182" lon="-118.24951"/><trkpt lat="36.58196" lon="-118.24955"/><trkpt lat="36.58183" lon="-118.24962"/><trkpt lat="36.58173" lon="-118.2496"/><trkpt lat="36.58162" lon="-118.24965"/><trkpt lat="36.5815" lon="-118.24964"/><trkpt lat="36.58155" lon="-118.24974"/><trkpt lat="36.58167" lon="-118.24975"/><trkpt lat="36.58176" lon="-118.24981"/><trkpt lat="36.58212" lon="-118.24994"/><trkpt lat="36.58202" lon="-118.24997"/><trkpt lat="36.58177" lon="-118.24998"/><trkpt lat="36.58162" lon="-118.25006"/><trkpt lat="36.58129" lon="-118.25011"/><trkpt lat="36.58119" lon="-118.25009"/><trkpt lat="36.58112" lon="-118.25002"/><trkpt lat="36.58091" lon="-118.24999"/><trkpt lat="36.58077" lon="-118.24992"/><trkpt lat="36.58069" lon="-118.24992"/><trkpt lat="36.58066" lon="-118.24994"/><trkpt lat="36.58067" lon="-118.24999"/><trkpt lat="36.58086" lon="-118.25021"/><trkpt lat="36.58068" lon="-118.25024"/><trkpt lat="36.58056" lon="-118.25032"/><trkpt lat="36.5805" lon="-118.25033"/><trkpt lat="36.58032" lon="-118.25027"/><trkpt lat="36.58025" lon="-118.25022"/><trkpt lat="36.58025" lon="-118.25022"/><trkpt lat="36.58019" lon="-118.25018"/><trkpt lat="36.58015" lon="-118.25011"/><trkpt lat="36.58012" lon="-118.2501"/><trkpt lat="36.58014" lon="-118.25026"/><trkpt lat="36.58025" lon="-118.25043"/><trkpt lat="36.58025" lon="-118.25043"/><trkpt lat="36.58061" lon="-118.25067"/><trkpt lat="36.5807" lon="-118.25069"/><trkpt lat="36.58084" lon="-118.25086"/><trkpt lat="36.58092" lon="-118.2509"/><trkpt lat="36.58122" lon="-118.2509"/><trkpt lat="36.58133" lon="-118.25093"/><trkpt lat="36.58134" lon="-118.25096"/><trkpt lat="36.58117" lon="-118.25098"/><trkpt lat="36.58078" lon="-118.25123"/><trkpt lat="36.58059" lon="-118.25124"/><trkpt lat="36.58043" lon="-118.2512"/><trkpt lat="36.58025" lon="-118.25122"/><trkpt lat="36.58025" lon="-118.25122"/><trkpt lat="36.5802" lon="-118.25122"/><trkpt lat="36.57996" lon="-118.25112"/><trkpt lat="36.57985" lon="-118.25104"/><trkpt lat="36.57966" lon="-118.25099"/><trkpt lat="36.57946" lon="-118.25098"/><trkpt lat="36.57926" lon="-118.25089"/><trkpt lat="36.57931" lon="-118.25105"/><trkpt lat="36.57944" lon="-118.25114"/><trkpt lat="36.57963" lon="-118.25139"/><trkpt lat="36.57971" lon="-118.25144"/><trkpt lat="36.57984" lon="-118.25158"/><trkpt lat="36.58025" lon="-118.25172"/><trkpt lat="36.58025" lon="-118.25172"/><trkpt lat="36.58029" lon="-118.25177"/><trkpt lat="36.58025" lon="-118.25176"/><trkpt lat="36.58025" lon="-118.25176"/><trkpt lat="36.57993" lon="-118.25176"/><trkpt lat="36.57976" lon="-118.25181"/><trkpt lat="36.57946" lon="-118.25173"/><trkpt lat="36.57921" lon="-118.25176"/><trkpt lat="36.57914" lon="-118.2517"/><trkpt lat="36.57906" lon="-118.25171"/><trkpt lat="36.57885" lon="-118.25185"/><trkpt lat="36.57866" lon="-118.2518"/><trkpt lat="36.57849" lon="-118.25168"/><trkpt lat="36.57839" lon="-118.25156"/><trkpt lat="36.57831" lon="-118.25142"/><trkpt lat="36.578" lon="-118.25115"/><trkpt lat="36.57795" lon="-118.25108"/><trkpt lat="36.57776" lon="-118.25111"/><trkpt lat="36.57777" lon="-118.25133"/><trkpt lat="36.57774" lon="-118.2515"/><trkpt lat="36.5776" lon="-118.25168"/><trkpt lat="36.57751" lon="-118.25167"/><trkpt lat="36.5774" lon="-118.25173"/><trkpt lat="36.57675" lon="-118.25168"/><trkpt lat="36.57665" lon="-118.25164"/><trkpt lat="36.5766" lon="-118.25158"/><trkpt lat="36.57656" lon="-118.25162"/><trkpt lat="36.57642" lon="-118.25165"/><trkpt lat="36.57627" lon="-118.25167"/><trkpt lat="36.57614" lon="-118.25165"/><trkpt lat="36.57614" lon="-118.25165"/><trkpt lat="36.57593" lon="-118.25155"/><trkpt lat="36.57593" lon="-118.25155"/><trkpt lat="36.57572" lon="-118.2515"/><trkpt lat="36.57553" lon="-118.25158"/><trkpt lat="36.57546" lon="-118.25156"/><trkpt lat="36.57543" lon="-118.25151"/><trkpt lat="36.57547" lon="-118.25132"/><trkpt lat="36.57543" lon="-118.25111"/><trkpt lat="36.57537" lon="-118.25096"/><trkpt lat="36.57524" lon="-118.25079"/><trkpt lat="36.57519" lon="-118.25076"/><trkpt lat="36.57519" lon="-118.25061"/><trkpt lat="36.57511" lon="-118.25046"/><trkpt lat="36.57511" lon="-118.25046"/><trkpt lat="36.57511" lon="-118.25046"/><trkpt lat="36.57502" lon="-118.25047"/><trkpt lat="36.57481" lon="-118.25058"/><trkpt lat="36.57462" lon="-118.25059"/><trkpt lat="36.57447" lon="-118.25064"/><trkpt lat="36.57413" lon="-118.25085"/><trkpt lat="36.57409" lon="-118.2509"/><trkpt lat="36.57405" lon="-118.25107"/><trkpt lat="36.57403" lon="-118.25134"/><trkpt lat="36.57389" lon="-118.25153"/><trkpt lat="36.5736" lon="-118.25207"/><trkpt lat="36.57345" lon="-118.25219"/><trkpt lat="36.57351" lon="-118.25219"/><trkpt lat="36.57355" lon="-118.25214"/><trkpt lat="36.57368" lon="-118.2521"/><trkpt lat="36.57353" lon="-118.25228"/><trkpt lat="36.5733" lon="-118.25235"/><trkpt lat="36.57313" lon="-118.25232"/><trkpt lat="36.57273" lon="-118.25215"/><trkpt lat="36.573" lon="-118.25266"/><trkpt lat="36.5732" lon="-118.25284"/><trkpt lat="36.57332" lon="-118.25286"/><trkpt lat="36.57356" lon="-118.25274"/><trkpt lat="36.57331" lon="-118.25303"/><trkpt lat="36.57365" lon="-118.25282"/><trkpt lat="36.57354" lon="-118.25298"/><trkpt lat="36.57345" lon="-118.25303"/><trkpt lat="36.57351" lon="-118.25305"/><trkpt lat="36.57341" lon="-118.25309"/><trkpt lat="36.57349" lon="-118.2531"/><trkpt lat="36.57342" lon="-118.2532"/><trkpt lat="36.57348" lon="-118.25316"/><trkpt lat="36.57348" lon="-118.25318"/><trkpt lat="36.57337" lon="-118.25336"/><trkpt lat="36.57305" lon="-118.25332"/><trkpt lat="36.5728" lon="-118.2532"/><trkpt lat="36.57269" lon="-118.2532"/><trkpt lat="36.57289" lon="-118.25355"/><trkpt lat="36.57299" lon="-118.25367"/><trkpt lat="36.57312" lon="-118.25374"/><trkpt lat="36.57319" lon="-118.25384"/><trkpt lat="36.57324" lon="-118.25409"/><trkpt lat="36.57314" lon="-118.25436"/><trkpt lat="36.57309" lon="-118.25467"/><trkpt lat="36.57311" lon="-118.25469"/><trkpt lat="36.57316" lon="-118.25467"/><trkpt lat="36.57318" lon="-118.2547"/><trkpt lat="36.57318" lon="-118.25475"/><trkpt lat="36.5731" lon="-118.2549"/><trkpt lat="36.57281" lon="-118.25526"/><trkpt lat="36.57264" lon="-118.25555"/><trkpt lat="36.57256" lon="-118.25561"/><trkpt lat="36.57225" lon="-118.25574"/><trkpt lat="36.57204" lon="-118.2561"/><trkpt lat="36.57177" lon="-118.25637"/><trkpt lat="36.5715" lon="-118.2565"/><trkpt lat="36.57134" lon="-118.25668"/><trkpt lat="36.57129" lon="-118.25684"/><trkpt lat="36.57129" lon="-118.25684"/><trkpt lat="36.57127" lon="-118.2569"/><trkpt lat="36.57119" lon="-118.25698"/><trkpt lat="36.57113" lon="-118.25714"/><trkpt lat="36.57107" lon="-118.2572"/><trkpt lat="36.57102" lon="-118.25735"/><trkpt lat="36.57094" lon="-118.25748"/><trkpt lat="36.57096" lon="-118.2579"/><trkpt lat="36.57111" lon="-118.25815"/><trkpt lat="36.57113" lon="-118.25831"/><trkpt lat="36.5711" lon="-118.25843"/><trkpt lat="36.57106" lon="-118.25846"/><trkpt lat="36.57106" lon="-118.2585"/><trkpt lat="36.57132" lon="-118.25857"/><trkpt lat="36.57136" lon="-118.25866"/><trkpt lat="36.57147" lon="-118.25873"/><trkpt lat="36.57176" lon="-118.25901"/><trkpt lat="36.57185" lon="-118.25919"/><trkpt lat="36.57193" lon="-118.25926"/><trkpt lat="36.57202" lon="-118.25924"/><trkpt lat="36.57205" lon="-118.25926"/><trkpt lat="36.57205" lon="-118.25937"/><trkpt lat="36.57209" lon="-118.25942"/><trkpt lat="36.5721" lon="-118.25947"/><trkpt lat="36.57203" lon="-118.25954"/><trkpt lat="36.57219" lon="-118.25955"/><trkpt lat="36.57219" lon="-118.25957"/><trkpt lat="36.57204" lon="-118.25968"/><trkpt lat="36.57205" lon="-118.2597"/><trkpt lat="36.57218" lon="-118.25967"/><trkpt lat="36.57218" lon="-118.2597"/><trkpt lat="36.57203" lon="-118.25981"/><trkpt lat="36.57226" lon="-118.25977"/><trkpt lat="36.57227" lon="-118.25979"/><trkpt lat="36.57207" lon="-118.26002"/><trkpt lat="36.57213" lon="-118.26002"/><trkpt lat="36.57233" lon="-118.2599"/><trkpt lat="36.57235" lon="-118.25992"/><trkpt lat="36.57212" lon="-118.26021"/><trkpt lat="36.57213" lon="-118.26024"/><trkpt lat="36.57249" lon="-118.26002"/><trkpt lat="36.57252" lon="-118.26002"/><trkpt lat="36.57252" lon="-118.26005"/><trkpt lat="36.57238" lon="-118.26018"/><trkpt lat="36.57226" lon="-118.26039"/><trkpt lat="36.57219" lon="-118.26045"/><trkpt lat="36.57204" lon="-118.26049"/><trkpt lat="36.57182" lon="-118.26061"/><trkpt lat="36.5721" lon="-118.26066"/><trkpt lat="36.57188" lon="-118.26069"/><trkpt lat="36.5717" lon="-118.26083"/><trkpt lat="36.57153" lon="-118.26108"/><trkpt lat="36.57147" lon="-118.26111"/><trkpt lat="36.57139" lon="-118.26108"/><trkpt lat="36.57123" lon="-118.26113"/><trkpt lat="36.57107" lon="-118.2613"/><trkpt lat="36.57105" lon="-118.26136"/><trkpt lat="36.57126" lon="-118.26135"/><trkpt lat="36.57127" lon="-118.26142"/><trkpt lat="36.57114" lon="-118.26155"/><trkpt lat="36.57097" lon="-118.26162"/><trkpt lat="36.57082" lon="-118.26183"/><trkpt lat="36.57079830541641" lon="-118.26184835695535"/><trkpt lat="36.57078785907054" lon="-118.26185719617109"/><trkpt lat="36.57064769558817" lon="-118.26197579604079"/><trkpt lat="36.57064769558817" lon="-118.26197579604079"/><trkpt lat="36.57043" lon="-118.26216"/><trkpt lat="36.57042" lon="-118.26212"/><trkpt lat="36.5705" lon="-118.26196"/><trkpt lat="36.57044" lon="-118.26196"/><trkpt lat="36.57033" lon="-118.26205"/><trkpt lat="36.5703" lon="-118.26202"/><trkpt lat="36.57036" lon="-118.26185"/><trkpt lat="36.5703" lon="-118.26186"/><trkpt lat="36.57017" lon="-118.26203"/><trkpt lat="36.5701" lon="-118.26204"/><trkpt lat="36.57028" lon="-118.26166"/><trkpt lat="36.5703" lon="-118.26157"/><trkpt lat="36.57029" lon="-118.26147"/><trkpt lat="36.57028" lon="-118.26147"/><trkpt lat="36.57021" lon="-118.26161"/><trkpt lat="36.57017" lon="-118.26162"/><trkpt lat="36.57015" lon="-118.26143"/><trkpt lat="36.56995" lon="-118.26166"/><trkpt lat="36.56985" lon="-118.26165"/><trkpt lat="36.56967" lon="-118.26175"/><trkpt lat="36.56964" lon="-118.26171"/><trkpt lat="36.56959" lon="-118.26172"/><trkpt lat="36.56956" lon="-118.26179"/><trkpt lat="36.56957" lon="-118.26193"/><trkpt lat="36.56932" lon="-118.26219"/><trkpt lat="36.56926" lon="-118.26217"/><trkpt lat="36.56935" lon="-118.26201"/><trkpt lat="36.5694" lon="-118.26185"/><trkpt lat="36.56936" lon="-118.26172"/><trkpt lat="36.5694" lon="-118.26157"/><trkpt lat="36.5693" lon="-118.26131"/><trkpt lat="36.5693" lon="-118.26111"/><trkpt lat="36.56927" lon="-118.26111"/><trkpt lat="36.56921" lon="-118.26118"/><trkpt lat="36.56919" lon="-118.26115"/><trkpt lat="36.56921" lon="-118.26104"/><trkpt lat="36.56918" lon="-118.261"/><trkpt lat="36.56908" lon="-118.26114"/><trkpt lat="36.56905" lon="-118.26127"/><trkpt lat="36.56899" lon="-118.26137"/><trkpt lat="36.56902" lon="-118.26151"/><trkpt lat="36.56896" lon="-118.26166"/><trkpt lat="36.56894" lon="-118.26149"/><trkpt lat="36.5689" lon="-118.26147"/><trkpt lat="36.56866" lon="-118.26161"/><trkpt lat="36.56858" lon="-118.26173"/><trkpt lat="36.56849" lon="-118.26213"/><trkpt lat="36.56824" lon="-118.26243"/><trkpt lat="36.56811" lon="-118.26249"/><trkpt lat="36.56798" lon="-118.26277"/><trkpt lat="36.56787" lon="-118.26289"/><trkpt lat="36.56779" lon="-118.26303"/><trkpt lat="36.56777" lon="-118.26315"/><trkpt lat="36.56772" lon="-118.2632"/><trkpt lat="36.56769" lon="-118.26328"/><trkpt lat="36.56757" lon="-118.26348"/><trkpt lat="36.56758" lon="-118.26373"/><trkpt lat="36.56751" lon="-118.26382"/><trkpt lat="36.56746" lon="-118.26397"/><trkpt lat="36.56738" lon="-118.26405"/><trkpt lat="36.56739" lon="-118.26412"/><trkpt lat="36.56742" lon="-118.26415"/><trkpt lat="36.56748" lon="-118.26412"/><trkpt lat="36.56743" lon="-118.26422"/><trkpt lat="36.5674" lon="-118.26438"/><trkpt lat="36.5671" lon="-118.26464"/><trkpt lat="36.56708" lon="-118.26476"/><trkpt lat="36.56711" lon="-118.26484"/><trkpt lat="36.56729" lon="-118.26498"/><trkpt lat="36.5673" lon="-118.26502"/><trkpt lat="36.56722" lon="-118.26504"/><trkpt lat="36.56706" lon="-118.2652"/><trkpt lat="36.56707" lon="-118.26527"/><trkpt lat="36.56691" lon="-118.2659"/><trkpt lat="36.56692" lon="-118.26598"/><trkpt lat="36.56688" lon="-118.26606"/><trkpt lat="36.56689" lon="-118.26654"/><trkpt lat="36.56687" lon="-118.26679"/><trkpt lat="36.56678" lon="-118.26702"/><trkpt lat="36.56677" lon="-118.26717"/><trkpt lat="36.5668" lon="-118.26732"/><trkpt lat="36.56674" lon="-118.26758"/><trkpt lat="36.56671" lon="-118.26796"/><trkpt lat="36.56666" lon="-118.2682"/><trkpt lat="36.56668" lon="-118.26828"/><trkpt lat="36.56664" lon="-118.26838"/><trkpt lat="36.56667" lon="-118.26856"/><trkpt lat="36.56689" lon="-118.26812"/><trkpt lat="36.56695" lon="-118.26792"/><trkpt lat="36.56695" lon="-118.26777"/><trkpt lat="36.56697" lon="-118.26777"/><trkpt lat="36.567" lon="-118.26792"/><trkpt lat="36.56706" lon="-118.26773"/><trkpt lat="36.5671" lon="-118.26784"/><trkpt lat="36.56719" lon="-118.26779"/><trkpt lat="36.56734" lon="-118.26754"/><trkpt lat="36.56735" lon="-118.26745"/><trkpt lat="36.56745" lon="-118.26735"/><trkpt lat="36.56747" lon="-118.26737"/><trkpt lat="36.56746" lon="-118.26756"/><trkpt lat="36.56741" lon="-118.26778"/><trkpt lat="36.56744" lon="-118.26779"/><trkpt lat="36.56749" lon="-118.26772"/><trkpt lat="36.56748" lon="-118.26782"/><trkpt lat="36.56718" lon="-118.26853"/><trkpt lat="36.56706" lon="-118.26867"/><trkpt lat="36.56705" lon="-118.2687"/><trkpt lat="36.56707" lon="-118.26871"/><trkpt lat="36.56715" lon="-118.26865"/><trkpt lat="36.56717" lon="-118.26867"/><trkpt lat="36.56707" lon="-118.26884"/><trkpt lat="36.56679" lon="-118.26955"/><trkpt lat="36.56679" lon="-118.26975"/><trkpt lat="36.56672" lon="-118.27001"/><trkpt lat="36.5667" lon="-118.27006"/><trkpt lat="36.56653" lon="-118.27009"/><trkpt lat="36.56644" lon="-118.27014"/><trkpt lat="36.56609" lon="-118.27013"/><trkpt lat="36.56599" lon="-118.2702"/><trkpt lat="36.56587" lon="-118.27021"/><trkpt lat="36.56587" lon="-118.27039"/><trkpt lat="36.56576" lon="-118.27056"/><trkpt lat="36.56573" lon="-118.27081"/><trkpt lat="36.56554" lon="-118.27145"/><trkpt lat="36.56556" lon="-118.27146"/><trkpt lat="36.56561" lon="-118.2714"/><trkpt lat="36.56557" lon="-118.27177"/><trkpt lat="36.56551" lon="-118.27193"/><trkpt lat="36.56544" lon="-118.27195"/><trkpt lat="36.5654" lon="-118.2719"/><trkpt lat="36.56535" lon="-118.27168"/><trkpt lat="36.56533" lon="-118.27197"/><trkpt lat="36.56527" lon="-118.27207"/><trkpt lat="36.56527" lon="-118.27224"/><trkpt lat="36.56509" lon="-118.27266"/><trkpt lat="36.56496" lon="-118.27278"/><trkpt lat="36.56486" lon="-118.27307"/><trkpt lat="36.56463" lon="-118.27327"/><trkpt lat="36.56441" lon="-118.27366"/><trkpt lat="36.56429" lon="-118.27375"/><trkpt lat="36.564" lon="-118.27442"/><trkpt lat="36.56386" lon="-118.27479"/><trkpt lat="36.56387" lon="-118.27493"/><trkpt lat="36.5638" lon="-118.27518"/><trkpt lat="36.56368" lon="-118.27543"/><trkpt lat="36.56369" lon="-118.27564"/><trkpt lat="36.56346" lon="-118.2763"/><trkpt lat="36.56348" lon="-118.27641"/><trkpt lat="36.56337" lon="-118.27659"/><trkpt lat="36.56336" lon="-118.27666"/><trkpt lat="36.5635" lon="-118.27673"/><trkpt lat="36.56349" lon="-118.27679"/><trkpt lat="36.56342" lon="-118.27682"/><trkpt lat="36.56338" lon="-118.27688"/><trkpt lat="36.56339" lon="-118.27693"/><trkpt lat="36.56346" lon="-118.27703"/><trkpt lat="36.56342" lon="-118.27719"/><trkpt lat="36.56344" lon="-118.27735"/><trkpt lat="36.56331" lon="-118.27785"/><trkpt lat="36.56323" lon="-118.27825"/><trkpt lat="36.56325" lon="-118.2785"/><trkpt lat="36.56308" lon="-118.27881"/><trkpt lat="36.56308" lon="-118.27881"/><trkpt lat="36.56297" lon="-118.27918"/><trkpt lat="36.563" lon="-118.27947"/><trkpt lat="36.56292" lon="-118.27965"/><trkpt lat="36.56294" lon="-118.27975"/><trkpt lat="36.56299" lon="-118.27987"/><trkpt lat="36.56295" lon="-118.2802"/><trkpt lat="36.5628" lon="-118.28042"/><trkpt lat="36.56273" lon="-118.28044"/><trkpt lat="36.5626" lon="-118.28055"/><trkpt lat="36.5626" lon="-118.28055"/><trkpt lat="36.56257" lon="-118.28074"/><trkpt lat="36.5626" lon="-118.28084"/><trkpt lat="36.5626" lon="-118.28084"/><trkpt lat="36.56266" lon="-118.28101"/><trkpt lat="36.56264" lon="-118.28106"/><trkpt lat="36.56269" lon="-118.28109"/><trkpt lat="36.5626" lon="-118.28121"/><trkpt lat="36.5626" lon="-118.28122"/><trkpt lat="36.56271" lon="-118.28124"/><trkpt lat="36.5626" lon="-118.28132"/><trkpt lat="36.5626" lon="-118.28132"/><trkpt lat="36.56243" lon="-118.28145"/><trkpt lat="36.562585682850624" lon="-118.28147747344423"/><trkpt lat="36.5626" lon="-118.2815"/><trkpt lat="36.56249" lon="-118.28157"/><trkpt lat="36.5626" lon="-118.28158"/><trkpt lat="36.5626" lon="-118.28158"/><trkpt lat="36.56266" lon="-118.28157"/><trkpt lat="36.5626" lon="-118.28164"/><trkpt lat="36.5626" lon="-118.28164"/><trkpt lat="36.56235" lon="-118.28178"/><trkpt lat="36.56197" lon="-118.2821"/><trkpt lat="36.56209" lon="-118.28215"/><trkpt lat="36.5621" lon="-118.28218"/><trkpt lat="36.56203" lon="-118.28231"/><trkpt lat="36.56194" lon="-118.28231"/><trkpt lat="36.56198" lon="-118.28246"/><trkpt lat="36.56186" lon="-118.28239"/><trkpt lat="36.56182" lon="-118.2824"/><trkpt lat="36.56186" lon="-118.28252"/><trkpt lat="36.56168" lon="-118.28243"/><trkpt lat="36.56167" lon="-118.28246"/><trkpt lat="36.56177" lon="-118.28259"/><trkpt lat="36.56186" lon="-118.28274"/><trkpt lat="36.56186" lon="-118.28277"/><trkpt lat="36.56163" lon="-118.28258"/><trkpt lat="36.56159" lon="-118.28257"/><trkpt lat="36.56173" lon="-118.28284"/><trkpt lat="36.56171" lon="-118.28285"/><trkpt lat="36.56146" lon="-118.28266"/><trkpt lat="36.5616" lon="-118.28297"/><trkpt lat="36.56159" lon="-118.28299"/><trkpt lat="36.5614" lon="-118.28278"/><trkpt lat="36.56133" lon="-118.28267"/><trkpt lat="36.56132" lon="-118.2827"/><trkpt lat="36.56153" lon="-118.28325"/><trkpt lat="36.5615" lon="-118.28326"/><trkpt lat="36.56124" lon="-118.28295"/><trkpt lat="36.56121" lon="-118.28296"/><trkpt lat="36.56148" lon="-118.2836"/><trkpt lat="36.56129" lon="-118.28341"/><trkpt lat="36.56143" lon="-118.28379"/><trkpt lat="36.56141" lon="-118.28379"/><trkpt lat="36.56129" lon="-118.28363"/><trkpt lat="36.56136" lon="-118.28385"/><trkpt lat="36.56142" lon="-118.28424"/><trkpt lat="36.56147" lon="-118.28437"/><trkpt lat="36.56144" lon="-118.28438"/><trkpt lat="36.56133" lon="-118.28425"/><trkpt lat="36.56112" lon="-118.28409"/><trkpt lat="36.56116" lon="-118.28419"/><trkpt lat="36.56115" lon="-118.28425"/><trkpt lat="36.56136" lon="-118.28458"/><trkpt lat="36.56138" lon="-118.28465"/><trkpt lat="36.56122" lon="-118.28456"/><trkpt lat="36.56116" lon="-118.28448"/><trkpt lat="36.56103" lon="-118.28447"/><trkpt lat="36.56097" lon="-118.28451"/><trkpt lat="36.56109" lon="-118.28455"/><trkpt lat="36.56115" lon="-118.28473"/><trkpt lat="36.56119" lon="-118.28481"/><trkpt lat="36.56127" lon="-118.28487"/><trkpt lat="36.56117" lon="-118.28486"/><trkpt lat="36.56105" lon="-118.28473"/><trkpt lat="36.56101" lon="-118.28472"/><trkpt lat="36.56101" lon="-118.28475"/><trkpt lat="36.5611" lon="-118.28485"/><trkpt lat="36.5611" lon="-118.28489"/><trkpt lat="36.56101" lon="-118.28482"/><trkpt lat="36.56085" lon="-118.28489"/><trkpt lat="36.56085" lon="-118.28493"/><trkpt lat="36.56094" lon="-118.28491"/><trkpt lat="36.56091" lon="-118.28496"/><trkpt lat="36.56085" lon="-118.28498"/><trkpt lat="36.56088" lon="-118.285"/><trkpt lat="36.56101" lon="-118.285"/><trkpt lat="36.56101" lon="-118.28503"/><trkpt lat="36.56088" lon="-118.28505"/><trkpt lat="36.56102" lon="-118.28511"/><trkpt lat="36.56085" lon="-118.28511"/><trkpt lat="36.56104" lon="-118.28518"/><trkpt lat="36.56111" lon="-118.2855"/><trkpt lat="36.56105" lon="-118.28542"/><trkpt lat="36.56101" lon="-118.28532"/><trkpt lat="36.56099" lon="-118.28532"/><trkpt lat="36.56106" lon="-118.28561"/><trkpt lat="36.56106" lon="-118.28568"/><trkpt lat="36.56095" lon="-118.28545"/><trkpt lat="36.56098" lon="-118.28566"/><trkpt lat="36.56102" lon="-118.28572"/><trkpt lat="36.56101" lon="-118.286"/><trkpt lat="36.56095" lon="-118.28617"/><trkpt lat="36.56097" lon="-118.28636"/><trkpt lat="36.56099" lon="-118.2864"/><trkpt lat="36.56097" lon="-118.28683"/><trkpt lat="36.56095" lon="-118.28675"/><trkpt lat="36.56094" lon="-118.28686"/><trkpt lat="36.56092" lon="-118.28683"/><trkpt lat="36.5609" lon="-118.28661"/><trkpt lat="36.56084" lon="-118.28643"/><trkpt lat="36.56083" lon="-118.28657"/><trkpt lat="36.56082" lon="-118.28656"/><trkpt lat="36.56076" lon="-118.28625"/><trkpt lat="36.56075" lon="-118.28645"/><trkpt lat="36.56073" lon="-118.28639"/><trkpt lat="36.56066" lon="-118.28594"/><trkpt lat="36.56068" lon="-118.28584"/><trkpt lat="36.56067" lon="-118.28583"/><trkpt lat="36.56064" lon="-118.28594"/><trkpt lat="36.56063" lon="-118.28579"/><trkpt lat="36.5606" lon="-118.28588"/><trkpt lat="36.56062" lon="-118.28603"/><trkpt lat="36.56058" lon="-118.28598"/><trkpt lat="36.56059" lon="-118.28618"/><trkpt lat="36.56057" lon="-118.28612"/><trkpt lat="36.56055" lon="-118.28616"/><trkpt lat="36.56057" lon="-118.28621"/><trkpt lat="36.56053" lon="-118.28614"/><trkpt lat="36.56056" lon="-118.28625"/><trkpt lat="36.56051" lon="-118.28618"/><trkpt lat="36.56054" lon="-118.2863"/><trkpt lat="36.56049" lon="-118.2862"/><trkpt lat="36.56048" lon="-118.28622"/><trkpt lat="36.56051" lon="-118.28639"/><trkpt lat="36.56047" lon="-118.28628"/><trkpt lat="36.56047" lon="-118.28635"/><trkpt lat="36.5605" lon="-118.28644"/><trkpt lat="36.56044" lon="-118.28636"/><trkpt lat="36.56046" lon="-118.28649"/><trkpt lat="36.56043" lon="-118.28643"/><trkpt lat="36.56042" lon="-118.28646"/><trkpt lat="36.56047" lon="-118.28654"/><trkpt lat="36.56043" lon="-118.28652"/><trkpt lat="36.56045" lon="-118.2866"/><trkpt lat="36.56043" lon="-118.28661"/><trkpt lat="36.56039" lon="-118.28653"/><trkpt lat="36.56036" lon="-118.28671"/><trkpt lat="36.5605" lon="-118.28698"/><trkpt lat="36.56046" lon="-118.28698"/><trkpt lat="36.56031" lon="-118.28681"/><trkpt lat="36.56028" lon="-118.28662"/><trkpt lat="36.56019" lon="-118.28628"/><trkpt lat="36.56021" lon="-118.28668"/><trkpt lat="36.56018" lon="-118.28688"/><trkpt lat="36.5602" lon="-118.28702"/><trkpt lat="36.56015" lon="-118.28696"/><trkpt lat="36.56011" lon="-118.28683"/><trkpt lat="36.56011" lon="-118.28674"/><trkpt lat="36.56008" lon="-118.28654"/><trkpt lat="36.56006" lon="-118.28662"/><trkpt lat="36.56008" lon="-118.28675"/><trkpt lat="36.56007" lon="-118.28677"/><trkpt lat="36.56002" lon="-118.28658"/><trkpt lat="36.56" lon="-118.28657"/><trkpt lat="36.56003" lon="-118.28681"/><trkpt lat="36.56001" lon="-118.28683"/><trkpt lat="36.55999" lon="-118.28667"/><trkpt lat="36.55995" lon="-118.28695"/><trkpt lat="36.55993" lon="-118.28697"/><trkpt lat="36.55993" lon="-118.28673"/><trkpt lat="36.55991" lon="-118.28667"/><trkpt lat="36.5599" lon="-118.28669"/><trkpt lat="36.55987" lon="-118.28698"/><trkpt lat="36.55984" lon="-118.28683"/><trkpt lat="36.55985" lon="-118.28666"/><trkpt lat="36.55982" lon="-118.28675"/><trkpt lat="36.55977" lon="-118.28664"/><trkpt lat="36.55965" lon="-118.2866"/><trkpt lat="36.55955" lon="-118.28645"/><trkpt lat="36.5596" lon="-118.28662"/><trkpt lat="36.55973" lon="-118.28676"/><trkpt lat="36.55973" lon="-118.28688"/><trkpt lat="36.55968" lon="-118.2871"/><trkpt lat="36.5597" lon="-118.28726"/><trkpt lat="36.55975" lon="-118.28739"/><trkpt lat="36.55991" lon="-118.28765"/><trkpt lat="36.55994" lon="-118.28776"/><trkpt lat="36.55993" lon="-118.28801"/><trkpt lat="36.56" lon="-118.28861"/><trkpt lat="36.5597" lon="-118.28807"/><trkpt lat="36.55968" lon="-118.28846"/><trkpt lat="36.55947" lon="-118.28796"/><trkpt lat="36.55945" lon="-118.28824"/><trkpt lat="36.5595" lon="-118.28845"/><trkpt lat="36.55906" lon="-118.28764"/><trkpt lat="36.55886" lon="-118.28737"/><trkpt lat="36.55887" lon="-118.28756"/><trkpt lat="36.55894" lon="-118.28783"/><trkpt lat="36.55864" lon="-118.2874"/><trkpt lat="36.55858" lon="-118.28736"/><trkpt lat="36.55862" lon="-118.2877"/><trkpt lat="36.55875" lon="-118.28817"/><trkpt lat="36.55881" lon="-118.28872"/><trkpt lat="36.55892" lon="-118.28935"/><trkpt lat="36.55886" lon="-118.29045"/><trkpt lat="36.55891" lon="-118.29109"/><trkpt lat="36.55905" lon="-118.29135"/><trkpt lat="36.55927" lon="-118.29147"/><trkpt lat="36.55934" lon="-118.29158"/><trkpt lat="36.55944" lon="-118.29166"/><trkpt lat="36.55946" lon="-118.29173"/><trkpt lat="36.55962" lon="-118.29186"/><trkpt lat="36.55967" lon="-118.29196"/><trkpt lat="36.55967" lon="-118.29206"/><trkpt lat="36.55971" lon="-118.29212"/><trkpt lat="36.55984" lon="-118.29214"/><trkpt lat="36.5599" lon="-118.29221"/><trkpt lat="36.5599" lon="-118.29229"/><trkpt lat="36.55999" lon="-118.2924"/><trkpt lat="36.56006" lon="-118.29254"/><trkpt lat="36.56026" lon="-118.29266"/><trkpt lat="36.56038" lon="-118.29283"/><trkpt lat="36.56048" lon="-118.29309"/><trkpt lat="36.56052" lon="-118.29312"/><trkpt lat="36.56057" lon="-118.29311"/><trkpt lat="36.56057" lon="-118.29311"/><trkpt lat="36.56064" lon="-118.29295"/><trkpt lat="36.56069" lon="-118.29292"/><trkpt lat="36.56082" lon="-118.29292"/><trkpt lat="36.56093" lon="-118.29297"/><trkpt lat="36.56129" lon="-118.29263"/><trkpt lat="36.56155" lon="-118.29252"/><trkpt lat="36.56179" lon="-118.29254"/><trkpt lat="36.56192" lon="-118.29248"/><trkpt lat="36.56207" lon="-118.29249"/><trkpt lat="36.56224" lon="-118.29254"/><trkpt lat="36.5626" lon="-118.29274"/><trkpt lat="36.5626" lon="-118.29274"/><trkpt lat="36.56265" lon="-118.29278"/><trkpt lat="36.56289" lon="-118.29308"/><trkpt lat="36.56309" lon="-118.29323"/><trkpt lat="36.56277" lon="-118.29254"/><trkpt lat="36.56276" lon="-118.29244"/><trkpt lat="36.5627" lon="-118.2924"/><trkpt lat="36.56269" lon="-118.29233"/><trkpt lat="36.5626" lon="-118.29224"/><trkpt lat="36.5626" lon="-118.29224"/><trkpt lat="36.56251" lon="-118.29203"/><trkpt lat="36.5626" lon="-118.29209"/><trkpt lat="36.5626" lon="-118.29209"/><trkpt lat="36.56295" lon="-118.29229"/><trkpt lat="36.56315" lon="-118.29247"/><trkpt lat="36.56327" lon="-118.2925"/><trkpt lat="36.56335" lon="-118.29259"/><trkpt lat="36.56344" lon="-118.29264"/><trkpt lat="36.56353" lon="-118.29266"/><trkpt lat="36.56364" lon="-118.29257"/><trkpt lat="36.56373" lon="-118.29255"/><trkpt lat="36.56382" lon="-118.29267"/><trkpt lat="36.56385" lon="-118.29267"/><trkpt lat="36.56394" lon="-118.29257"/><trkpt lat="36.56404" lon="-118.29255"/><trkpt lat="36.56408" lon="-118.2926"/><trkpt lat="36.56411" lon="-118.29272"/><trkpt lat="36.56415" lon="-118.29274"/><trkpt lat="36.56428" lon="-118.29257"/><trkpt lat="36.56437" lon="-118.29252"/><trkpt lat="36.56442" lon="-118.2925"/><trkpt lat="36.5645" lon="-118.29255"/><trkpt lat="36.56455" lon="-118.29246"/><trkpt lat="36.56479" lon="-118.29243"/><trkpt lat="36.56484" lon="-118.29245"/><trkpt lat="36.56494" lon="-118.29258"/><trkpt lat="36.56501" lon="-118.2925"/><trkpt lat="36.56514" lon="-118.29253"/><trkpt lat="36.56518" lon="-118.29251"/><trkpt lat="36.5653" lon="-118.29257"/><trkpt lat="36.56534" lon="-118.29269"/><trkpt lat="36.56541" lon="-118.29271"/><trkpt lat="36.56545" lon="-118.29277"/><trkpt lat="36.56548" lon="-118.29277"/><trkpt lat="36.56564" lon="-118.2926"/><trkpt lat="36.56573" lon="-118.29256"/><trkpt lat="36.56597" lon="-118.29238"/><trkpt lat="36.56615" lon="-118.29247"/><trkpt lat="36.56622" lon="-118.29246"/><trkpt lat="36.56628" lon="-118.29248"/><trkpt lat="36.56633" lon="-118.29245"/><trkpt lat="36.5664" lon="-118.29256"/><trkpt lat="36.56644" lon="-118.29256"/><trkpt lat="36.56647" lon="-118.29252"/><trkpt lat="36.56653" lon="-118.29252"/><trkpt lat="36.56661" lon="-118.29268"/><trkpt lat="36.56665" lon="-118.2927"/><trkpt lat="36.56673" lon="-118.29265"/><trkpt lat="36.56679" lon="-118.29272"/><trkpt lat="36.56696" lon="-118.29276"/><trkpt lat="36.56702" lon="-118.29282"/><trkpt lat="36.56703" lon="-118.29288"/><trkpt lat="36.56708" lon="-118.29292"/><trkpt lat="36.56759" lon="-118.29302"/><trkpt lat="36.56771" lon="-118.29301"/><trkpt lat="36.56836" lon="-118.29274"/><trkpt lat="36.56874" lon="-118.29271"/><trkpt lat="36.56945" lon="-118.29255"/><trkpt lat="36.56964" lon="-118.29257"/><trkpt lat="36.57007" lon="-118.29253"/><trkpt lat="36.57042" lon="-118.29245"/><trkpt lat="36.57091" lon="-118.29244"/><trkpt lat="36.57113" lon="-118.29233"/><trkpt lat="36.5714" lon="-118.29199"/><trkpt lat="36.57156" lon="-118.29188"/><trkpt lat="36.57179" lon="-118.2918"/><trkpt lat="36.57218" lon="-118.29157"/><trkpt lat="36.57235" lon="-118.29154"/><trkpt lat="36.57248" lon="-118.29148"/><trkpt lat="36.57277" lon="-118.29148"/><trkpt lat="36.57328" lon="-118.29162"/><trkpt lat="36.57355" lon="-118.29166"/><trkpt lat="36.57382" lon="-118.29181"/><trkpt lat="36.57404" lon="-118.29204"/><trkpt lat="36.57427" lon="-118.29216"/><trkpt lat="36.5745" lon="-118.29242"/><trkpt lat="36.57459" lon="-118.29246"/><trkpt lat="36.5747" lon="-118.29259"/><trkpt lat="36.57479" lon="-118.29262"/><trkpt lat="36.57484" lon="-118.29267"/><trkpt lat="36.57503" lon="-118.29302"/><trkpt lat="36.57542" lon="-118.29344"/><trkpt lat="36.57585" lon="-118.29399"/><trkpt lat="36.57613" lon="-118.29458"/><trkpt lat="36.57637" lon="-118.29535"/><trkpt lat="36.57651" lon="-118.2961"/><trkpt lat="36.57651" lon="-118.29638"/><trkpt lat="36.57657" lon="-118.29667"/><trkpt lat="36.57655" lon="-118.29681"/><trkpt lat="36.57661" lon="-118.29694"/><trkpt lat="36.57684" lon="-118.2971"/><trkpt lat="36.5769" lon="-118.29708"/><trkpt lat="36.57705" lon="-118.29713"/><trkpt lat="36.57712" lon="-118.29712"/><trkpt lat="36.57716" lon="-118.29694"/><trkpt lat="36.57725" lon="-118.29681"/><trkpt lat="36.57738" lon="-118.29674"/><trkpt lat="36.57764" lon="-118.29665"/><trkpt lat="36.57763" lon="-118.29647"/><trkpt lat="36.57782" lon="-118.29636"/><trkpt lat="36.5782" lon="-118.29599"/><trkpt lat="36.5782" lon="-118.29599"/><trkpt lat="36.57816" lon="-118.29576"/><trkpt lat="36.57824" lon="-118.29535"/><trkpt lat="36.57835" lon="-118.29515"/><trkpt lat="36.57839" lon="-118.29478"/><trkpt lat="36.57848" lon="-118.29442"/><trkpt lat="36.57847" lon="-118.29368"/><trkpt lat="36.57850688105535" lon="-118.29340953892746"/><trkpt lat="36.57851285009518" lon="-118.29336576596863"/><trkpt lat="36.57853" lon="-118.29324"/><trkpt lat="36.57848" lon="-118.29247"/><trkpt lat="36.57848" lon="-118.29247"/><trkpt lat="36.57848" lon="-118.29247"/><trkpt lat="36.5785" lon="-118.29234"/><trkpt lat="36.57852884697231" lon="-118.29227589561708"/><trkpt lat="36.57858375502855" lon="-118.29236984252931"/><trkpt lat="36.578499041" lon="-118.292230368"/><trkpt lat="36.578383539" lon="-118.292494481"/><trkpt lat="36.578276586" lon="-118.292708891"/><trkpt lat="36.578134513" lon="-118.2929492"/><trkpt lat="36.578007611" lon="-118.293030253"/><trkpt lat="36.57787811" lon="-118.293094626"/><trkpt lat="36.577790603" lon="-118.293252792"/><trkpt lat="36.577799236" lon="-118.293445744"/><trkpt lat="36.577800242" lon="-118.293602066"/><trkpt lat="36.577748945" lon="-118.293627799"/><trkpt lat="36.577616846" lon="-118.293692172"/><trkpt lat="36.577597233" lon="-118.293771632"/><trkpt lat="36.57768474" lon="-118.293862827"/><trkpt lat="36.577696893" lon="-118.29397615"/><trkpt lat="36.577570159" lon="-118.294040523"/><trkpt lat="36.577462619" lon="-118.294065334"/><trkpt lat="36.577399839" lon="-118.294164073"/><trkpt lat="36.577436468" lon="-118.29425443"/><trkpt lat="36.577539984" lon="-118.294352582"/><trkpt lat="36.577635454" lon="-118.294453919"/><trkpt lat="36.577575104" lon="-118.294579312"/><trkpt lat="36.577445939" lon="-118.294617031"/><trkpt lat="36.57723899" lon="-118.294656845"/><trkpt lat="36.577091385" lon="-118.294661036"/><trkpt lat="36.576991137" lon="-118.294759104"/><trkpt lat="36.576897176" lon="-118.295006957"/><trkpt lat="36.576780584" lon="-118.295374084"/><trkpt lat="36.576681091" lon="-118.295641802"/><trkpt lat="36.576600876" lon="-118.295869874"/><trkpt lat="36.576545723" lon="-118.296008594"/><trkpt lat="36.576454528" lon="-118.296007086"/><trkpt lat="36.576414043" lon="-118.29581162"/><trkpt lat="36.576408595" lon="-118.295602072"/><trkpt lat="36.576402476" lon="-118.295284649"/><trkpt lat="36.576356795" lon="-118.294984242"/><trkpt lat="36.576219918" lon="-118.294549724"/><trkpt lat="36.576115815" lon="-118.294359874"/><trkpt lat="36.575956391" lon="-118.294012947"/><trkpt lat="36.575852456" lon="-118.293874227"/><trkpt lat="36.575749023" lon="-118.293741122"/><trkpt lat="36.575515" lon="-118.293427471"/><trkpt lat="36.575332861" lon="-118.293231586"/><trkpt lat="36.575095067" lon="-118.292975519"/><trkpt lat="36.574992556" lon="-118.292802433"/><trkpt lat="36.574881915" lon="-118.292590706"/><trkpt lat="36.574722994" lon="-118.292499594"/><trkpt lat="36.574523337" lon="-118.29231184"/><trkpt lat="36.574363243" lon="-118.292158283"/><trkpt lat="36.57421371" lon="-118.292020317"/><trkpt lat="36.57397449" lon="-118.291849578"/><trkpt lat="36.573800398" lon="-118.291692333"/><trkpt lat="36.573599316" lon="-118.291590074"/><trkpt lat="36.573444922" lon="-118.291574148"/><trkpt lat="36.573223136" lon="-118.291503908"/><trkpt lat="36.57304368" lon="-118.291477673"/><trkpt lat="36.572859446" lon="-118.29140475"/><trkpt lat="36.572658867" lon="-118.291351525"/><trkpt lat="36.572527019" lon="-118.291377174"/><trkpt lat="36.572375474" lon="-118.291456634"/><trkpt lat="36.572218062" lon="-118.291472057"/><trkpt lat="36.572060483" lon="-118.291545482"/><trkpt lat="36.571926121" lon="-118.291632654"/><trkpt lat="36.571803158" lon="-118.291725107"/><trkpt lat="36.571679693" lon="-118.291752767"/><trkpt lat="36.571527813" lon="-118.291798113"/><trkpt lat="36.571437791" lon="-118.291861983"/><trkpt lat="36.571379118" lon="-118.291976228"/><trkpt lat="36.571244253" lon="-118.29211805"/><trkpt lat="36.571172336" lon="-118.292230535"/><trkpt lat="36.571057169" lon="-118.292318378"/><trkpt lat="36.570931356" lon="-118.29234981"/><trkpt lat="36.570804287" lon="-118.292367831"/><trkpt lat="36.570732202" lon="-118.292357521"/><trkpt lat="36.570554003" lon="-118.292349391"/><trkpt lat="36.570404219" lon="-118.292387696"/><trkpt lat="36.570251919" lon="-118.292399012"/><trkpt lat="36.570110852" lon="-118.292442849"/><trkpt lat="36.569988308" lon="-118.29244989"/><trkpt lat="36.569756381" lon="-118.292458858"/><trkpt lat="36.569582205" lon="-118.292469839"/><trkpt lat="36.569477012" lon="-118.292457517"/><trkpt lat="36.569358157" lon="-118.292505378"/><trkpt lat="36.569288503" lon="-118.292522058"/><trkpt lat="36.569248103" lon="-118.292518537"/><trkpt lat="36.568971081" lon="-118.292576792"/><trkpt lat="36.568757845" lon="-118.292614007"/><trkpt lat="36.568549722" lon="-118.292631106"/><trkpt lat="36.568283262" lon="-118.292682488"/><trkpt lat="36.568070697" lon="-118.292772844"/><trkpt lat="36.567900795" lon="-118.292855825"/><trkpt lat="36.56773081" lon="-118.292938722"/><trkpt lat="36.567602567" lon="-118.292934364"/><trkpt lat="36.567383297" lon="-118.292905195"/><trkpt lat="36.5670963" lon="-118.292821543"/><trkpt lat="36.566898739" lon="-118.292738395"/><trkpt lat="36.566652227" lon="-118.292565225"/><trkpt lat="36.56657327" lon="-118.292458775"/><trkpt lat="36.566483835" lon="-118.292478975"/><trkpt lat="36.566405045" lon="-118.292387445"/><trkpt lat="36.566282166" lon="-118.29235618"/><trkpt lat="36.566139003" lon="-118.292377386"/><trkpt lat="36.566072702" lon="-118.292326508"/><trkpt lat="36.565992068" lon="-118.292331705"/><trkpt lat="36.565858293" lon="-118.292389959"/><trkpt lat="36.565772882" lon="-118.292495739"/><trkpt lat="36.565642459" lon="-118.292587437"/><trkpt lat="36.565523855" lon="-118.292663964"/><trkpt lat="36.565436684" lon="-118.292620964"/><trkpt lat="36.565382537" lon="-118.292588443"/><trkpt lat="36.565339454" lon="-118.292485094"/><trkpt lat="36.565192267" lon="-118.292420805"/><trkpt lat="36.565078944" lon="-118.292437736"/><trkpt lat="36.565001411" lon="-118.292457769"/><trkpt lat="36.564962519" lon="-118.292447291"/><trkpt lat="36.564955059" lon="-118.292410243"/><trkpt lat="36.564855482" lon="-118.292326424"/><trkpt lat="36.5647119" lon="-118.292317959"/><trkpt lat="36.564634955" lon="-118.292378895"/><trkpt lat="36.564522218" lon="-118.292447878"/><trkpt lat="36.564463293" lon="-118.292515939"/><trkpt lat="36.564383246" lon="-118.292573188"/><trkpt lat="36.564287692" lon="-118.29257872"/><trkpt lat="36.564179398" lon="-118.292517448"/><trkpt lat="36.564106978" lon="-118.292459194"/><trkpt lat="36.563999858" lon="-118.292494649"/><trkpt lat="36.563892653" lon="-118.292530105"/><trkpt lat="36.5638173" lon="-118.292471934"/><trkpt lat="36.563751418" lon="-118.292458272"/><trkpt lat="36.563739516" lon="-118.292465983"/><trkpt lat="36.563650584" lon="-118.292527087"/><trkpt lat="36.563638765" lon="-118.292534798"/><trkpt lat="36.563546648" lon="-118.292581066"/><trkpt lat="36.563540697" lon="-118.292581234"/><trkpt lat="36.563456627" lon="-118.292545527"/><trkpt lat="36.563450508" lon="-118.292538235"/><trkpt lat="36.563368868" lon="-118.292454164"/><trkpt lat="36.563287647" lon="-118.292407226"/><trkpt lat="36.563185723" lon="-118.292383086"/><trkpt lat="36.563079692" lon="-118.292255681"/><trkpt lat="36.562940972" lon="-118.29215032"/><trkpt lat="36.562799904" lon="-118.292100783"/><trkpt lat="36.562724467" lon="-118.292035237"/><trkpt lat="36.56262246" lon="-118.292003637"/><trkpt lat="36.562589016" lon="-118.29195586"/><trkpt lat="36.562544005" lon="-118.291938091"/><trkpt lat="36.562532606" lon="-118.291986622"/><trkpt lat="36.562626483" lon="-118.292092821"/><trkpt lat="36.562726982" lon="-118.292250987"/><trkpt lat="36.562806023" lon="-118.292364813"/><trkpt lat="36.562870899" lon="-118.292545946"/><trkpt lat="36.562941559" lon="-118.292704616"/><trkpt lat="36.563012218" lon="-118.292870745"/><trkpt lat="36.563076507" lon="-118.293003514"/><trkpt lat="36.563110203" lon="-118.293073587"/><trkpt lat="36.563095618" lon="-118.293103594"/><trkpt lat="36.562986989" lon="-118.293012567"/><trkpt lat="36.562865702" lon="-118.292862279"/><trkpt lat="36.562711643" lon="-118.292723726"/><trkpt lat="36.562620951" lon="-118.292636052"/><trkpt lat="36.562485248" lon="-118.292530691"/><trkpt lat="36.562308054" lon="-118.292455841"/><trkpt lat="36.562169837" lon="-118.292387612"/><trkpt lat="36.562047126" lon="-118.292375039"/><trkpt lat="36.561901113" lon="-118.292407477"/><trkpt lat="36.561760716" lon="-118.292409992"/><trkpt lat="36.561592072" lon="-118.292401778"/><trkpt lat="36.561452514" lon="-118.292471347"/><trkpt lat="36.561318906" lon="-118.292544438"/><trkpt lat="36.561206337" lon="-118.292632112"/><trkpt lat="36.561079184" lon="-118.292742334"/><trkpt lat="36.561011374" lon="-118.292825399"/><trkpt lat="36.560942894" lon="-118.292841576"/><trkpt lat="36.560864775" lon="-118.292805785"/><trkpt lat="36.560769388" lon="-118.292826153"/><trkpt lat="36.560624549" lon="-118.292803271"/><trkpt lat="36.560543831" lon="-118.292828584"/><trkpt lat="36.560519021" lon="-118.292891281"/><trkpt lat="36.560540395" lon="-118.292915924"/><trkpt lat="36.560577527" lon="-118.292938806"/><trkpt lat="36.560647013" lon="-118.292959929"/><trkpt lat="36.560729994" lon="-118.292971328"/><trkpt lat="36.561192842" lon="-118.293091524"/><trkpt lat="36.561405826" lon="-118.293165704"/><trkpt lat="36.561568268" lon="-118.29325581"/><trkpt lat="36.561715789" lon="-118.293349771"/><trkpt lat="36.561860796" lon="-118.293481115"/><trkpt lat="36.561975544" lon="-118.293583123"/><trkpt lat="36.562087359" lon="-118.293685298"/><trkpt lat="36.562178554" lon="-118.293821253"/><trkpt lat="36.562248627" lon="-118.293931559"/><trkpt lat="36.562261116" lon="-118.293975983"/><trkpt lat="36.56217671" lon="-118.293918064"/><trkpt lat="36.562071852" lon="-118.293897612"/><trkpt lat="36.561936904" lon="-118.293855451"/><trkpt lat="36.561787454" lon="-118.293850757"/><trkpt lat="36.56165259" lon="-118.293819744"/><trkpt lat="36.56148822" lon="-118.293815302"/><trkpt lat="36.561377831" lon="-118.293832149"/><trkpt lat="36.561297029" lon="-118.293818822"/><trkpt lat="36.56128563" lon="-118.293863665"/><trkpt lat="36.561405826" lon="-118.293920998"/><trkpt lat="36.561507918" lon="-118.293967433"/><trkpt lat="36.561592072" lon="-118.29400314"/><trkpt lat="36.561688464" lon="-118.294072039"/><trkpt lat="36.561767003" lon="-118.294141274"/><trkpt lat="36.561836489" lon="-118.294206988"/><trkpt lat="36.561746718" lon="-118.294197433"/><trkpt lat="36.561600035" lon="-118.294174131"/><trkpt lat="36.561527532" lon="-118.294104729"/><trkpt lat="36.561488975" lon="-118.294135239"/><trkpt lat="36.561408509" lon="-118.294147812"/><trkpt lat="36.561321421" lon="-118.294112273"/><trkpt lat="36.561237434" lon="-118.294087714"/><trkpt lat="36.561147915" lon="-118.29409685"/><trkpt lat="36.561100306" lon="-118.294116296"/><trkpt lat="36.561065773" lon="-118.294126689"/><trkpt lat="36.560978433" lon="-118.29406877"/><trkpt lat="36.560857985" lon="-118.293989142"/><trkpt lat="36.560782967" lon="-118.2939645"/><trkpt lat="36.560705015" lon="-118.293939857"/><trkpt lat="36.560651204" lon="-118.293937091"/><trkpt lat="36.560582304" lon="-118.293923512"/><trkpt lat="36.560507035" lon="-118.29387649"/><trkpt lat="36.560444087" lon="-118.293862743"/><trkpt lat="36.560345767" lon="-118.293886883"/><trkpt lat="36.560289357" lon="-118.293913957"/><trkpt lat="36.56025717" lon="-118.293977827"/><trkpt lat="36.560275946" lon="-118.294044463"/><trkpt lat="36.56031467" lon="-118.294040021"/><trkpt lat="36.560364878" lon="-118.293983275"/><trkpt lat="36.560463198" lon="-118.293962907"/><trkpt lat="36.560550286" lon="-118.293994758"/><trkpt lat="36.560691856" lon="-118.294092659"/><trkpt lat="36.560836611" lon="-118.294205312"/><trkpt lat="36.560994107" lon="-118.294384768"/><trkpt lat="36.561136097" lon="-118.294516029"/><trkpt lat="36.561178425" lon="-118.29455995"/><trkpt lat="36.56125051" lon="-118.294584677"/><trkpt lat="36.561296359" lon="-118.294673106"/><trkpt lat="36.561407251" lon="-118.29470085"/><trkpt lat="36.561551001" lon="-118.294728007"/><trkpt lat="36.561668934" lon="-118.294844851"/><trkpt lat="36.561765494" lon="-118.294924982"/><trkpt lat="36.561844284" lon="-118.295016512"/><trkpt lat="36.561877644" lon="-118.295060517"/><trkpt lat="36.561784772" lon="-118.295039898"/><trkpt lat="36.561631467" lon="-118.294964628"/><trkpt lat="36.561490819" lon="-118.294944847"/><trkpt lat="36.561350673" lon="-118.294969741"/><trkpt lat="36.561287893" lon="-118.294967143"/><trkpt lat="36.561204661" lon="-118.295009639"/><trkpt lat="36.561153112" lon="-118.294947278"/><trkpt lat="36.561101731" lon="-118.294896148"/><trkpt lat="36.561017912" lon="-118.294879133"/><trkpt lat="36.560946498" lon="-118.294910146"/><trkpt lat="36.560829319" lon="-118.294852814"/><trkpt lat="36.560676182" lon="-118.294788608"/><trkpt lat="36.560574006" lon="-118.294745861"/><trkpt lat="36.560454145" lon="-118.294710824"/><trkpt lat="36.560391448" lon="-118.294715686"/><trkpt lat="36.56027142" lon="-118.294673273"/><trkpt lat="36.560208891" lon="-118.294692971"/><trkpt lat="36.560167903" lon="-118.294764385"/><trkpt lat="36.560108475" lon="-118.294799002"/><trkpt lat="36.560081905" lon="-118.294825489"/><trkpt lat="36.560033876" lon="-118.294807803"/><trkpt lat="36.559992135" lon="-118.294816017"/><trkpt lat="36.560013676" lon="-118.29486765"/><trkpt lat="36.560115349" lon="-118.294873266"/><trkpt lat="36.560213668" lon="-118.294849126"/><trkpt lat="36.560321543" lon="-118.294869494"/><trkpt lat="36.560421037" lon="-118.294949541"/><trkpt lat="36.560554393" lon="-118.295107037"/><trkpt lat="36.56068733" lon="-118.295227401"/><trkpt lat="36.560832169" lon="-118.295351202"/><trkpt lat="36.560938032" lon="-118.295457233"/><trkpt lat="36.561041297" lon="-118.295596708"/><trkpt lat="36.561119501" lon="-118.295643646"/><trkpt lat="36.561182532" lon="-118.295664769"/><trkpt lat="36.561245481" lon="-118.295682203"/><trkpt lat="36.561300382" lon="-118.295675581"/><trkpt lat="36.561429715" lon="-118.295747666"/><trkpt lat="36.561526777" lon="-118.295868617"/><trkpt lat="36.56165041" lon="-118.295963164"/><trkpt lat="36.561753508" lon="-118.296091491"/><trkpt lat="36.561877392" lon="-118.296204563"/><trkpt lat="36.561967498" lon="-118.296243791"/><trkpt lat="36.562021812" lon="-118.296291148"/><trkpt lat="36.56200421" lon="-118.296317551"/><trkpt lat="36.561935646" lon="-118.296329957"/><trkpt lat="36.561872447" lon="-118.296293914"/><trkpt lat="36.561812852" lon="-118.29630984"/><trkpt lat="36.561740935" lon="-118.296292573"/><trkpt lat="36.561660049" lon="-118.296271702"/><trkpt lat="36.561558209" lon="-118.29625125"/><trkpt lat="36.561426362" lon="-118.296223925"/><trkpt lat="36.561327288" lon="-118.296181094"/><trkpt lat="36.561234333" lon="-118.296156703"/><trkpt lat="36.561088152" lon="-118.296174305"/><trkpt lat="36.560959406" lon="-118.296158044"/><trkpt lat="36.560860667" lon="-118.296144968"/><trkpt lat="36.560818674" lon="-118.296130886"/><trkpt lat="36.560737621" lon="-118.296098867"/><trkpt lat="36.560665453" lon="-118.296059221"/><trkpt lat="36.560572665" lon="-118.296046061"/><trkpt lat="36.560509801" lon="-118.296043463"/><trkpt lat="36.56047116" lon="-118.296055365"/><trkpt lat="36.560621699" lon="-118.296153015"/><trkpt lat="36.560748434" lon="-118.296258627"/><trkpt lat="36.560866032" lon="-118.296349486"/><trkpt lat="36.561034257" lon="-118.296420816"/><trkpt lat="36.561190663" lon="-118.296507234"/><trkpt lat="36.561314883" lon="-118.296653749"/><trkpt lat="36.561417812" lon="-118.296763552"/><trkpt lat="36.561519653" lon="-118.296784004"/><trkpt lat="36.561637418" lon="-118.296893472"/><trkpt lat="36.561827436" lon="-118.297015261"/><trkpt lat="36.561990045" lon="-118.297120202"/><trkpt lat="36.562200179" lon="-118.297198238"/><trkpt lat="36.562323477" lon="-118.297270406"/><trkpt lat="36.56243789" lon="-118.297342742"/><trkpt lat="36.562548783" lon="-118.297370486"/><trkpt lat="36.562659675" lon="-118.297394458"/><trkpt lat="36.562764701" lon="-118.297433518"/><trkpt lat="36.562788757" lon="-118.297444163"/><trkpt lat="36.562639391" lon="-118.297450617"/><trkpt lat="36.562516848" lon="-118.297449192"/><trkpt lat="36.562385587" lon="-118.297466459"/><trkpt lat="36.562295649" lon="-118.297442067"/><trkpt lat="36.562235719" lon="-118.297428237"/><trkpt lat="36.562137064" lon="-118.297422621"/><trkpt lat="36.562056681" lon="-118.297450114"/><trkpt lat="36.561910249" lon="-118.297445336"/><trkpt lat="36.561796088" lon="-118.297399068"/><trkpt lat="36.561652338" lon="-118.297368223"/><trkpt lat="36.561550247" lon="-118.297329163"/><trkpt lat="36.561385877" lon="-118.297328409"/><trkpt lat="36.561272386" lon="-118.297330504"/><trkpt lat="36.561107934" lon="-118.297326062"/><trkpt lat="36.561054206" lon="-118.297330756"/><trkpt lat="36.561003244" lon="-118.29734182"/><trkpt lat="36.561154034" lon="-118.297454389"/><trkpt lat="36.561304322" lon="-118.297533514"/><trkpt lat="36.561466847" lon="-118.297630996"/><trkpt lat="36.561608333" lon="-118.297721436"/><trkpt lat="36.561743617" lon="-118.297789581"/><trkpt lat="36.561924331" lon="-118.297909107"/><trkpt lat="36.562069003" lon="-118.298014384"/><trkpt lat="36.562177632" lon="-118.298101639"/><trkpt lat="36.562342336" lon="-118.298135838"/><trkpt lat="36.5624741" lon="-118.298159475"/><trkpt lat="36.562612485" lon="-118.298238851"/><trkpt lat="36.562765371" lon="-118.298280677"/><trkpt lat="36.562884729" lon="-118.298336165"/><trkpt lat="36.56308556" lon="-118.298392072"/><trkpt lat="36.563196201" lon="-118.298401209"/><trkpt lat="36.563429218" lon="-118.298465246"/><trkpt lat="36.563534411" lon="-118.298519142"/><trkpt lat="36.563588725" lon="-118.298559124"/><trkpt lat="36.563672461" lon="-118.298568679"/><trkpt lat="36.563768685" lon="-118.298619054"/><trkpt lat="36.563870274" lon="-118.298613438"/><trkpt lat="36.563948477" lon="-118.298656689"/><trkpt lat="36.564056184" lon="-118.298669597"/><trkpt lat="36.564169927" lon="-118.298689881"/><trkpt lat="36.564275455" lon="-118.298766073"/><trkpt lat="36.564342007" lon="-118.298835559"/><trkpt lat="36.564406883" lon="-118.298862129"/><trkpt lat="36.564487601" lon="-118.298876714"/><trkpt lat="36.564574353" lon="-118.298898675"/><trkpt lat="36.564646019" lon="-118.298898423"/><trkpt lat="36.564735705" lon="-118.298890628"/><trkpt lat="36.564664124" lon="-118.298946703"/><trkpt lat="36.564496988" lon="-118.299032869"/><trkpt lat="36.564452229" lon="-118.299051644"/><trkpt lat="36.564425407" lon="-118.299066648"/><trkpt lat="36.564317951" lon="-118.29912289"/><trkpt lat="36.564222565" lon="-118.299205117"/><trkpt lat="36.564252572" lon="-118.299249625"/><trkpt lat="36.564297415" lon="-118.299271753"/><trkpt lat="36.564321304" lon="-118.299282817"/><trkpt lat="36.564297499" lon="-118.299323805"/><trkpt lat="36.564243771" lon="-118.299342664"/><trkpt lat="36.564205047" lon="-118.299365127"/><trkpt lat="36.564231953" lon="-118.299398487"/><trkpt lat="36.564252991" lon="-118.299431931"/><trkpt lat="36.564306887" lon="-118.299468895"/><trkpt lat="36.564363716" lon="-118.299479876"/><trkpt lat="36.564402608" lon="-118.299502004"/><trkpt lat="36.564438483" lon="-118.299512984"/><trkpt lat="36.564444518" lon="-118.29954274"/><trkpt lat="36.564396741" lon="-118.299565287"/><trkpt lat="36.564340079" lon="-118.299591523"/><trkpt lat="36.564319208" lon="-118.29963251"/><trkpt lat="36.564340247" lon="-118.299662182"/><trkpt lat="36.564388108" lon="-118.29969177"/><trkpt lat="36.564426916" lon="-118.299680455"/><trkpt lat="36.564453822" lon="-118.299672911"/><trkpt lat="36.564459857" lon="-118.299721275"/><trkpt lat="36.564439069" lon="-118.29977341"/><trkpt lat="36.56439146" lon="-118.299836861"/><trkpt lat="36.564352736" lon="-118.29988908"/><trkpt lat="36.564424569" lon="-118.299925961"/><trkpt lat="36.564484332" lon="-118.299940629"/><trkpt lat="36.56457385" lon="-118.29988447"/><trkpt lat="36.564621627" lon="-118.299858235"/><trkpt lat="36.564693209" lon="-118.299835688"/><trkpt lat="36.564749954" lon="-118.2998206"/><trkpt lat="36.564788846" lon="-118.29982412"/><trkpt lat="36.564806867" lon="-118.29986494"/><trkpt lat="36.564747272" lon="-118.299928475"/><trkpt lat="36.564717516" lon="-118.299976923"/><trkpt lat="36.564681726" lon="-118.300021682"/><trkpt lat="36.564723635" lon="-118.300036434"/><trkpt lat="36.564756408" lon="-118.300013971"/><trkpt lat="36.564786248" lon="-118.300002739"/><trkpt lat="36.564771496" lon="-118.300066022"/><trkpt lat="36.564759677" lon="-118.30010701"/><trkpt lat="36.564789601" lon="-118.300121762"/><trkpt lat="36.564822374" lon="-118.300106758"/><trkpt lat="36.564807622" lon="-118.300158894"/><trkpt lat="36.564768814" lon="-118.300196193"/><trkpt lat="36.564736124" lon="-118.300263332"/><trkpt lat="36.564783985" lon="-118.300263081"/><trkpt lat="36.564819776" lon="-118.300233241"/><trkpt lat="36.564846598" lon="-118.300210778"/><trkpt lat="36.564831762" lon="-118.300277833"/><trkpt lat="36.564790187" lon="-118.30034866"/><trkpt lat="36.564757498" lon="-118.300426947"/><trkpt lat="36.564736795" lon="-118.300505066"/><trkpt lat="36.56478147" lon="-118.300475143"/><trkpt lat="36.564820362" lon="-118.300471287"/><trkpt lat="36.564796558" lon="-118.300516047"/><trkpt lat="36.564787589" lon="-118.300534654"/><trkpt lat="36.564778704" lon="-118.300557034"/><trkpt lat="36.564766802" lon="-118.300579414"/><trkpt lat="36.564925136" lon="-118.300560135"/><trkpt lat="36.565047679" lon="-118.300574552"/><trkpt lat="36.565154968" lon="-118.300477406"/><trkpt lat="36.565173157" lon="-118.300559213"/><trkpt lat="36.565170139" lon="-118.300760044"/><trkpt lat="36.565207019" lon="-118.300949642"/><trkpt lat="36.565248929" lon="-118.301005298"/><trkpt lat="36.565276003" lon="-118.301083334"/><trkpt lat="36.5654107" lon="-118.301157178"/><trkpt lat="36.565552354" lon="-118.301173188"/><trkpt lat="36.565675149" lon="-118.301189784"/><trkpt lat="36.565762656" lon="-118.301227586"/><trkpt lat="36.565782102" lon="-118.30132599"/><trkpt lat="36.565803895" lon="-118.301478876"/><trkpt lat="36.565872375" lon="-118.301643413"/><trkpt lat="36.56594798" lon="-118.301695548"/><trkpt lat="36.566034732" lon="-118.301798645"/><trkpt lat="36.566074714" lon="-118.30189378"/><trkpt lat="36.566099944" lon="-118.301995872"/><trkpt lat="36.566136405" lon="-118.302145321"/><trkpt lat="36.566181416" lon="-118.302316815"/><trkpt lat="36.566244364" lon="-118.302452182"/><trkpt lat="36.566336984" lon="-118.302559052"/><trkpt lat="36.566489115" lon="-118.302576151"/><trkpt lat="36.566591542" lon="-118.302581515"/><trkpt lat="36.566650048" lon="-118.302589729"/><trkpt lat="36.566764796" lon="-118.302548155"/><trkpt lat="36.56688801" lon="-118.302528374"/><trkpt lat="36.566958167" lon="-118.302540444"/><trkpt lat="36.567032682" lon="-118.302690648"/><trkpt lat="36.567090265" lon="-118.302782346"/><trkpt lat="36.567193698" lon="-118.302969346"/><trkpt lat="36.567276679" lon="-118.303155927"/><trkpt lat="36.567374747" lon="-118.303295569"/><trkpt lat="36.567449849" lon="-118.303391207"/><trkpt lat="36.567522353" lon="-118.303454239"/><trkpt lat="36.567652775" lon="-118.303587092"/><trkpt lat="36.567786215" lon="-118.303705612"/><trkpt lat="36.567963492" lon="-118.303839304"/><trkpt lat="36.568102883" lon="-118.303950615"/><trkpt lat="36.568233641" lon="-118.304047259"/><trkpt lat="36.568392897" lon="-118.304216908"/><trkpt lat="36.568482751" lon="-118.304301985"/><trkpt lat="36.568648461" lon="-118.304421008"/><trkpt lat="36.568703949" lon="-118.30443643"/><trkpt lat="36.568773352" lon="-118.304517483"/><trkpt lat="36.568924729" lon="-118.304603565"/><trkpt lat="36.569105443" lon="-118.304690151"/><trkpt lat="36.569224214" lon="-118.304812023"/><trkpt lat="36.569331503" lon="-118.304908248"/><trkpt lat="36.569443904" lon="-118.305080831"/><trkpt lat="36.569582373" lon="-118.305279231"/><trkpt lat="36.569651524" lon="-118.305382077"/><trkpt lat="36.569810612" lon="-118.305569999"/><trkpt lat="36.56993458" lon="-118.305750042"/><trkpt lat="36.570094004" lon="-118.305905275"/><trkpt lat="36.570208836" lon="-118.306121444"/><trkpt lat="36.570302797" lon="-118.306369968"/><trkpt lat="36.570380079" lon="-118.306531068"/><trkpt lat="36.570381839" lon="-118.306636428"/><trkpt lat="36.570342192" lon="-118.306781016"/><trkpt lat="36.570358034" lon="-118.306937423"/><trkpt lat="36.570386952" lon="-118.306977907"/><trkpt lat="36.570426682" lon="-118.307094751"/><trkpt lat="36.570475884" lon="-118.307150071"/><trkpt lat="36.570419306" lon="-118.307232633"/><trkpt lat="36.570330709" lon="-118.307296503"/><trkpt lat="36.570209088" lon="-118.307436062"/><trkpt lat="36.570213949" lon="-118.307523318"/><trkpt lat="36.570312018" lon="-118.30766296"/><trkpt lat="36.570392987" lon="-118.307762453"/><trkpt lat="36.570400782" lon="-118.307849709"/><trkpt lat="36.570335571" lon="-118.307924895"/><trkpt lat="36.570276143" lon="-118.308000164"/><trkpt lat="36.570266504" lon="-118.308076272"/><trkpt lat="36.570300283" lon="-118.308200324"/><trkpt lat="36.570403799" lon="-118.308376344"/><trkpt lat="36.570534389" lon="-118.308491176"/><trkpt lat="36.57063581" lon="-118.308594525"/><trkpt lat="36.570649305" lon="-118.308700053"/><trkpt lat="36.570654083" lon="-118.308794601"/><trkpt lat="36.570565235" lon="-118.308887472"/><trkpt lat="36.570487954" lon="-118.308984283"/><trkpt lat="36.570354933" lon="-118.309098193"/><trkpt lat="36.570246052" lon="-118.309143623"/><trkpt lat="36.570157204" lon="-118.309232891"/><trkpt lat="36.570162065" lon="-118.30932375"/><trkpt lat="36.570223002" lon="-118.309375634"/><trkpt lat="36.570333643" lon="-118.309431961"/><trkpt lat="36.570411762" lon="-118.309520474"/><trkpt lat="36.570545454" lon="-118.309620805"/><trkpt lat="36.570669925" lon="-118.309757262"/><trkpt lat="36.570765646" lon="-118.309846027"/><trkpt lat="36.570815016" lon="-118.309883159"/><trkpt lat="36.570945354" lon="-118.310016096"/><trkpt lat="36.571064712" lon="-118.310087174"/><trkpt lat="36.571200499" lon="-118.310256489"/><trkpt lat="36.571255066" lon="-118.310355479"/><trkpt lat="36.571361599" lon="-118.31052429"/><trkpt lat="36.571450867" lon="-118.310671141"/><trkpt lat="36.571468804" lon="-118.310903823"/><trkpt lat="36.571454471" lon="-118.311143294"/><trkpt lat="36.571442988" lon="-118.311386453"/><trkpt lat="36.57146805" lon="-118.311506649"/><trkpt lat="36.571533093" lon="-118.311714772"/><trkpt lat="36.57160149" lon="-118.311890289"/><trkpt lat="36.571623115" lon="-118.312054072"/><trkpt lat="36.571623534" lon="-118.312282898"/><trkpt lat="36.571688997" lon="-118.312458331"/><trkpt lat="36.571765607" lon="-118.312681122"/><trkpt lat="36.57186904" lon="-118.312868122"/><trkpt lat="36.571938023" lon="-118.312985469"/><trkpt lat="36.571989404" lon="-118.313109856"/><trkpt lat="36.572002983" lon="-118.31321178"/><trkpt lat="36.571980435" lon="-118.313396601"/><trkpt lat="36.572051598" lon="-118.31357941"/><trkpt lat="36.572123766" lon="-118.313682256"/><trkpt lat="36.572181014" lon="-118.313803123"/><trkpt lat="36.572226193" lon="-118.31395274"/><trkpt lat="36.572227115" lon="-118.31413798"/><trkpt lat="36.572176153" lon="-118.314242503"/><trkpt lat="36.57211069" lon="-118.314339397"/><trkpt lat="36.572057214" lon="-118.314403854"/><trkpt lat="36.571951183" lon="-118.314456576"/><trkpt lat="36.571833584" lon="-118.314494547"/><trkpt lat="36.571730152" lon="-118.31457627"/><trkpt lat="36.571618253" lon="-118.314628825"/><trkpt lat="36.571509708" lon="-118.314641565"/><trkpt lat="36.571409376" lon="-118.314712476"/><trkpt lat="36.571302759" lon="-118.314812388"/><trkpt lat="36.571243834" lon="-118.314844072"/><trkpt lat="36.571170073" lon="-118.314893609"/><trkpt lat="36.571108215" lon="-118.314925293"/><trkpt lat="36.571084158" lon="-118.314979356"/><trkpt lat="36.571124643" lon="-118.315030821"/><trkpt lat="36.571211899" lon="-118.315083208"/><trkpt lat="36.571340645" lon="-118.315096283"/><trkpt lat="36.571461009" lon="-118.315072898"/><trkpt lat="36.571636945" lon="-118.315057727"/><trkpt lat="36.571806595" lon="-118.315082369"/><trkpt lat="36.571975742" lon="-118.315150598"/><trkpt lat="36.572095267" lon="-118.315207092"/><trkpt lat="36.572220158" lon="-118.315303652"/><trkpt lat="36.57232183" lon="-118.315381687"/><trkpt lat="36.572382515" lon="-118.315458968"/><trkpt lat="36.572443368" lon="-118.315518145"/><trkpt lat="36.5724748" lon="-118.315591319"/><trkpt lat="36.572459126" lon="-118.315678155"/><trkpt lat="36.572393915" lon="-118.315749737"/><trkpt lat="36.572296685" lon="-118.315802542"/><trkpt lat="36.572184954" lon="-118.315840596"/><trkpt lat="36.572140446" lon="-118.315890636"/><trkpt lat="36.572151007" lon="-118.31599256"/><trkpt lat="36.572229294" lon="-118.316070093"/><trkpt lat="36.57229878" lon="-118.316143937"/><trkpt lat="36.572394837" lon="-118.316196408"/><trkpt lat="36.572508411" lon="-118.316256423"/><trkpt lat="36.572604217" lon="-118.316334374"/><trkpt lat="36.572761629" lon="-118.316409644"/><trkpt lat="36.572866067" lon="-118.316502264"/><trkpt lat="36.572944354" lon="-118.316572588"/><trkpt lat="36.573010655" lon="-118.31667535"/><trkpt lat="36.57306497" lon="-118.316792529"/><trkpt lat="36.573087014" lon="-118.316920018"/><trkpt lat="36.573059773" lon="-118.316999478"/><trkpt lat="36.573049044" lon="-118.31717357"/><trkpt lat="36.573044518" lon="-118.317318745"/><trkpt lat="36.573014092" lon="-118.317419915"/><trkpt lat="36.57297059" lon="-118.317651674"/><trkpt lat="36.572956089" lon="-118.317901958"/><trkpt lat="36.572947623" lon="-118.318137908"/><trkpt lat="36.572968578" lon="-118.318363465"/><trkpt lat="36.572963884" lon="-118.318523141"/><trkpt lat="36.572967824" lon="-118.31869388"/><trkpt lat="36.572956759" lon="-118.318900745"/><trkpt lat="36.572963633" lon="-118.319075173"/><trkpt lat="36.572941421" lon="-118.319227304"/><trkpt lat="36.572924657" lon="-118.319423189"/><trkpt lat="36.572879059" lon="-118.319571298"/><trkpt lat="36.572831115" lon="-118.319668528"/><trkpt lat="36.572820051" lon="-118.319875309"/><trkpt lat="36.57283891" lon="-118.320024591"/><trkpt lat="36.572807394" lon="-118.320227433"/><trkpt lat="36.57282332" lon="-118.320376547"/><trkpt lat="36.572835222" lon="-118.320620125"/><trkpt lat="36.572845364" lon="-118.320761947"/><trkpt lat="36.57284352" lon="-118.320932603"/><trkpt lat="36.572827175" lon="-118.321084818"/><trkpt lat="36.572767664" lon="-118.321170984"/><trkpt lat="36.57270438" lon="-118.321326049"/><trkpt lat="36.572650066" lon="-118.321470385"/><trkpt lat="36.572569935" lon="-118.321563508"/><trkpt lat="36.572500784" lon="-118.321725698"/><trkpt lat="36.572376145" lon="-118.321872465"/><trkpt lat="36.572281094" lon="-118.321990734"/><trkpt lat="36.572179673" lon="-118.322152421"/><trkpt lat="36.572087137" lon="-118.322310671"/><trkpt lat="36.571965767" lon="-118.322421145"/><trkpt lat="36.571858982" lon="-118.322542766"/><trkpt lat="36.571731661" lon="-118.322664136"/><trkpt lat="36.57161599" lon="-118.322789278"/><trkpt lat="36.571524376" lon="-118.322867565"/><trkpt lat="36.571429661" lon="-118.322956748"/><trkpt lat="36.571319774" lon="-118.323089266"/><trkpt lat="36.571180886" lon="-118.323199488"/><trkpt lat="36.571057001" lon="-118.323277272"/><trkpt lat="36.570926243" lon="-118.323438456"/><trkpt lat="36.57083136" lon="-118.323545745"/><trkpt lat="36.570757097" lon="-118.323638868"/><trkpt lat="36.570667913" lon="-118.323753616"/><trkpt lat="36.570610916" lon="-118.323876075"/><trkpt lat="36.570568336" lon="-118.324020663"/><trkpt lat="36.570522906" lon="-118.324154271"/><trkpt lat="36.570456941" lon="-118.324287459"/><trkpt lat="36.570405895" lon="-118.32439919"/><trkpt lat="36.570304725" lon="-118.324546376"/><trkpt lat="36.570218224" lon="-118.324682834"/><trkpt lat="36.570125688" lon="-118.324841084"/><trkpt lat="36.570021249" lon="-118.325009979"/><trkpt lat="36.569944052" lon="-118.325106706"/><trkpt lat="36.569855288" lon="-118.325181473"/><trkpt lat="36.569769289" lon="-118.325278033"/><trkpt lat="36.569671053" lon="-118.325414406"/><trkpt lat="36.569596287" lon="-118.325558323"/><trkpt lat="36.569477264" lon="-118.325719759"/><trkpt lat="36.569352541" lon="-118.325877422"/><trkpt lat="36.56927241" lon="-118.325966774"/><trkpt lat="36.569204265" lon="-118.326034667"/><trkpt lat="36.569126984" lon="-118.326134998"/><trkpt lat="36.56903713" lon="-118.326315042"/><trkpt lat="36.568967812" lon="-118.326491816"/><trkpt lat="36.568913078" lon="-118.326668842"/><trkpt lat="36.568818195" lon="-118.32677613"/><trkpt lat="36.568705291" lon="-118.326912168"/><trkpt lat="36.568600768" lon="-118.32709196"/><trkpt lat="36.56856305" lon="-118.327323804"/><trkpt lat="36.568564055" lon="-118.327501751"/><trkpt lat="36.568559026" lon="-118.327686824"/><trkpt lat="36.568556512" lon="-118.327911962"/><trkpt lat="36.568561625" lon="-118.327984717"/><trkpt lat="36.568519464" lon="-118.328085635"/><trkpt lat="36.568476548" lon="-118.328259224"/><trkpt lat="36.568445116" lon="-118.328447482"/><trkpt lat="36.56840262" lon="-118.328581173"/><trkpt lat="36.568389209" lon="-118.328729784"/><trkpt lat="36.568306228" lon="-118.328819219"/><trkpt lat="36.568233892" lon="-118.328999514"/><trkpt lat="36.568149822" lon="-118.329183329"/><trkpt lat="36.568074049" lon="-118.329414418"/><trkpt lat="36.567981178" lon="-118.329597982"/><trkpt lat="36.56791429" lon="-118.329818426"/><trkpt lat="36.567857042" lon="-118.329962678"/><trkpt lat="36.567802476" lon="-118.33012512"/><trkpt lat="36.567768194" lon="-118.330309773"/><trkpt lat="36.56768119" lon="-118.330497108"/><trkpt lat="36.567629557" lon="-118.330659634"/><trkpt lat="36.567548588" lon="-118.330825344"/><trkpt lat="36.56748564" lon="-118.330954928"/><trkpt lat="36.567436773" lon="-118.331135726"/><trkpt lat="36.567428643" lon="-118.331338903"/><trkpt lat="36.567440964" lon="-118.331546104"/><trkpt lat="36.567436606" lon="-118.331676777"/><trkpt lat="36.567384889" lon="-118.331850199"/><trkpt lat="36.567349769" lon="-118.33210744"/><trkpt lat="36.567345746" lon="-118.332205424"/><trkpt lat="36.567436773" lon="-118.332460318"/><trkpt lat="36.567418417" lon="-118.33271035"/><trkpt lat="36.567438617" lon="-118.332989886"/><trkpt lat="36.567489328" lon="-118.333318122"/><trkpt lat="36.567564262" lon="-118.333560107"/><trkpt lat="36.567755118" lon="-118.333861856"/><trkpt lat="36.567914961" lon="-118.334153462"/><trkpt lat="36.568043958" lon="-118.334425287"/><trkpt lat="36.568125598" lon="-118.334763749"/><trkpt lat="36.568209166" lon="-118.334928872"/><trkpt lat="36.568316035" lon="-118.335094331"/><trkpt lat="36.568392981" lon="-118.335163062"/><trkpt lat="36.568431789" lon="-118.335163733"/><trkpt lat="36.568452576" lon="-118.335385602"/><trkpt lat="36.568512674" lon="-118.335569501"/><trkpt lat="36.568533294" lon="-118.335810564"/><trkpt lat="36.568569504" lon="-118.336042324"/><trkpt lat="36.56857512" lon="-118.33623494"/><trkpt lat="36.568586435" lon="-118.336610701"/><trkpt lat="36.568598589" lon="-118.336918987"/><trkpt lat="36.568439081" lon="-118.337291731"/><trkpt lat="36.568240346" lon="-118.337692721"/><trkpt lat="36.568082012" lon="-118.337959601"/><trkpt lat="36.567854024" lon="-118.338205945"/><trkpt lat="36.567783197" lon="-118.33829144"/><trkpt lat="36.56770424" lon="-118.338405602"/><trkpt lat="36.567586055" lon="-118.338557566"/><trkpt lat="36.567419339" lon="-118.338882113"/><trkpt lat="36.56721306" lon="-118.339263657"/><trkpt lat="36.566999657" lon="-118.339596922"/><trkpt lat="36.56688801" lon="-118.339855"/><trkpt lat="36.566777537" lon="-118.340007132"/><trkpt lat="36.566657843" lon="-118.340293877"/><trkpt lat="36.566538233" lon="-118.340571066"/><trkpt lat="36.566395573" lon="-118.340828558"/><trkpt lat="36.566291805" lon="-118.341077082"/><trkpt lat="36.566250063" lon="-118.341336334"/><trkpt lat="36.566268923" lon="-118.341731373"/><trkpt lat="36.566358861" lon="-118.342021806"/><trkpt lat="36.566472268" lon="-118.34229338"/><trkpt lat="36.566647617" lon="-118.342585238"/><trkpt lat="36.566621633" lon="-118.342825463"/><trkpt lat="36.566662705" lon="-118.343317229"/><trkpt lat="36.566697238" lon="-118.343702964"/><trkpt lat="36.566787679" lon="-118.343945201"/><trkpt lat="36.566792289" lon="-118.34422457"/><trkpt lat="36.566811735" lon="-118.344571497"/><trkpt lat="36.566833779" lon="-118.34467778"/><trkpt lat="36.566777537" lon="-118.344850112"/><trkpt lat="36.566759599" lon="-118.345061587"/><trkpt lat="36.566742752" lon="-118.345176838"/><trkpt lat="36.566654155" lon="-118.345454531"/><trkpt lat="36.56651183" lon="-118.345683189"/><trkpt lat="36.566415019" lon="-118.345999187"/><trkpt lat="36.566312006" lon="-118.34618032"/><trkpt lat="36.566177644" lon="-118.346389867"/><trkpt lat="36.5660665" lon="-118.34659975"/><trkpt lat="36.565986788" lon="-118.346781302"/><trkpt lat="36.565938257" lon="-118.346953718"/><trkpt lat="36.565826945" lon="-118.347182879"/><trkpt lat="36.565701049" lon="-118.34732512"/><trkpt lat="36.565465266" lon="-118.347571297"/><trkpt lat="36.565285055" lon="-118.347712616"/><trkpt lat="36.565228058" lon="-118.347942699"/><trkpt lat="36.565061677" lon="-118.348238245"/><trkpt lat="36.564990347" lon="-118.348362213"/><trkpt lat="36.564880544" lon="-118.348456593"/><trkpt lat="36.564677283" lon="-118.348578215"/><trkpt lat="36.564474441" lon="-118.348651724"/><trkpt lat="36.564364135" lon="-118.348794216"/><trkpt lat="36.564183338" lon="-118.348983563"/><trkpt lat="36.564025674" lon="-118.349192692"/><trkpt lat="36.563923499" lon="-118.349296795"/><trkpt lat="36.563944453" lon="-118.349508941"/><trkpt lat="36.563940598" lon="-118.349845894"/><trkpt lat="36.563875638" lon="-118.350095088"/><trkpt lat="36.563872369" lon="-118.350383844"/><trkpt lat="36.56384605" lon="-118.350652987"/><trkpt lat="36.563853174" lon="-118.350710906"/><trkpt lat="36.563864741" lon="-118.351057665"/><trkpt lat="36.563768685" lon="-118.351315912"/><trkpt lat="36.563665755" lon="-118.351487489"/><trkpt lat="36.563556036" lon="-118.35157223"/><trkpt lat="36.563368449" lon="-118.351674825"/><trkpt lat="36.563274655" lon="-118.351730984"/><trkpt lat="36.563118249" lon="-118.351824526"/><trkpt lat="36.562976092" lon="-118.352033822"/><trkpt lat="36.562840221" lon="-118.352368427"/><trkpt lat="36.562751457" lon="-118.352665314"/><trkpt lat="36.562647857" lon="-118.35289456"/><trkpt lat="36.562521122" lon="-118.35311383"/><trkpt lat="36.562409475" lon="-118.353371825"/><trkpt lat="36.562337223" lon="-118.353582378"/><trkpt lat="36.562265139" lon="-118.353773654"/><trkpt lat="36.56220085" lon="-118.353965096"/><trkpt lat="36.562168412" lon="-118.354080096"/><trkpt lat="36.56205819" lon="-118.354212949"/><trkpt lat="36.561985686" lon="-118.354442697"/><trkpt lat="36.561975544" lon="-118.35465434"/><trkpt lat="36.561988788" lon="-118.354856763"/><trkpt lat="36.561908908" lon="-118.35504787"/><trkpt lat="36.561789718" lon="-118.355286503"/><trkpt lat="36.561733726" lon="-118.355429918"/><trkpt lat="36.561530717" lon="-118.355522705"/><trkpt lat="36.561342794" lon="-118.355654217"/><trkpt lat="36.561147496" lon="-118.355756644"/><trkpt lat="36.56093644" lon="-118.355878098"/><trkpt lat="36.560802748" lon="-118.356020171"/><trkpt lat="36.560677439" lon="-118.3561143"/><trkpt lat="36.560527151" lon="-118.356352346"/><trkpt lat="36.560385497" lon="-118.35651353"/><trkpt lat="36.560219284" lon="-118.356789798"/><trkpt lat="36.560069751" lon="-118.356960453"/><trkpt lat="36.559981825" lon="-118.357180394"/><trkpt lat="36.559854755" lon="-118.357428499"/><trkpt lat="36.559758866" lon="-118.357667467"/><trkpt lat="36.559656356" lon="-118.357800487"/><trkpt lat="36.559544876" lon="-118.358039204"/><trkpt lat="36.559425602" lon="-118.358287392"/><trkpt lat="36.55939199" lon="-118.358508255"/><trkpt lat="36.559250923" lon="-118.358621327"/><trkpt lat="36.559163667" lon="-118.358783433"/><trkpt lat="36.559133828" lon="-118.358814362"/><trkpt lat="36.559100971" lon="-118.358862307"/><trkpt lat="36.559069622" lon="-118.35892492"/><trkpt lat="36.55906585" lon="-118.35896071"/><trkpt lat="36.559093092" lon="-118.358952748"/><trkpt lat="36.559147742" lon="-118.358934727"/><trkpt lat="36.559191914" lon="-118.358937576"/><trkpt lat="36.559246313" lon="-118.358932212"/><trkpt lat="36.559312614" lon="-118.358935481"/><trkpt lat="36.55939593" lon="-118.358930619"/><trkpt lat="36.559612434" lon="-118.358972194"/><trkpt lat="36.559773451" lon="-118.358964231"/><trkpt lat="36.559968581" lon="-118.359021563"/><trkpt lat="36.560181566" lon="-118.359036064"/><trkpt lat="36.560325315" lon="-118.359017037"/><trkpt lat="36.560437549" lon="-118.35909985"/><trkpt lat="36.560664028" lon="-118.359071519"/><trkpt lat="36.560895201" lon="-118.359021647"/><trkpt lat="36.561025875" lon="-118.359007733"/><trkpt lat="36.561200805" lon="-118.358924501"/><trkpt lat="36.561366515" lon="-118.358889632"/><trkpt lat="36.561554773" lon="-118.35878511"/><trkpt lat="36.561760716" lon="-118.358653933"/><trkpt lat="36.561940759" lon="-118.358506076"/><trkpt lat="36.562093813" lon="-118.358438686"/><trkpt lat="36.562260278" lon="-118.358339109"/><trkpt lat="36.562400423" lon="-118.358255289"/><trkpt lat="36.562523134" lon="-118.358176583"/><trkpt lat="36.562689347" lon="-118.358098548"/><trkpt lat="36.562798312" lon="-118.358078934"/><trkpt lat="36.56293368" lon="-118.358038114"/><trkpt lat="36.563090002" lon="-118.358057057"/><trkpt lat="36.56319377" lon="-118.358118162"/><trkpt lat="36.56331447" lon="-118.358217403"/><trkpt lat="36.563392002" lon="-118.358283453"/><trkpt lat="36.563481772" lon="-118.358419826"/><trkpt lat="36.563610183" lon="-118.358605402"/><trkpt lat="36.563704647" lon="-118.358714953"/><trkpt lat="36.563790143" lon="-118.358845878"/><trkpt lat="36.563884607" lon="-118.35895543"/><trkpt lat="36.563965911" lon="-118.359075459"/><trkpt lat="36.564029194" lon="-118.359249132"/><trkpt lat="36.564049143" lon="-118.359405873"/><trkpt lat="36.564090718" lon="-118.359579127"/><trkpt lat="36.564146038" lon="-118.359688008"/><trkpt lat="36.564222816" lon="-118.359818766"/><trkpt lat="36.564329518" lon="-118.359998642"/><trkpt lat="36.564458096" lon="-118.360173404"/><trkpt lat="36.564564463" lon="-118.360380186"/><trkpt lat="36.564631937" lon="-118.360564755"/><trkpt lat="36.564725228" lon="-118.360782098"/><trkpt lat="36.564797647" lon="-118.36091822"/><trkpt lat="36.564895716" lon="-118.36109248"/><trkpt lat="36.565015158" lon="-118.361294148"/><trkpt lat="36.565160248" lon="-118.361544767"/><trkpt lat="36.565257395" lon="-118.361799913"/><trkpt lat="36.565319924" lon="-118.362038294"/><trkpt lat="36.565416735" lon="-118.362320429"/><trkpt lat="36.565430984" lon="-118.362601139"/><trkpt lat="36.56543727" lon="-118.362811524"/><trkpt lat="36.565421345" lon="-118.363064742"/><trkpt lat="36.565405419" lon="-118.363312511"/><trkpt lat="36.565415394" lon="-118.363587689"/><trkpt lat="36.565421931" lon="-118.363776617"/><trkpt lat="36.565468283" lon="-118.363906788"/><trkpt lat="36.565552521" lon="-118.364145588"/><trkpt lat="36.565616056" lon="-118.36429772"/><trkpt lat="36.565630976" lon="-118.364513721"/><trkpt lat="36.565676406" lon="-118.364724778"/><trkpt lat="36.565674813" lon="-118.364870371"/><trkpt lat="36.565676909" lon="-118.36506458"/><trkpt lat="36.565673724" lon="-118.365344955"/><trkpt lat="36.565649165" lon="-118.365587192"/><trkpt lat="36.565678166" lon="-118.365717111"/><trkpt lat="36.565702977" lon="-118.365825405"/><trkpt lat="36.565754274" lon="-118.365907213"/><trkpt lat="36.565770032" lon="-118.366053142"/><trkpt lat="36.565737007" lon="-118.36627367"/><trkpt lat="36.565709347" lon="-118.366413396"/><trkpt lat="36.565698283" lon="-118.366618082"/><trkpt lat="36.565696271" lon="-118.36679603"/><trkpt lat="36.565699875" lon="-118.366860822"/><trkpt lat="36.565768942" lon="-118.366905162"/><trkpt lat="36.565855863" lon="-118.366917484"/><trkpt lat="36.565951416" lon="-118.366924524"/><trkpt lat="36.566024926" lon="-118.366969032"/><trkpt lat="36.566063147" lon="-118.36704514"/><trkpt lat="36.566070691" lon="-118.367147734"/><trkpt lat="36.566026015" lon="-118.367249491"/><trkpt lat="36.565981591" lon="-118.367329538"/><trkpt lat="36.565958876" lon="-118.367415452"/><trkpt lat="36.565992823" lon="-118.36749156"/><trkpt lat="36.566062309" lon="-118.367503546"/><trkpt lat="36.566132214" lon="-118.367472449"/><trkpt lat="36.5662333" lon="-118.36738796"/><trkpt lat="36.566364644" lon="-118.367314786"/><trkpt lat="36.566461958" lon="-118.367170868"/><trkpt lat="36.566584837" lon="-118.36708135"/><trkpt lat="36.566672679" lon="-118.367007421"/><trkpt lat="36.566808634" lon="-118.366907341"/><trkpt lat="36.566996556" lon="-118.366835173"/><trkpt lat="36.567193111" lon="-118.366768453"/><trkpt lat="36.567328563" lon="-118.36671154"/><trkpt lat="36.567454962" lon="-118.366697626"/><trkpt lat="36.567619918" lon="-118.366727466"/><trkpt lat="36.567755202" lon="-118.36668673"/><trkpt lat="36.567872968" lon="-118.366661835"/><trkpt lat="36.567990314" lon="-118.36667466"/><trkpt lat="36.568151666" lon="-118.366639791"/><trkpt lat="36.568317376" lon="-118.366599558"/><trkpt lat="36.568413684" lon="-118.366552703"/><trkpt lat="36.568548717" lon="-118.366533509"/><trkpt lat="36.568639912" lon="-118.366551362"/><trkpt lat="36.568735298" lon="-118.366579944"/><trkpt lat="36.568835378" lon="-118.36657634"/><trkpt lat="36.568960436" lon="-118.366670217"/><trkpt lat="36.569063198" lon="-118.366812291"/><trkpt lat="36.56913151" lon="-118.366926704"/><trkpt lat="36.569181969" lon="-118.367078584"/><trkpt lat="36.569236284" lon="-118.367273714"/><trkpt lat="36.569290766" lon="-118.367458032"/><trkpt lat="36.569345333" lon="-118.367631622"/><trkpt lat="36.56938741" lon="-118.367756344"/><trkpt lat="36.569467457" lon="-118.367984332"/><trkpt lat="36.569561502" lon="-118.368131602"/><trkpt lat="36.569668371" lon="-118.368289853"/><trkpt lat="36.569766439" lon="-118.368464196"/><trkpt lat="36.569873309" lon="-118.368633259"/><trkpt lat="36.569980178" lon="-118.368796958"/><trkpt lat="36.570078414" lon="-118.36895504"/><trkpt lat="36.570198862" lon="-118.369075824"/><trkpt lat="36.570301624" lon="-118.369217897"/><trkpt lat="36.570395669" lon="-118.369359802"/><trkpt lat="36.570477141" lon="-118.369463654"/><trkpt lat="36.57055811" lon="-118.369610757"/><trkpt lat="36.570630027" lon="-118.369789962"/><trkpt lat="36.570715774" lon="-118.369904794"/><trkpt lat="36.570810154" lon="-118.370014261"/><trkpt lat="36.570935044" lon="-118.3701244"/><trkpt lat="36.571042668" lon="-118.370223306"/><trkpt lat="36.571146185" lon="-118.370306036"/><trkpt lat="36.571263028" lon="-118.370356662"/><trkpt lat="36.571392529" lon="-118.370445259"/><trkpt lat="36.571491854" lon="-118.370506363"/><trkpt lat="36.571608866" lon="-118.370551541"/><trkpt lat="36.571738785" lon="-118.37060242"/><trkpt lat="36.571807936" lon="-118.370635947"/><trkpt lat="36.571915811" lon="-118.37071876"/><trkpt lat="36.572006587" lon="-118.370768968"/><trkpt lat="36.572053777" lon="-118.370823702"/><trkpt lat="36.572039444" lon="-118.37093669"/><trkpt lat="36.571955625" lon="-118.371037692"/><trkpt lat="36.571915643" lon="-118.371107094"/><trkpt lat="36.571919164" lon="-118.371182699"/><trkpt lat="36.571921846" lon="-118.371328376"/><trkpt lat="36.571933748" lon="-118.371431055"/><trkpt lat="36.571945231" lon="-118.371566087"/><trkpt lat="36.571913799" lon="-118.371646386"/><trkpt lat="36.571860742" lon="-118.371726349"/><trkpt lat="36.571768876" lon="-118.371767839"/><trkpt lat="36.571676508" lon="-118.371852497"/><trkpt lat="36.571588581" lon="-118.371937238"/><trkpt lat="36.571526723" lon="-118.372022482"/><trkpt lat="36.571468385" lon="-118.372172434"/><trkpt lat="36.571453465" lon="-118.372339401"/><trkpt lat="36.571512474" lon="-118.372502178"/><trkpt lat="36.571568297" lon="-118.372562528"/><trkpt lat="36.571623534" lon="-118.372682137"/><trkpt lat="36.571647674" lon="-118.372849775"/><trkpt lat="36.571645327" lon="-118.373054713"/><trkpt lat="36.571617415" lon="-118.373210616"/><trkpt lat="36.571607022" lon="-118.373361407"/><trkpt lat="36.571622696" lon="-118.3735127"/><trkpt lat="36.571660917" lon="-118.373588892"/><trkpt lat="36.571746916" lon="-118.373676734"/><trkpt lat="36.571841128" lon="-118.373807827"/><trkpt lat="36.571892593" lon="-118.373873457"/><trkpt lat="36.571974317" lon="-118.373955768"/><trkpt lat="36.572099961" lon="-118.374001198"/><trkpt lat="36.572238682" lon="-118.374041347"/><trkpt lat="36.572390981" lon="-118.374038665"/><trkpt lat="36.57251738" lon="-118.374019386"/><trkpt lat="36.572687197" lon="-118.374006227"/><trkpt lat="36.572826756" lon="-118.373970939"/><trkpt lat="36.572930859" lon="-118.373999689"/><trkpt lat="36.573044267" lon="-118.373974795"/><trkpt lat="36.573144766" lon="-118.373938836"/><trkpt lat="36.573284492" lon="-118.373887371"/><trkpt lat="36.573411059" lon="-118.373857196"/><trkpt lat="36.573493956" lon="-118.373837164"/><trkpt lat="36.573602753" lon="-118.373833643"/><trkpt lat="36.573694116" lon="-118.373829871"/><trkpt lat="36.573798638" lon="-118.373820987"/><trkpt lat="36.573872734" lon="-118.373806067"/><trkpt lat="36.574020926" lon="-118.373787124"/><trkpt lat="36.574169369" lon="-118.373741275"/><trkpt lat="36.574252434" lon="-118.373704981"/><trkpt lat="36.574361231" lon="-118.373701461"/><trkpt lat="36.574444296" lon="-118.373665167"/><trkpt lat="36.574518643" lon="-118.37362879"/><trkpt lat="36.57461822" lon="-118.373668268"/><trkpt lat="36.574726347" lon="-118.37372954"/><trkpt lat="36.574821398" lon="-118.373779748"/><trkpt lat="36.57491209" lon="-118.373840684"/><trkpt lat="36.575019713" lon="-118.373939674"/><trkpt lat="36.57512784" lon="-118.373995582"/><trkpt lat="36.57521409" lon="-118.374061799"/><trkpt lat="36.575305033" lon="-118.374095745"/><trkpt lat="36.575431265" lon="-118.374087196"/><trkpt lat="36.575552719" lon="-118.374121729"/><trkpt lat="36.575652799" lon="-118.374118125"/><trkpt lat="36.575792274" lon="-118.374099014"/><trkpt lat="36.575870393" lon="-118.374111168"/><trkpt lat="36.575983968" lon="-118.374075461"/><trkpt lat="36.576058147" lon="-118.374049813"/><trkpt lat="36.576154456" lon="-118.374002958"/><trkpt lat="36.576293763" lon="-118.37399466"/><trkpt lat="36.576411193" lon="-118.373996755"/><trkpt lat="36.576497611" lon="-118.374046795"/><trkpt lat="36.576593248" lon="-118.37405392"/><trkpt lat="36.576706152" lon="-118.37406666"/><trkpt lat="36.576832384" lon="-118.374063559"/><trkpt lat="36.576919137" lon="-118.374086609"/><trkpt lat="36.577014858" lon="-118.374082921"/><trkpt lat="36.57708887" lon="-118.374078898"/><trkpt lat="36.577158356" lon="-118.374090884"/><trkpt lat="36.577249551" lon="-118.374103289"/><trkpt lat="36.577344937" lon="-118.374131955"/><trkpt lat="36.577462535" lon="-118.374117874"/><trkpt lat="36.577575691" lon="-118.374114437"/><trkpt lat="36.577684404" lon="-118.374121813"/><trkpt lat="36.577780042" lon="-118.374123489"/><trkpt lat="36.577875512" lon="-118.374146791"/><trkpt lat="36.577992523" lon="-118.374181157"/><trkpt lat="36.578079192" lon="-118.374215104"/><trkpt lat="36.578165777" lon="-118.374248967"/><trkpt lat="36.578282705" lon="-118.374299593"/><trkpt lat="36.578395693" lon="-118.374306969"/><trkpt lat="36.578482529" lon="-118.374319375"/><trkpt lat="36.578551931" lon="-118.374336725"/><trkpt lat="36.57868227" lon="-118.374355249"/><trkpt lat="36.57883876" lon="-118.37436338"/><trkpt lat="36.578995585" lon="-118.374350052"/><trkpt lat="36.579122068" lon="-118.374319877"/><trkpt lat="36.579278894" lon="-118.374301102"/><trkpt lat="36.579418452" lon="-118.374271179"/><trkpt lat="36.5795187" lon="-118.374256846"/><trkpt lat="36.579623139" lon="-118.374247877"/><trkpt lat="36.579762194" lon="-118.374266569"/><trkpt lat="36.579827741" lon="-118.374240752"/><trkpt lat="36.579937795" lon="-118.374129441"/><trkpt lat="36.580069391" lon="-118.374029277"/><trkpt lat="36.580139296" lon="-118.374003544"/><trkpt lat="36.580235688" lon="-118.373945877"/><trkpt lat="36.580353705" lon="-118.373899441"/><trkpt lat="36.580449762" lon="-118.373868763"/><trkpt lat="36.580589321" lon="-118.373838924"/><trkpt lat="36.58071178" lon="-118.373781759"/><trkpt lat="36.580847064" lon="-118.373741023"/><trkpt lat="36.580947479" lon="-118.373710429"/><trkpt lat="36.58099995" lon="-118.373689726"/><trkpt lat="36.581109082" lon="-118.373653935"/><trkpt lat="36.581227016" lon="-118.373612864"/><trkpt lat="36.581327515" lon="-118.373576906"/><trkpt lat="36.581441844" lon="-118.373471042"/><trkpt lat="36.581555419" lon="-118.373429887"/><trkpt lat="36.581691289" lon="-118.37334062"/><trkpt lat="36.581810061" lon="-118.373229476"/><trkpt lat="36.581928497" lon="-118.373145238"/><trkpt lat="36.582002928" lon="-118.373103412"/><trkpt lat="36.582090352" lon="-118.373067202"/><trkpt lat="36.582186995" lon="-118.372982629"/><trkpt lat="36.582265869" lon="-118.372935439"/><trkpt lat="36.582340803" lon="-118.37285053"/><trkpt lat="36.582433423" lon="-118.372744247"/><trkpt lat="36.582517074" lon="-118.372654058"/><trkpt lat="36.582614053" lon="-118.372542495"/><trkpt lat="36.582771968" lon="-118.372432021"/><trkpt lat="36.582890404" lon="-118.372342419"/><trkpt lat="36.582965422" lon="-118.372252062"/><trkpt lat="36.583101377" lon="-118.372157346"/><trkpt lat="36.58318528" lon="-118.372045616"/><trkpt lat="36.583286533" lon="-118.371944865"/><trkpt lat="36.583361886" lon="-118.371822154"/><trkpt lat="36.583472611" lon="-118.371651499"/><trkpt lat="36.583574368" lon="-118.371502301"/><trkpt lat="36.583658857" lon="-118.371341955"/><trkpt lat="36.5837208" lon="-118.371256711"/><trkpt lat="36.583816605" lon="-118.371247659"/><trkpt lat="36.5838819" lon="-118.371243384"/><trkpt lat="36.583930263" lon="-118.371195691"/><trkpt lat="36.584017351" lon="-118.371191835"/><trkpt lat="36.584117347" lon="-118.371199043"/><trkpt lat="36.584226647" lon="-118.37115244"/><trkpt lat="36.584366206" lon="-118.371117152"/><trkpt lat="36.584492689" lon="-118.371086977"/><trkpt lat="36.584583968" lon="-118.371099383"/><trkpt lat="36.584684048" lon="-118.371095778"/><trkpt lat="36.584779518" lon="-118.37111908"/><trkpt lat="36.584883537" lon="-118.371153278"/><trkpt lat="36.584965428" lon="-118.371214047"/><trkpt lat="36.585051343" lon="-118.371312618"/><trkpt lat="36.585155446" lon="-118.371336088"/><trkpt lat="36.585237505" lon="-118.371391492"/><trkpt lat="36.585332975" lon="-118.371409345"/><trkpt lat="36.585420147" lon="-118.371394677"/><trkpt lat="36.585525256" lon="-118.371337261"/><trkpt lat="36.58562148" lon="-118.371290406"/><trkpt lat="36.585747125" lon="-118.371335752"/><trkpt lat="36.58587235" lon="-118.371418901"/><trkpt lat="36.585946279" lon="-118.371420242"/><trkpt lat="36.586037306" lon="-118.371448824"/><trkpt lat="36.586098578" lon="-118.371417476"/><trkpt lat="36.586199747" lon="-118.371316809"/><trkpt lat="36.5862922" lon="-118.371226704"/><trkpt lat="36.586367469" lon="-118.371109441"/><trkpt lat="36.586411893" lon="-118.37102931"/><trkpt lat="36.586477775" lon="-118.37097114"/><trkpt lat="36.586542903" lon="-118.370983042"/><trkpt lat="36.586598894" lon="-118.371032579"/><trkpt lat="36.586715905" lon="-118.371072393"/><trkpt lat="36.586786145" lon="-118.371014306"/><trkpt lat="36.586817326" lon="-118.370955549"/><trkpt lat="36.586892344" lon="-118.370859744"/><trkpt lat="36.586975912" lon="-118.370780367"/><trkpt lat="36.587059228" lon="-118.370727897"/><trkpt lat="36.58716836" lon="-118.370692022"/><trkpt lat="36.587294927" lon="-118.370656483"/><trkpt lat="36.587364748" lon="-118.370641563"/><trkpt lat="36.587438677" lon="-118.370637456"/><trkpt lat="36.587534398" lon="-118.370639216"/><trkpt lat="36.587630203" lon="-118.37063008"/><trkpt lat="36.587765571" lon="-118.370583896"/><trkpt lat="36.587927425" lon="-118.370511308"/><trkpt lat="36.588002024" lon="-118.370453222"/><trkpt lat="36.588063966" lon="-118.370362613"/><trkpt lat="36.588100512" lon="-118.370212242"/><trkpt lat="36.588146193" lon="-118.370024236"/><trkpt lat="36.588260522" lon="-118.369913008"/><trkpt lat="36.588357501" lon="-118.369801445"/><trkpt lat="36.588450875" lon="-118.36962509"/><trkpt lat="36.588556403" lon="-118.369529787"/><trkpt lat="36.588680455" lon="-118.369337842"/><trkpt lat="36.588809201" lon="-118.369108178"/><trkpt lat="36.588876089" lon="-118.368969038"/><trkpt lat="36.588973319" lon="-118.368835934"/><trkpt lat="36.589070968" lon="-118.368665027"/><trkpt lat="36.589155793" lon="-118.368472327"/><trkpt lat="36.589245563" lon="-118.368236544"/><trkpt lat="36.589329885" lon="-118.36808701"/><trkpt lat="36.58941404" lon="-118.367959019"/><trkpt lat="36.589494003" lon="-118.367814766"/><trkpt lat="36.589599112" lon="-118.367751902"/><trkpt lat="36.589690978" lon="-118.367704963"/><trkpt lat="36.589777898" lon="-118.367717285"/><trkpt lat="36.589850988" lon="-118.367788699"/><trkpt lat="36.589967581" lon="-118.367866315"/><trkpt lat="36.590105463" lon="-118.367981985"/><trkpt lat="36.590156509" lon="-118.368085418"/><trkpt lat="36.59021602" lon="-118.368205111"/><trkpt lat="36.59023203" lon="-118.368329499"/><trkpt lat="36.590239489" lon="-118.368437542"/><trkpt lat="36.590259187" lon="-118.368610544"/><trkpt lat="36.590310568" lon="-118.368686903"/><trkpt lat="36.590352897" lon="-118.368784804"/><trkpt lat="36.590372929" lon="-118.368941545"/><trkpt lat="36.590384245" lon="-118.369087474"/><trkpt lat="36.59039489" lon="-118.369298028"/><trkpt lat="36.590401344" lon="-118.369497685"/><trkpt lat="36.59042079" lon="-118.369697677"/><trkpt lat="36.590436464" lon="-118.369843606"/><trkpt lat="36.590447864" lon="-118.369989451"/><trkpt lat="36.590484995" lon="-118.370168153"/><trkpt lat="36.590557918" lon="-118.370255744"/><trkpt lat="36.590674259" lon="-118.370354902"/><trkpt lat="36.590778278" lon="-118.3703891"/><trkpt lat="36.590865031" lon="-118.370412234"/><trkpt lat="36.590955639" lon="-118.370473171"/><trkpt lat="36.591015905" lon="-118.370528156"/><trkpt lat="36.591106849" lon="-118.370567551"/><trkpt lat="36.591215814" lon="-118.370547937"/><trkpt lat="36.591307679" lon="-118.370506363"/><trkpt lat="36.591421338" lon="-118.370454395"/><trkpt lat="36.59151379" lon="-118.370364374"/><trkpt lat="36.591619235" lon="-118.37027452"/><trkpt lat="36.591741946" lon="-118.37019573"/><trkpt lat="36.591825513" lon="-118.370116353"/><trkpt lat="36.591891395" lon="-118.370058183"/><trkpt lat="36.591970185" lon="-118.370016357"/><trkpt lat="36.592070432" lon="-118.369996576"/><trkpt lat="36.592101278" lon="-118.369964724"/><trkpt lat="36.592144696" lon="-118.369976291"/><trkpt lat="36.59214369" lon="-118.370057261"/><trkpt lat="36.592133967" lon="-118.370148791"/><trkpt lat="36.59213271" lon="-118.370256666"/><trkpt lat="36.592135811" lon="-118.370364541"/><trkpt lat="36.592104044" lon="-118.370482726"/><trkpt lat="36.592085352" lon="-118.37059563"/><trkpt lat="36.592049645" lon="-118.370670564"/><trkpt lat="36.592013184" lon="-118.370820936"/><trkpt lat="36.591984853" lon="-118.371009277"/><trkpt lat="36.591987787" lon="-118.371138778"/><trkpt lat="36.591968844" lon="-118.371273307"/><trkpt lat="36.591963144" lon="-118.371386547"/><trkpt lat="36.591957528" lon="-118.371499702"/><trkpt lat="36.591973705" lon="-118.371602464"/><trkpt lat="36.592020812" lon="-118.371668095"/><trkpt lat="36.592073198" lon="-118.37165284"/><trkpt lat="36.592144445" lon="-118.371513784"/><trkpt lat="36.59221963" lon="-118.371401886"/><trkpt lat="36.592290876" lon="-118.37126283"/><trkpt lat="36.592414258" lon="-118.37112478"/><trkpt lat="36.592523558" lon="-118.371072728"/><trkpt lat="36.592615424" lon="-118.371031238"/><trkpt lat="36.592720868" lon="-118.370941384"/><trkpt lat="36.592834862" lon="-118.37086251"/><trkpt lat="36.592974588" lon="-118.370821774"/><trkpt lat="36.593096713" lon="-118.370791599"/><trkpt lat="36.593210455" lon="-118.370734267"/><trkpt lat="36.593328305" lon="-118.370704008"/><trkpt lat="36.593445651" lon="-118.370711468"/><trkpt lat="36.593549838" lon="-118.370729489"/><trkpt lat="36.593640028" lon="-118.370833592"/><trkpt lat="36.593752094" lon="-118.370921854"/><trkpt lat="36.59379987" lon="-118.370933505"/><trkpt lat="36.593860304" lon="-118.370972313"/><trkpt lat="36.593916379" lon="-118.371016486"/><trkpt lat="36.593998522" lon="-118.371055713"/><trkpt lat="36.594076473" lon="-118.371089492"/><trkpt lat="36.594215697" lon="-118.371086558"/><trkpt lat="36.594324913" lon="-118.371050684"/><trkpt lat="36.594400182" lon="-118.370933337"/><trkpt lat="36.594501352" lon="-118.370838035"/><trkpt lat="36.594637223" lon="-118.370748768"/><trkpt lat="36.59475985" lon="-118.370675342"/><trkpt lat="36.594869569" lon="-118.370596385"/><trkpt lat="36.59495322" lon="-118.370535029"/><trkpt lat="36.595061179" lon="-118.370440984"/><trkpt lat="36.595135275" lon="-118.37040117"/><trkpt lat="36.595231416" lon="-118.370366385"/><trkpt lat="36.595271565" lon="-118.370399075"/><trkpt lat="36.595244911" lon="-118.370476272"/><trkpt lat="36.595203504" lon="-118.370557744"/><trkpt lat="36.595209287" lon="-118.370694872"/><trkpt lat="36.595182046" lon="-118.370822277"/><trkpt lat="36.595214149" lon="-118.3709097"/><trkpt lat="36.59527651" lon="-118.370933589"/><trkpt lat="36.595368963" lon="-118.370903246"/><trkpt lat="36.595465187" lon="-118.370859325"/><trkpt lat="36.595531572" lon="-118.370855888"/><trkpt lat="36.595623773" lon="-118.370843818"/><trkpt lat="36.595689906" lon="-118.370863264"/><trkpt lat="36.595677333" lon="-118.370995531"/><trkpt lat="36.5956314" lon="-118.371145483"/><trkpt lat="36.595570715" lon="-118.37129971"/><trkpt lat="36.595494775" lon="-118.371494841"/><trkpt lat="36.595433587" lon="-118.371690139"/><trkpt lat="36.595358402" lon="-118.371821316"/><trkpt lat="36.595275337" lon="-118.371998006"/><trkpt lat="36.595196379" lon="-118.372133626"/><trkpt lat="36.595157655" lon="-118.372297408"/><trkpt lat="36.595107783" lon="-118.372474685"/><trkpt lat="36.595031088" lon="-118.372738296"/><trkpt lat="36.59497736" lon="-118.372924626"/><trkpt lat="36.594964033" lon="-118.373120762"/><trkpt lat="36.594961351" lon="-118.373353695"/><trkpt lat="36.594925728" lon="-118.373572379"/><trkpt lat="36.594871245" lon="-118.373822663"/><trkpt lat="36.594828665" lon="-118.374000024"/><trkpt lat="36.594849452" lon="-118.374114605"/><trkpt lat="36.594877448" lon="-118.374243015"/><trkpt lat="36.594890272" lon="-118.374412246"/><trkpt lat="36.594920699" lon="-118.374645766"/><trkpt lat="36.594940564" lon="-118.374842573"/><trkpt lat="36.59497208" lon="-118.374980204"/><trkpt lat="36.59505506" lon="-118.375136945"/><trkpt lat="36.595145669" lon="-118.375266446"/><trkpt lat="36.595276343" lon="-118.375433246"/><trkpt lat="36.595382374" lon="-118.375499127"/><trkpt lat="36.595532242" lon="-118.375602225"/><trkpt lat="36.59565663" lon="-118.375672968"/><trkpt lat="36.595763164" lon="-118.375697695"/><trkpt lat="36.595869781" lon="-118.375717895"/><trkpt lat="36.595972795" lon="-118.375733402"/><trkpt lat="36.596075892" lon="-118.375735246"/><trkpt lat="36.596178822" lon="-118.375750836"/><trkpt lat="36.596270688" lon="-118.375770701"/><trkpt lat="36.596366242" lon="-118.37579065"/><trkpt lat="36.596498592" lon="-118.37581127"/><trkpt lat="36.596620465" lon="-118.37579065"/><trkpt lat="36.596749127" lon="-118.375806659"/><trkpt lat="36.596859433" lon="-118.37582686"/><trkpt lat="36.597007206" lon="-118.375792913"/><trkpt lat="36.597122122" lon="-118.375726445"/><trkpt lat="36.597244246" lon="-118.375678333"/><trkpt lat="36.597363437" lon="-118.37556174"/><trkpt lat="36.597489417" lon="-118.375499966"/><trkpt lat="36.597612882" lon="-118.375337692"/><trkpt lat="36.597698713" lon="-118.375243312"/><trkpt lat="36.597781191" lon="-118.375112303"/><trkpt lat="36.597885881" lon="-118.374981713"/><trkpt lat="36.598020326" lon="-118.374819607"/><trkpt lat="36.598128956" lon="-118.374666218"/><trkpt lat="36.598196849" lon="-118.374525821"/><trkpt lat="36.598279327" lon="-118.374403948"/><trkpt lat="36.598350825" lon="-118.374272687"/><trkpt lat="36.598414108" lon="-118.374214433"/><trkpt lat="36.598525252" lon="-118.374161627"/><trkpt lat="36.598658022" lon="-118.374145702"/><trkpt lat="36.598790372" lon="-118.374166321"/><trkpt lat="36.598922722" lon="-118.37418694"/><trkpt lat="36.599129001" lon="-118.374190629"/><trkpt lat="36.59921349" lon="-118.374214936"/><trkpt lat="36.599353384" lon="-118.374217451"/><trkpt lat="36.59946369" lon="-118.374237651"/><trkpt lat="36.599592185" lon="-118.374271933"/><trkpt lat="36.599706095" lon="-118.374296743"/><trkpt lat="36.599798631" lon="-118.374257265"/><trkpt lat="36.599862082" lon="-118.374185348"/><trkpt lat="36.599930227" lon="-118.374026679"/><trkpt lat="36.600046232" lon="-118.373873373"/><trkpt lat="36.600136254" lon="-118.373728786"/><trkpt lat="36.600222755" lon="-118.373579588"/><trkpt lat="36.600297187" lon="-118.373507755"/><trkpt lat="36.600401541" lon="-118.373404574"/><trkpt lat="36.600512518" lon="-118.37336543"/><trkpt lat="36.600598181" lon="-118.373284712"/><trkpt lat="36.600709576" lon="-118.373209024"/><trkpt lat="36.600817116" lon="-118.373142388"/><trkpt lat="36.600950807" lon="-118.373053372"/><trkpt lat="36.60104393" lon="-118.372963686"/><trkpt lat="36.601155577" lon="-118.372860588"/><trkpt lat="36.601197487" lon="-118.372742571"/><trkpt lat="36.601242414" lon="-118.372674845"/><trkpt lat="36.601310307" lon="-118.372538975"/><trkpt lat="36.601374429" lon="-118.37240763"/><trkpt lat="36.601453889" lon="-118.372226246"/><trkpt lat="36.601517592" lon="-118.372131446"/><trkpt lat="36.601595962" lon="-118.372041509"/><trkpt lat="36.601681625" lon="-118.371960791"/><trkpt lat="36.601789081" lon="-118.371907817"/><trkpt lat="36.601914642" lon="-118.371882671"/><trkpt lat="36.602039952" lon="-118.371871188"/><trkpt lat="36.60212067" lon="-118.371900022"/><trkpt lat="36.602241704" lon="-118.371947883"/><trkpt lat="36.602336839" lon="-118.372004377"/><trkpt lat="36.602388304" lon="-118.372009825"/><trkpt lat="36.602447229" lon="-118.372010915"/><trkpt lat="36.602501711" lon="-118.372084927"/><trkpt lat="36.602559211" lon="-118.372204788"/><trkpt lat="36.602632301" lon="-118.372256337"/><trkpt lat="36.602711426" lon="-118.372426741"/><trkpt lat="36.602824582" lon="-118.372510979"/><trkpt lat="36.602915693" lon="-118.372599408"/><trkpt lat="36.603003703" lon="-118.372637546"/><trkpt lat="36.603099341" lon="-118.372648358"/><trkpt lat="36.60319129" lon="-118.372659087"/><trkpt lat="36.603272678" lon="-118.372628577"/><trkpt lat="36.603380386" lon="-118.372552805"/><trkpt lat="36.603473173" lon="-118.372490527"/><trkpt lat="36.603569817" lon="-118.372414587"/><trkpt lat="36.603670483" lon="-118.372311238"/><trkpt lat="36.603804175" lon="-118.372217696"/><trkpt lat="36.603896879" lon="-118.372159945"/><trkpt lat="36.604041047" lon="-118.372121388"/><trkpt lat="36.604180606" lon="-118.372155838"/><trkpt lat="36.604308682" lon="-118.372226665"/><trkpt lat="36.604404403" lon="-118.372232867"/><trkpt lat="36.604496101" lon="-118.372266479"/><trkpt lat="36.60463918" lon="-118.372319285"/><trkpt lat="36.604752839" lon="-118.372362452"/><trkpt lat="36.60488477" lon="-118.372428752"/><trkpt lat="36.605020221" lon="-118.372495137"/><trkpt lat="36.605166402" lon="-118.372598235"/><trkpt lat="36.605335297" lon="-118.37265146"/><trkpt lat="36.605478628" lon="-118.372676857"/><trkpt lat="36.605614414" lon="-118.372720359"/><trkpt lat="36.605731929" lon="-118.372749863"/><trkpt lat="36.605879031" lon="-118.372775344"/><trkpt lat="36.605996881" lon="-118.37277744"/><trkpt lat="36.60609277" lon="-118.37276998"/><trkpt lat="36.60620735" lon="-118.37273092"/><trkpt lat="36.606325535" lon="-118.372705607"/><trkpt lat="36.606506836" lon="-118.372635702"/><trkpt lat="36.606676904" lon="-118.372579291"/><trkpt lat="36.60683549" lon="-118.372568395"/><trkpt lat="36.6069494" lon="-118.372588679"/><trkpt lat="36.607023245" lon="-118.372576358"/><trkpt lat="36.607155427" lon="-118.37261064"/><trkpt lat="36.607294567" lon="-118.372686245"/><trkpt lat="36.607418871" lon="-118.37277065"/><trkpt lat="36.607536217" lon="-118.372813901"/><trkpt lat="36.607660605" lon="-118.37288917"/><trkpt lat="36.607770491" lon="-118.37294139"/><trkpt lat="36.607861686" lon="-118.373020682"/><trkpt lat="36.607963359" lon="-118.373145824"/><trkpt lat="36.608043239" lon="-118.373247748"/><trkpt lat="36.6081372" lon="-118.373404741"/><trkpt lat="36.608227976" lon="-118.373520579"/><trkpt lat="36.608359655" lon="-118.373600626"/><trkpt lat="36.608439954" lon="-118.373666005"/><trkpt lat="36.60857507" lon="-118.373768935"/><trkpt lat="36.608716724" lon="-118.373945039"/><trkpt lat="36.608840693" lon="-118.374056937"/><trkpt lat="36.608920237" lon="-118.37418627"/><trkpt lat="36.608941108" lon="-118.374291714"/><trkpt lat="36.608954268" lon="-118.374424484"/><trkpt lat="36.608948819" lon="-118.374584243"/><trkpt lat="36.608906658" lon="-118.374720616"/><trkpt lat="36.608886626" lon="-118.374866461"/><trkpt lat="36.608874137" lon="-118.374989592"/><trkpt lat="36.608861228" lon="-118.375149267"/><trkpt lat="36.608866593" lon="-118.375323024"/><trkpt lat="36.608879417" lon="-118.375492254"/><trkpt lat="36.60889593" lon="-118.375657042"/><trkpt lat="36.608909173" lon="-118.375785202"/><trkpt lat="36.608940186" lon="-118.375893915"/><trkpt lat="36.609034063" lon="-118.376013692"/><trkpt lat="36.609132299" lon="-118.376298761"/><trkpt lat="36.609237744" lon="-118.376505291"/><trkpt lat="36.60933556" lon="-118.376829755"/><trkpt lat="36.609358527" lon="-118.377042739"/><trkpt lat="36.609336399" lon="-118.377309954"/><trkpt lat="36.609245371" lon="-118.377497206"/><trkpt lat="36.609154176" lon="-118.377700299"/><trkpt lat="36.609018641" lon="-118.377894675"/><trkpt lat="36.60892183" lon="-118.378034569"/><trkpt lat="36.608824851" lon="-118.378190305"/><trkpt lat="36.608728627" lon="-118.378283009"/><trkpt lat="36.608611532" lon="-118.37853279"/><trkpt lat="36.608552188" lon="-118.378720712"/><trkpt lat="36.608543806" lon="-118.378901593"/><trkpt lat="36.608592924" lon="-118.37904417"/><trkpt lat="36.608693339" lon="-118.379140394"/><trkpt lat="36.608858211" lon="-118.379151206"/><trkpt lat="36.609086953" lon="-118.379123798"/><trkpt lat="36.609264566" lon="-118.379134778"/><trkpt lat="36.609435976" lon="-118.37913"/><trkpt lat="36.609588694" lon="-118.379093371"/><trkpt lat="36.609747699" lon="-118.379064705"/><trkpt lat="36.609874349" lon="-118.379082726"/><trkpt lat="36.610020697" lon="-118.379053809"/><trkpt lat="36.610237369" lon="-118.378971079"/><trkpt lat="36.610435182" lon="-118.37888022"/><trkpt lat="36.610639114" lon="-118.378805118"/><trkpt lat="36.61084271" lon="-118.378761532"/><trkpt lat="36.611014372" lon="-118.378733033"/><trkpt lat="36.611185446" lon="-118.378759772"/><trkpt lat="36.611343361" lon="-118.378817691"/><trkpt lat="36.611475544" lon="-118.378914502"/><trkpt lat="36.611588616" lon="-118.379010977"/><trkpt lat="36.611664053" lon="-118.379075266"/><trkpt lat="36.611771425" lon="-118.379124384"/><trkpt lat="36.611897741" lon="-118.379173921"/><trkpt lat="36.612017853" lon="-118.379215412"/><trkpt lat="36.61211919" lon="-118.37923293"/><trkpt lat="36.612214325" lon="-118.379234606"/><trkpt lat="36.6123538" lon="-118.379245"/><trkpt lat="36.612525042" lon="-118.379255896"/><trkpt lat="36.612677593" lon="-118.379235025"/><trkpt lat="36.612792257" lon="-118.379197726"/><trkpt lat="36.612938941" lon="-118.379137376"/><trkpt lat="36.61305394" lon="-118.379068561"/><trkpt lat="36.613169191" lon="-118.378983987"/><trkpt lat="36.613278072" lon="-118.378891451"/><trkpt lat="36.61339324" lon="-118.378814841"/><trkpt lat="36.613521064" lon="-118.378738398"/><trkpt lat="36.613629609" lon="-118.378677377"/><trkpt lat="36.613763133" lon="-118.378656087"/><trkpt lat="36.613902524" lon="-118.37867436"/><trkpt lat="36.61406748" lon="-118.378677294"/><trkpt lat="36.614238638" lon="-118.378696069"/><trkpt lat="36.6143528" lon="-118.378698081"/><trkpt lat="36.614479618" lon="-118.378708223"/><trkpt lat="36.61460015" lon="-118.378710402"/><trkpt lat="36.614714395" lon="-118.378712414"/><trkpt lat="36.614872981" lon="-118.378715264"/><trkpt lat="36.615031147" lon="-118.378757425"/><trkpt lat="36.615145225" lon="-118.378775194"/><trkpt lat="36.615258297" lon="-118.37887167"/><trkpt lat="36.61537732" lon="-118.379007624"/><trkpt lat="36.615490057" lon="-118.379135616"/><trkpt lat="36.615583515" lon="-118.379286826"/><trkpt lat="36.615709495" lon="-118.379367795"/><trkpt lat="36.615841845" lon="-118.379448848"/><trkpt lat="36.615999676" lon="-118.379522525"/><trkpt lat="36.616126159" lon="-118.379556304"/><trkpt lat="36.616303436" lon="-118.379590921"/><trkpt lat="36.616468057" lon="-118.379625371"/><trkpt lat="36.616626643" lon="-118.379628137"/><trkpt lat="36.616785228" lon="-118.379638866"/><trkpt lat="36.616912298" lon="-118.379625371"/><trkpt lat="36.617026879" lon="-118.37959595"/><trkpt lat="36.617179345" lon="-118.379582958"/><trkpt lat="36.61738202" lon="-118.379617995"/><trkpt lat="36.617565751" lon="-118.379644901"/><trkpt lat="36.617724085" lon="-118.379671387"/><trkpt lat="36.617901782" lon="-118.379666694"/><trkpt lat="36.618098672" lon="-118.379654456"/><trkpt lat="36.618250888" lon="-118.379665017"/><trkpt lat="36.618352309" lon="-118.379674656"/><trkpt lat="36.618472924" lon="-118.379668957"/><trkpt lat="36.618612735" lon="-118.379655713"/><trkpt lat="36.618764615" lon="-118.379689911"/><trkpt lat="36.618865868" lon="-118.379715309"/><trkpt lat="36.618998637" lon="-118.37975705"/><trkpt lat="36.619074242" lon="-118.379805665"/><trkpt lat="36.619194439" lon="-118.379839277"/><trkpt lat="36.619326621" lon="-118.379928209"/><trkpt lat="36.619490655" lon="-118.380017811"/><trkpt lat="36.619603476" lon="-118.38013784"/><trkpt lat="36.619684948" lon="-118.380225934"/><trkpt lat="36.619765498" lon="-118.38039265"/><trkpt lat="36.619840097" lon="-118.38052785"/><trkpt lat="36.619933974" lon="-118.380639749"/><trkpt lat="36.62000237" lon="-118.380766902"/><trkpt lat="36.620127261" lon="-118.380942335"/><trkpt lat="36.620233376" lon="-118.381093796"/><trkpt lat="36.620332953" lon="-118.381260931"/><trkpt lat="36.620426746" lon="-118.381380709"/><trkpt lat="36.620533196" lon="-118.381508533"/><trkpt lat="36.620678119" lon="-118.381597716"/><trkpt lat="36.620822959" lon="-118.381694779"/><trkpt lat="36.620955141" lon="-118.381783711"/><trkpt lat="36.621119427" lon="-118.381849676"/><trkpt lat="36.621251442" lon="-118.381954366"/><trkpt lat="36.621382954" lon="-118.382106246"/><trkpt lat="36.621577749" lon="-118.382275058"/><trkpt lat="36.621703729" lon="-118.382356027"/><trkpt lat="36.621829206" lon="-118.38248427"/><trkpt lat="36.621941859" lon="-118.382620141"/><trkpt lat="36.622066917" lon="-118.382779816"/><trkpt lat="36.622186191" lon="-118.382892134"/><trkpt lat="36.622330109" lon="-118.383067902"/><trkpt lat="36.622486599" lon="-118.383251801"/><trkpt lat="36.62263127" lon="-118.383364622"/><trkpt lat="36.622769572" lon="-118.383477274"/><trkpt lat="36.6228953" lon="-118.38358188"/><trkpt lat="36.623071656" lon="-118.383695288"/><trkpt lat="36.623222865" lon="-118.383792434"/><trkpt lat="36.623367704" lon="-118.383889496"/><trkpt lat="36.623506509" lon="-118.383954959"/><trkpt lat="36.623658054" lon="-118.384020673"/><trkpt lat="36.623777747" lon="-118.384101558"/><trkpt lat="36.623910349" lon="-118.384159058"/><trkpt lat="36.624049488" lon="-118.384200884"/><trkpt lat="36.624182761" lon="-118.384195352"/><trkpt lat="36.624322403" lon="-118.384197867"/><trkpt lat="36.624480402" lon="-118.38424799"/><trkpt lat="36.624606634" lon="-118.384313202"/><trkpt lat="36.624783659" lon="-118.384371456"/><trkpt lat="36.624910058" lon="-118.384413114"/><trkpt lat="36.624998488" lon="-118.384446139"/><trkpt lat="36.625188589" lon="-118.384473212"/><trkpt lat="36.625366034" lon="-118.384492155"/><trkpt lat="36.625506012" lon="-118.384463154"/><trkpt lat="36.625658479" lon="-118.384450078"/><trkpt lat="36.625817651" lon="-118.384405738"/><trkpt lat="36.626033233" lon="-118.384417472"/><trkpt lat="36.626229621" lon="-118.384452509"/><trkpt lat="36.626419472" lon="-118.384495256"/><trkpt lat="36.626615776" lon="-118.384530209"/><trkpt lat="36.626811661" lon="-118.38460464"/><trkpt lat="36.627026238" lon="-118.384710755"/><trkpt lat="36.627202509" lon="-118.384832041"/><trkpt lat="36.627372578" lon="-118.384937486"/><trkpt lat="36.627518088" lon="-118.384979395"/><trkpt lat="36.627720678" lon="-118.385022394"/><trkpt lat="36.627916899" lon="-118.38506531"/><trkpt lat="36.628088225" lon="-118.385068327"/><trkpt lat="36.628239937" lon="-118.385118283"/><trkpt lat="36.62842392" lon="-118.385121636"/><trkpt lat="36.628639586" lon="-118.385133371"/><trkpt lat="36.628772607" lon="-118.385151476"/><trkpt lat="36.628925074" lon="-118.385138484"/><trkpt lat="36.629083576" lon="-118.385149213"/><trkpt lat="36.629203856" lon="-118.385174945"/><trkpt lat="36.629343247" lon="-118.385193218"/><trkpt lat="36.629489008" lon="-118.385211574"/><trkpt lat="36.629660167" lon="-118.385230349"/><trkpt lat="36.629787153" lon="-118.385224734"/><trkpt lat="36.629965017" lon="-118.385212244"/><trkpt lat="36.630117064" lon="-118.385230685"/><trkpt lat="36.630243799" lon="-118.385248706"/><trkpt lat="36.630383693" lon="-118.385219704"/><trkpt lat="36.630555354" lon="-118.385199169"/><trkpt lat="36.630707653" lon="-118.385194056"/><trkpt lat="36.63095559" lon="-118.385159103"/><trkpt lat="36.631195648" lon="-118.385250047"/><trkpt lat="36.631385665" lon="-118.385284916"/><trkpt lat="36.631531594" lon="-118.385287514"/><trkpt lat="36.631671321" lon="-118.385274271"/><trkpt lat="36.631855806" lon="-118.385238228"/><trkpt lat="36.632027216" lon="-118.385233451"/><trkpt lat="36.632223604" lon="-118.385260524"/><trkpt lat="36.63238219" lon="-118.385271253"/><trkpt lat="36.632521916" lon="-118.38525801"/><trkpt lat="36.632680334" lon="-118.385276617"/><trkpt lat="36.632826179" lon="-118.385287095"/><trkpt lat="36.632991554" lon="-118.385258596"/><trkpt lat="36.633162796" lon="-118.385261614"/><trkpt lat="36.633340828" lon="-118.385233367"/><trkpt lat="36.633448871" lon="-118.385219537"/><trkpt lat="36.633633273" lon="-118.38519129"/><trkpt lat="36.633760594" lon="-118.385154242"/><trkpt lat="36.633919096" lon="-118.385164971"/><trkpt lat="36.634051865" lon="-118.385214591"/><trkpt lat="36.634183545" lon="-118.385350797"/><trkpt lat="36.6343024" lon="-118.385494631"/><trkpt lat="36.634396529" lon="-118.385590855"/><trkpt lat="36.634484287" lon="-118.385679033"/><trkpt lat="36.634603981" lon="-118.385759918"/><trkpt lat="36.634786455" lon="-118.385889167"/><trkpt lat="36.634924756" lon="-118.38600182"/><trkpt lat="36.635025339" lon="-118.386090249"/><trkpt lat="36.635074792" lon="-118.386201393"/><trkpt lat="36.635041349" lon="-118.386350423"/><trkpt lat="36.635007486" lon="-118.386530885"/><trkpt lat="36.634948561" lon="-118.386687292"/><trkpt lat="36.634953422" lon="-118.386813356"/><trkpt lat="36.634983681" lon="-118.386939922"/><trkpt lat="36.635052916" lon="-118.38698837"/><trkpt lat="36.635161294" lon="-118.386950986"/><trkpt lat="36.635295404" lon="-118.386874627"/><trkpt lat="36.635454996" lon="-118.386798771"/><trkpt lat="36.635569828" lon="-118.386745714"/><trkpt lat="36.635709554" lon="-118.38673247"/><trkpt lat="36.635798234" lon="-118.386749821"/><trkpt lat="36.635873504" lon="-118.386821989"/><trkpt lat="36.635853555" lon="-118.386900444"/><trkpt lat="36.635795385" lon="-118.386993818"/><trkpt lat="36.635781471" lon="-118.387095993"/><trkpt lat="36.635838049" lon="-118.387144189"/><trkpt lat="36.635894291" lon="-118.387216106"/><trkpt lat="36.635956904" lon="-118.387295986"/><trkpt lat="36.635968303" lon="-118.387406375"/><trkpt lat="36.635846766" lon="-118.387482986"/><trkpt lat="36.635750877" lon="-118.387544258"/><trkpt lat="36.635616347" lon="-118.387652049"/><trkpt lat="36.635539401" lon="-118.387721535"/><trkpt lat="36.635537641" lon="-118.387871152"/><trkpt lat="36.63565767" lon="-118.387920521"/><trkpt lat="36.635783818" lon="-118.387985732"/><trkpt lat="36.63592983" lon="-118.387980536"/><trkpt lat="36.636050949" lon="-118.387935441"/><trkpt lat="36.636191178" lon="-118.387882886"/><trkpt lat="36.636318248" lon="-118.387869392"/><trkpt lat="36.636413885" lon="-118.387831757"/><trkpt lat="36.63652855" lon="-118.387794374"/><trkpt lat="36.636693841" lon="-118.387773754"/><trkpt lat="36.636846224" lon="-118.387760762"/><trkpt lat="36.637055436" lon="-118.387780292"/><trkpt lat="36.637264816" lon="-118.38778398"/><trkpt lat="36.637424156" lon="-118.387723882"/><trkpt lat="36.637614928" lon="-118.387695802"/><trkpt lat="36.637780638" lon="-118.387627909"/><trkpt lat="36.637940314" lon="-118.387544174"/><trkpt lat="36.638118764" lon="-118.387476532"/><trkpt lat="36.638233596" lon="-118.387423474"/><trkpt lat="36.638341723" lon="-118.387401765"/><trkpt lat="36.638512379" lon="-118.387467815"/><trkpt lat="36.638695523" lon="-118.387541994"/><trkpt lat="36.638859557" lon="-118.387623634"/><trkpt lat="36.639010347" lon="-118.38775238"/><trkpt lat="36.639048317" lon="-118.387864195"/><trkpt lat="36.639006156" lon="-118.387914989"/><trkpt lat="36.638989896" lon="-118.388013225"/><trkpt lat="36.639026608" lon="-118.388107773"/><trkpt lat="36.639105147" lon="-118.388184216"/><trkpt lat="36.639206819" lon="-118.388214223"/><trkpt lat="36.639346462" lon="-118.388240207"/><trkpt lat="36.639433131" lon="-118.388265185"/><trkpt lat="36.639553914" lon="-118.388281446"/><trkpt lat="36.639651982" lon="-118.388306675"/><trkpt lat="36.639742088" lon="-118.388359901"/><trkpt lat="36.639810316" lon="-118.388342382"/><trkpt lat="36.639913497" lon="-118.388250349"/><trkpt lat="36.639993712" lon="-118.38818145"/><trkpt lat="36.640096474" lon="-118.388126967"/><trkpt lat="36.640199823" lon="-118.388016243"/><trkpt lat="36.640310464" lon="-118.387933765"/><trkpt lat="36.640409036" lon="-118.387912055"/><trkpt lat="36.640541805" lon="-118.387872241"/><trkpt lat="36.64065538" lon="-118.387860171"/><trkpt lat="36.640777085" lon="-118.38779672"/><trkpt lat="36.640895437" lon="-118.387700245"/><trkpt lat="36.641028374" lon="-118.387646349"/><trkpt lat="36.641127113" lon="-118.387615336"/><trkpt lat="36.641244544" lon="-118.387593962"/><trkpt lat="36.641343115" lon="-118.387572253"/><trkpt lat="36.641475381" lon="-118.3875746"/><trkpt lat="36.641604127" lon="-118.387562865"/><trkpt lat="36.641721139" lon="-118.387579042"/><trkpt lat="36.64177713" lon="-118.387641069"/><trkpt lat="36.641836138" lon="-118.387768809"/><trkpt lat="36.641808143" lon="-118.38789965"/><trkpt lat="36.64174553" lon="-118.388086231"/><trkpt lat="36.641702531" lon="-118.388207434"/><trkpt lat="36.641677637" lon="-118.388394685"/><trkpt lat="36.641710745" lon="-118.38847029"/><trkpt lat="36.641781824" lon="-118.388541956"/><trkpt lat="36.641818704" lon="-118.388622422"/><trkpt lat="36.641855082" lon="-118.388745049"/><trkpt lat="36.641914425" lon="-118.388844626"/><trkpt lat="36.641970836" lon="-118.388869101"/><trkpt lat="36.64211031" lon="-118.388904473"/><trkpt lat="36.642269315" lon="-118.388888547"/><trkpt lat="36.642462686" lon="-118.388840435"/><trkpt lat="36.642640466" lon="-118.388838926"/><trkpt lat="36.642757813" lon="-118.38882694"/><trkpt lat="36.642904915" lon="-118.388857786"/><trkpt lat="36.643039864" lon="-118.38895401"/><trkpt lat="36.643126449" lon="-118.388988376"/><trkpt lat="36.643220074" lon="-118.389065154"/><trkpt lat="36.643340271" lon="-118.389137741"/><trkpt lat="36.643483266" lon="-118.389196582"/><trkpt lat="36.64368175" lon="-118.389291884"/><trkpt lat="36.643885262" lon="-118.389285598"/><trkpt lat="36.644107467" lon="-118.389251651"/><trkpt lat="36.644313829" lon="-118.389264811"/><trkpt lat="36.644505439" lon="-118.389230277"/><trkpt lat="36.644742563" lon="-118.389234552"/><trkpt lat="36.644918332" lon="-118.389247209"/><trkpt lat="36.645109272" lon="-118.389269672"/><trkpt lat="36.645307504" lon="-118.389320634"/><trkpt lat="36.645498024" lon="-118.389381068"/><trkpt lat="36.645735148" lon="-118.389409818"/><trkpt lat="36.646061791" lon="-118.389433371"/><trkpt lat="36.646359852" lon="-118.389474023"/><trkpt lat="36.646572417" lon="-118.389530769"/><trkpt lat="36.646798393" lon="-118.389658257"/><trkpt lat="36.647009365" lon="-118.389856154"/><trkpt lat="36.64724825" lon="-118.390089758"/><trkpt lat="36.647530301" lon="-118.390288912"/><trkpt lat="36.647675559" lon="-118.390381616"/><trkpt lat="36.647860296" lon="-118.39042034"/><trkpt lat="36.648073616" lon="-118.390450682"/><trkpt lat="36.648329515" lon="-118.390490664"/><trkpt lat="36.648600334" lon="-118.39047784"/><trkpt lat="36.648806697" lon="-118.390490413"/><trkpt lat="36.648978023" lon="-118.390458142"/><trkpt lat="36.649163263" lon="-118.39045261"/><trkpt lat="36.649355711" lon="-118.390438361"/><trkpt lat="36.649583783" lon="-118.390424782"/><trkpt lat="36.649790648" lon="-118.390401984"/><trkpt lat="36.649983432" lon="-118.390361248"/><trkpt lat="36.650162134" lon="-118.390302658"/><trkpt lat="36.650347626" lon="-118.39027944"/><trkpt lat="36.650518281" lon="-118.390300227"/><trkpt lat="36.650696397" lon="-118.390294528"/><trkpt lat="36.650838805" lon="-118.390297126"/><trkpt lat="36.650981382" lon="-118.39029084"/><trkpt lat="36.651138458" lon="-118.390258318"/><trkpt lat="36.651338618" lon="-118.390191179"/><trkpt lat="36.651488906" lon="-118.390132086"/><trkpt lat="36.651639361" lon="-118.390055224"/><trkpt lat="36.651761234" lon="-118.38998666"/><trkpt lat="36.651897272" lon="-118.389927233"/><trkpt lat="36.652053846" lon="-118.389938883"/><trkpt lat="36.652196422" lon="-118.389923796"/><trkpt lat="36.652338495" lon="-118.389952881"/><trkpt lat="36.652445449" lon="-118.389945924"/><trkpt lat="36.652595485" lon="-118.389904434"/><trkpt lat="36.652760273" lon="-118.389819022"/><trkpt lat="36.652882062" lon="-118.389759343"/><trkpt lat="36.653018603" lon="-118.389655743"/><trkpt lat="36.653133184" lon="-118.389604781"/><trkpt lat="36.653240724" lon="-118.38954485"/><trkpt lat="36.653340971" lon="-118.389493637"/><trkpt lat="36.653463012" lon="-118.389416272"/><trkpt lat="36.653620591" lon="-118.389339494"/><trkpt lat="36.653777752" lon="-118.389298171"/><trkpt lat="36.653920328" lon="-118.389283"/><trkpt lat="36.654120488" lon="-118.389224745"/><trkpt lat="36.6542634" lon="-118.389183171"/><trkpt lat="36.65440673" lon="-118.389106141"/><trkpt lat="36.654550396" lon="-118.389002709"/><trkpt lat="36.654686099" lon="-118.388969768"/><trkpt lat="36.654800847" lon="-118.38890112"/><trkpt lat="36.654930515" lon="-118.388779666"/><trkpt lat="36.655059597" lon="-118.388702469"/><trkpt lat="36.655203598" lon="-118.388563581"/><trkpt lat="36.655347431" lon="-118.388451263"/><trkpt lat="36.655476177" lon="-118.388400553"/><trkpt lat="36.65559805" lon="-118.388331989"/><trkpt lat="36.655734591" lon="-118.388228389"/><trkpt lat="36.655863421" lon="-118.388177678"/><trkpt lat="36.6560065" lon="-118.388118418"/><trkpt lat="36.656142622" lon="-118.388050105"/><trkpt lat="36.656293999" lon="-118.387893699"/><trkpt lat="36.656444371" lon="-118.387825722"/><trkpt lat="36.656573284" lon="-118.387766127"/><trkpt lat="36.656737486" lon="-118.387733772"/><trkpt lat="36.656873105" lon="-118.387709633"/><trkpt lat="36.657023644" lon="-118.387623969"/><trkpt lat="36.65718114" lon="-118.387556076"/><trkpt lat="36.657317011" lon="-118.387505449"/><trkpt lat="36.657481799" lon="-118.387420038"/><trkpt lat="36.657632673" lon="-118.387307804"/><trkpt lat="36.657754714" lon="-118.387230439"/><trkpt lat="36.657870132" lon="-118.387099933"/><trkpt lat="36.657998962" lon="-118.387049222"/><trkpt lat="36.658070711" lon="-118.387006307"/><trkpt lat="36.658156542" lon="-118.386972528"/><trkpt lat="36.658293502" lon="-118.386833556"/><trkpt lat="36.658387547" lon="-118.386702631"/><trkpt lat="36.658459632" lon="-118.386633145"/><trkpt lat="36.658531632" lon="-118.386563743"/><trkpt lat="36.658668593" lon="-118.386424771"/><trkpt lat="36.658777222" lon="-118.38626761"/><trkpt lat="36.658927929" lon="-118.386173062"/><trkpt lat="36.659107134" lon="-118.386070216"/><trkpt lat="36.659250297" lon="-118.386010872"/><trkpt lat="36.659400584" lon="-118.385951696"/><trkpt lat="36.659579789" lon="-118.38584885"/><trkpt lat="36.659709457" lon="-118.385727396"/><trkpt lat="36.659831833" lon="-118.385614743"/><trkpt lat="36.659954712" lon="-118.385457834"/><trkpt lat="36.660098042" lon="-118.385380805"/><trkpt lat="36.660248749" lon="-118.385286257"/><trkpt lat="36.660499787" lon="-118.385131611"/><trkpt lat="36.660635909" lon="-118.385063382"/><trkpt lat="36.660937238" lon="-118.384874286"/><trkpt lat="36.661031367" lon="-118.384743361"/><trkpt lat="36.661185008" lon="-118.384392494"/><trkpt lat="36.661251308" lon="-118.384199208"/><trkpt lat="36.661426155" lon="-118.383866446"/><trkpt lat="36.66157661" lon="-118.383789584"/><trkpt lat="36.661785822" lon="-118.383554639"/><trkpt lat="36.661901325" lon="-118.383424133"/><trkpt lat="36.662153117" lon="-118.383207629"/><trkpt lat="36.66229628" lon="-118.383148285"/><trkpt lat="36.662468864" lon="-118.383001098"/><trkpt lat="36.66260398" lon="-118.383021215"/><trkpt lat="36.662723841" lon="-118.383129425"/><trkpt lat="36.662884941" lon="-118.383362191"/><trkpt lat="36.662991978" lon="-118.383346433"/><trkpt lat="36.663134554" lon="-118.383331262"/><trkpt lat="36.663226839" lon="-118.383359425"/><trkpt lat="36.663425155" lon="-118.383451374"/><trkpt lat="36.663545435" lon="-118.383524297"/><trkpt lat="36.663643671" lon="-118.383649774"/><trkpt lat="36.66380058" lon="-118.383634938"/><trkpt lat="36.663978696" lon="-118.383629322"/><trkpt lat="36.664120601" lon="-118.383676009"/><trkpt lat="36.66424742" lon="-118.383793272"/><trkpt lat="36.664337944" lon="-118.383971639"/><trkpt lat="36.664426709" lon="-118.384300377"/><trkpt lat="36.664531901" lon="-118.384443708"/><trkpt lat="36.664672969" lon="-118.384561138"/><trkpt lat="36.664828621" lon="-118.384652333"/><trkpt lat="36.664955942" lon="-118.38472534"/><trkpt lat="36.665239166" lon="-118.384871855"/><trkpt lat="36.665387359" lon="-118.384989453"/><trkpt lat="36.665606881" lon="-118.385099508"/><trkpt lat="36.665678713" lon="-118.385047708"/><trkpt lat="36.665828833" lon="-118.384997416"/><trkpt lat="36.666093366" lon="-118.384913681"/><trkpt lat="36.666264525" lon="-118.384890296"/><trkpt lat="36.666428642" lon="-118.384866659"/><trkpt lat="36.666614888" lon="-118.384772781"/><trkpt lat="36.666785795" lon="-118.384775883"/><trkpt lat="36.666992577" lon="-118.384753"/><trkpt lat="36.667170608" lon="-118.384756185"/><trkpt lat="36.667321064" lon="-118.384679323"/><trkpt lat="36.667414773" lon="-118.384583769"/><trkpt lat="36.667571515" lon="-118.384577734"/><trkpt lat="36.667685928" lon="-118.384544458"/><trkpt lat="36.667808387" lon="-118.384422837"/><trkpt lat="36.667937217" lon="-118.384372126"/><trkpt lat="36.668088594" lon="-118.38421572"/><trkpt lat="36.668175431" lon="-118.384093512"/><trkpt lat="36.668358073" lon="-118.383698892"/><trkpt lat="36.668409118" lon="-118.383593783"/><trkpt lat="36.668518502" lon="-118.38337468"/><trkpt lat="36.668619923" lon="-118.383226236"/><trkpt lat="36.66872168" lon="-118.383051222"/><trkpt lat="36.668808265" lon="-118.382955501"/><trkpt lat="36.668945309" lon="-118.382807644"/><trkpt lat="36.669087801" lon="-118.382801358"/><trkpt lat="36.669407738" lon="-118.382851314"/><trkpt lat="36.669571102" lon="-118.382889619"/><trkpt lat="36.669890787" lon="-118.382966062"/><trkpt lat="36.670040069" lon="-118.38298643"/><trkpt lat="36.670238553" lon="-118.383069579"/><trkpt lat="36.670331089" lon="-118.383071171"/><trkpt lat="36.670502499" lon="-118.3830301"/><trkpt lat="36.67073057" lon="-118.383016437"/><trkpt lat="36.670860071" lon="-118.382903868"/><trkpt lat="36.671009772" lon="-118.382897666"/><trkpt lat="36.671215631" lon="-118.382954411"/><trkpt lat="36.671301043" lon="-118.38295592"/><trkpt lat="36.671493324" lon="-118.38295944"/><trkpt lat="36.671644198" lon="-118.382847207"/><trkpt lat="36.671701781" lon="-118.382795155"/><trkpt lat="36.671773028" lon="-118.382796412"/><trkpt lat="36.671944689" lon="-118.38272877"/><trkpt lat="36.672116099" lon="-118.382687615"/><trkpt lat="36.672273846" lon="-118.382602036"/><trkpt lat="36.672430756" lon="-118.382578315"/><trkpt lat="36.672689253" lon="-118.382397266"/><trkpt lat="36.672839541" lon="-118.38233809"/><trkpt lat="36.673182445" lon="-118.382246979"/><trkpt lat="36.673345556" lon="-118.382311771"/><trkpt lat="36.673658034" lon="-118.38238813"/><trkpt lat="36.673807651" lon="-118.382381927"/><trkpt lat="36.674136305" lon="-118.382387962"/><trkpt lat="36.67428039" lon="-118.382350076"/><trkpt lat="36.674453812" lon="-118.382304562"/><trkpt lat="36.674633687" lon="-118.382267263"/><trkpt lat="36.674771486" lon="-118.382204901"/><trkpt lat="36.674964353" lon="-118.382175984"/><trkpt lat="36.675127801" lon="-118.382150587"/><trkpt lat="36.675258642" lon="-118.382120496"/><trkpt lat="36.675458383" lon="-118.382063331"/><trkpt lat="36.675530216" lon="-118.382060565"/><trkpt lat="36.67560582" lon="-118.382013291"/><trkpt lat="36.675746385" lon="-118.381991498"/><trkpt lat="36.675899774" lon="-118.381990157"/><trkpt lat="36.676024329" lon="-118.381935675"/><trkpt lat="36.676099515" lon="-118.381928969"/><trkpt lat="36.676252987" lon="-118.381919581"/><trkpt lat="36.676416267" lon="-118.381906254"/><trkpt lat="36.67658315" lon="-118.381868703"/><trkpt lat="36.676708041" lon="-118.381789997"/><trkpt lat="36.676803259" lon="-118.381739035"/><trkpt lat="36.676875595" lon="-118.381691677"/><trkpt lat="36.677019093" lon="-118.381698299"/><trkpt lat="36.677175332" lon="-118.38172948"/><trkpt lat="36.677321848" lon="-118.381756386"/><trkpt lat="36.677455287" lon="-118.381787147"/><trkpt lat="36.677537095" lon="-118.381768372"/><trkpt lat="36.677615885" lon="-118.381725205"/><trkpt lat="36.677701548" lon="-118.381657898"/><trkpt lat="36.677820655" lon="-118.381514149"/><trkpt lat="36.677936241" lon="-118.38139873"/><trkpt lat="36.678038752" lon="-118.381279036"/><trkpt lat="36.67821276" lon="-118.381189015"/><trkpt lat="36.678350559" lon="-118.38112263"/><trkpt lat="36.678499086" lon="-118.38097536"/><trkpt lat="36.678608302" lon="-118.380839573"/><trkpt lat="36.678743418" lon="-118.380728597"/><trkpt lat="36.678855149" lon="-118.380657686"/><trkpt lat="36.67892145" lon="-118.380573783"/><trkpt lat="36.679027732" lon="-118.380405558"/><trkpt lat="36.67911415" lon="-118.380269352"/><trkpt lat="36.679213308" lon="-118.380161729"/><trkpt lat="36.679278854" lon="-118.380138595"/><trkpt lat="36.67937642" lon="-118.380168686"/><trkpt lat="36.679454874" lon="-118.380157957"/><trkpt lat="36.67958538" lon="-118.38015628"/><trkpt lat="36.679722844" lon="-118.38012225"/><trkpt lat="36.679798616" lon="-118.380054692"/><trkpt lat="36.679877909" lon="-118.37997104"/><trkpt lat="36.680006403" lon="-118.379864004"/><trkpt lat="36.680137832" lon="-118.379785297"/><trkpt lat="36.680246294" lon="-118.379722433"/><trkpt lat="36.680315612" lon="-118.379650768"/><trkpt lat="36.680437904" lon="-118.379519256"/><trkpt lat="36.680563297" lon="-118.379395958"/><trkpt lat="36.680708556" lon="-118.379252711"/><trkpt lat="36.680839816" lon="-118.379186159"/><trkpt lat="36.680970993" lon="-118.379127737"/><trkpt lat="36.681141146" lon="-118.37909027"/><trkpt lat="36.681285063" lon="-118.37906043"/><trkpt lat="36.681465022" lon="-118.379019108"/><trkpt lat="36.681641378" lon="-118.379002009"/><trkpt lat="36.681791581" lon="-118.378992537"/><trkpt lat="36.681981348" lon="-118.378951382"/><trkpt lat="36.682132054" lon="-118.378901342"/><trkpt lat="36.682282258" lon="-118.37889187"/><trkpt lat="36.682425924" lon="-118.378882315"/><trkpt lat="36.682497673" lon="-118.378883572"/><trkpt lat="36.682605967" lon="-118.378828838"/><trkpt lat="36.682737311" lon="-118.378758263"/><trkpt lat="36.682898747" lon="-118.378623398"/><trkpt lat="36.683033779" lon="-118.378516445"/><trkpt lat="36.683171913" lon="-118.378425669"/><trkpt lat="36.683326559" lon="-118.378315028"/><trkpt lat="36.683500484" lon="-118.378229029"/><trkpt lat="36.683635013" lon="-118.378166584"/><trkpt lat="36.683795024" lon="-118.37815728"/><trkpt lat="36.683965428" lon="-118.378091482"/><trkpt lat="36.684077242" lon="-118.378012441"/><trkpt lat="36.684208922" lon="-118.377913535"/><trkpt lat="36.68442836" lon="-118.377844468"/><trkpt lat="36.684595747" lon="-118.377762409"/><trkpt lat="36.684759781" lon="-118.37768429"/><trkpt lat="36.684891796" lon="-118.377557052"/><trkpt lat="36.684987685" lon="-118.377449345"/><trkpt lat="36.685133027" lon="-118.377293944"/><trkpt lat="36.685294546" lon="-118.377155056"/><trkpt lat="36.685433015" lon="-118.377031926"/><trkpt lat="36.685603755" lon="-118.376937713"/><trkpt lat="36.685734931" lon="-118.376883399"/><trkpt lat="36.685889075" lon="-118.376813158"/><trkpt lat="36.686066268" lon="-118.376727244"/><trkpt lat="36.68625067" lon="-118.376580644"/><trkpt lat="36.686362568" lon="-118.376497496"/><trkpt lat="36.686513778" lon="-118.376403032"/><trkpt lat="36.686647637" lon="-118.376393225"/><trkpt lat="36.686745202" lon="-118.376423316"/><trkpt lat="36.68691108" lon="-118.376474865"/><trkpt lat="36.687096152" lon="-118.37655114"/><trkpt lat="36.687235879" lon="-118.37660227"/><trkpt lat="36.6873689" lon="-118.376665385"/><trkpt lat="36.687516002" lon="-118.376647783"/><trkpt lat="36.68763075" lon="-118.37660118"/><trkpt lat="36.687729489" lon="-118.376521887"/><trkpt lat="36.687871143" lon="-118.376406971"/><trkpt lat="36.6880392" lon="-118.37626406"/><trkpt lat="36.688150764" lon="-118.376213433"/><trkpt lat="36.68821631" lon="-118.376190299"/><trkpt lat="36.688364083" lon="-118.376107821"/><trkpt lat="36.68852862" lon="-118.375989217"/><trkpt lat="36.688683601" lon="-118.375846138"/><trkpt lat="36.688841684" lon="-118.37571932"/><trkpt lat="36.688976716" lon="-118.375612283"/><trkpt lat="36.689163549" lon="-118.375542713"/><trkpt lat="36.689330516" lon="-118.375488985"/><trkpt lat="36.689465046" lon="-118.37542654"/><trkpt lat="36.689590104" lon="-118.375331573"/><trkpt lat="36.689712228" lon="-118.375212215"/><trkpt lat="36.689802166" lon="-118.375055725"/><trkpt lat="36.689899815" lon="-118.374794126"/><trkpt lat="36.689975504" lon="-118.374734698"/><trkpt lat="36.69012378" lon="-118.374615842"/><trkpt lat="36.690295106" lon="-118.374468992"/><trkpt lat="36.69043039" lon="-118.374337647"/><trkpt lat="36.690545725" lon="-118.374238405"/><trkpt lat="36.690657958" lon="-118.374131033"/><trkpt lat="36.690776898" lon="-118.374003544"/><trkpt lat="36.690807324" lon="-118.373906817"/><trkpt lat="36.690776311" lon="-118.373772539"/><trkpt lat="36.690741275" lon="-118.373694923"/><trkpt lat="36.690731971" lon="-118.373650247"/><trkpt lat="36.690755524" lon="-118.373589898"/><trkpt lat="36.690814784" lon="-118.373542288"/><trkpt lat="36.690870607" lon="-118.373514963"/><trkpt lat="36.690923246" lon="-118.373475401"/><trkpt lat="36.690950319" lon="-118.373390744"/><trkpt lat="36.69093498" lon="-118.373305416"/><trkpt lat="36.690903381" lon="-118.373219753"/><trkpt lat="36.690897429" lon="-118.373171054"/><trkpt lat="36.690940177" lon="-118.373143394"/><trkpt lat="36.69099885" lon="-118.373148507"/><trkpt lat="36.691057524" lon="-118.373149596"/><trkpt lat="36.691103289" lon="-118.373146327"/><trkpt lat="36.691123238" lon="-118.373114308"/><trkpt lat="36.691127177" lon="-118.37305354"/><trkpt lat="36.691115107" lon="-118.372968296"/><trkpt lat="36.691099936" lon="-118.372866707"/><trkpt lat="36.691091554" lon="-118.372745002"/><trkpt lat="36.691092728" lon="-118.372643748"/><trkpt lat="36.691097505" lon="-118.372514164"/><trkpt lat="36.691101613" lon="-118.372441325"/><trkpt lat="36.691140924" lon="-118.372425819"/><trkpt lat="36.691229017" lon="-118.372423304"/><trkpt lat="36.691268077" lon="-118.372432105"/><trkpt lat="36.691287858" lon="-118.372420287"/><trkpt lat="36.691294732" lon="-118.372388016"/><trkpt lat="36.691262629" lon="-118.372342922"/><trkpt lat="36.691230526" lon="-118.372297743"/><trkpt lat="36.691198507" lon="-118.372244518"/><trkpt lat="36.691189287" lon="-118.372195736"/><trkpt lat="36.691202614" lon="-118.37217168"/><trkpt lat="36.691235472" lon="-118.372151982"/><trkpt lat="36.691281069" lon="-118.372156844"/><trkpt lat="36.691343095" lon="-118.37215391"/><trkpt lat="36.691395398" lon="-118.372146701"/><trkpt lat="36.691415431" lon="-118.372102529"/><trkpt lat="36.691406211" lon="-118.372053746"/><trkpt lat="36.691409983" lon="-118.372013262"/><trkpt lat="36.691429932" lon="-118.371981243"/><trkpt lat="36.69147226" lon="-118.371990044"/><trkpt lat="36.691514337" lon="-118.372019213"/><trkpt lat="36.691598408" lon="-118.372085514"/><trkpt lat="36.691685412" lon="-118.372180229"/><trkpt lat="36.691769315" lon="-118.372258684"/><trkpt lat="36.691846848" lon="-118.372329008"/><trkpt lat="36.69191164" lon="-118.372366559"/><trkpt lat="36.691986239" lon="-118.372412492"/><trkpt lat="36.692047846" lon="-118.372441912"/><trkpt lat="36.692106267" lon="-118.372467309"/><trkpt lat="36.692119762" lon="-118.372431099"/><trkpt lat="36.692087827" lon="-118.372369744"/><trkpt lat="36.692039883" lon="-118.372283829"/><trkpt lat="36.692001997" lon="-118.372177798"/><trkpt lat="36.69196411" lon="-118.372063637"/><trkpt lat="36.691919602" lon="-118.371961545"/><trkpt lat="36.691871909" lon="-118.371855346"/><trkpt lat="36.691801418" lon="-118.371736659"/><trkpt lat="36.691756742" lon="-118.371650744"/><trkpt lat="36.691731596" lon="-118.371569272"/><trkpt lat="36.691735284" lon="-118.371528788"/><trkpt lat="36.691768309" lon="-118.371501043"/><trkpt lat="36.69181047" lon="-118.371522082"/><trkpt lat="36.691871742" lon="-118.371579833"/><trkpt lat="36.691949358" lon="-118.37164605"/><trkpt lat="36.692039799" lon="-118.371724673"/><trkpt lat="36.692136861" lon="-118.371795248"/><trkpt lat="36.69220794" lon="-118.371857274"/><trkpt lat="36.692301733" lon="-118.371931873"/><trkpt lat="36.692372812" lon="-118.371993899"/><trkpt lat="36.692421176" lon="-118.372043436"/><trkpt lat="36.69248932" lon="-118.372077048"/><trkpt lat="36.692551514" lon="-118.372057853"/><trkpt lat="36.692597028" lon="-118.372070845"/><trkpt lat="36.692648409" lon="-118.37214469"/><trkpt lat="36.692703059" lon="-118.372214595"/><trkpt lat="36.69275444" lon="-118.372288439"/><trkpt lat="36.692809174" lon="-118.37235013"/><trkpt lat="36.692844965" lon="-118.372362955"/><trkpt lat="36.692884443" lon="-118.372331187"/><trkpt lat="36.692907661" lon="-118.372299252"/><trkpt lat="36.692924425" lon="-118.372263042"/><trkpt lat="36.692931466" lon="-118.372218618"/><trkpt lat="36.692964155" lon="-118.372215182"/><trkpt lat="36.692996258" lon="-118.372260276"/><trkpt lat="36.693044286" lon="-118.372338144"/><trkpt lat="36.693111761" lon="-118.372428501"/><trkpt lat="36.693192227" lon="-118.372527156"/><trkpt lat="36.693285434" lon="-118.372646263"/><trkpt lat="36.693392722" lon="-118.372684652"/><trkpt lat="36.693484001" lon="-118.372694375"/><trkpt lat="36.693555415" lon="-118.372724047"/><trkpt lat="36.693661697" lon="-118.372847512"/><trkpt lat="36.693754904" lon="-118.372970726"/><trkpt lat="36.693861103" lon="-118.373098215"/><trkpt lat="36.693986915" lon="-118.373221932"/><trkpt lat="36.694106273" lon="-118.373341626"/><trkpt lat="36.694197133" lon="-118.37338781"/><trkpt lat="36.694284976" lon="-118.373405579"/><trkpt lat="36.694366783" lon="-118.37338672"/><trkpt lat="36.694438364" lon="-118.373303572"/><trkpt lat="36.694464516" lon="-118.373214891"/><trkpt lat="36.694498127" lon="-118.373099724"/><trkpt lat="36.694513969" lon="-118.37297081"/><trkpt lat="36.694525788" lon="-118.372877436"/><trkpt lat="36.694540791" lon="-118.372819852"/><trkpt lat="36.694590831" lon="-118.372834101"/><trkpt lat="36.694618827" lon="-118.372896966"/><trkpt lat="36.694671633" lon="-118.372982545"/><trkpt lat="36.69472117" lon="-118.373045744"/><trkpt lat="36.694785208" lon="-118.373086983"/><trkpt lat="36.694853101" lon="-118.373110453"/><trkpt lat="36.694903895" lon="-118.373062424"/><trkpt lat="36.694947649" lon="-118.373000817"/><trkpt lat="36.695002634" lon="-118.372899313"/><trkpt lat="36.695065331" lon="-118.372753467"/><trkpt lat="36.695135068" lon="-118.372612149"/><trkpt lat="36.695197178" lon="-118.372519696"/><trkpt lat="36.695245374" lon="-118.372377958"/><trkpt lat="36.695300024" lon="-118.37231216"/><trkpt lat="36.69535744" lon="-118.372308724"/><trkpt lat="36.695410581" lon="-118.372363122"/><trkpt lat="36.695431033" lon="-118.372461442"/><trkpt lat="36.695444025" lon="-118.372577531"/><trkpt lat="36.695467914" lon="-118.372684903"/><trkpt lat="36.695492389" lon="-118.372738799"/><trkpt lat="36.695543015" lon="-118.372704014"/><trkpt lat="36.695582829" lon="-118.372673588"/><trkpt lat="36.695637563" lon="-118.372589853"/><trkpt lat="36.695681484" lon="-118.372519361"/><trkpt lat="36.695736134" lon="-118.372440152"/><trkpt lat="36.695783241" lon="-118.372400925"/><trkpt lat="36.695833029" lon="-118.37243747"/><trkpt lat="36.69588617" lon="-118.372496311"/><trkpt lat="36.695953393" lon="-118.372582141"/><trkpt lat="36.696023969" lon="-118.372685825"/><trkpt lat="36.696087923" lon="-118.372736033"/><trkpt lat="36.696141483" lon="-118.372754809"/><trkpt lat="36.69617434" lon="-118.372710804"/><trkpt lat="36.696211388" lon="-118.372609047"/><trkpt lat="36.696262518" lon="-118.372525312"/><trkpt lat="36.696310211" lon="-118.372437051"/><trkpt lat="36.69633586" lon="-118.372388519"/><trkpt lat="36.696386067" lon="-118.3723938"/><trkpt lat="36.696482711" lon="-118.372408887"/><trkpt lat="36.696586646" lon="-118.3724197"/><trkpt lat="36.69666552" lon="-118.372421041"/><trkpt lat="36.696769539" lon="-118.372427411"/><trkpt lat="36.696873559" lon="-118.372424813"/><trkpt lat="36.696977494" lon="-118.372435542"/><trkpt lat="36.697063493" lon="-118.372441493"/><trkpt lat="36.697153095" lon="-118.372447612"/><trkpt lat="36.697277566" lon="-118.372547776"/><trkpt lat="36.697369851" lon="-118.372629583"/><trkpt lat="36.697465656" lon="-118.372724885"/><trkpt lat="36.697537405" lon="-118.3727217"/><trkpt lat="36.697631367" lon="-118.372665457"/><trkpt lat="36.697718119" lon="-118.372604605"/><trkpt lat="36.69782985" lon="-118.372557582"/><trkpt lat="36.697901934" lon="-118.372527743"/><trkpt lat="36.698013498" lon="-118.372503016"/><trkpt lat="36.698113913" lon="-118.372500334"/><trkpt lat="36.698207203" lon="-118.37250201"/><trkpt lat="36.698310887" lon="-118.372535035"/><trkpt lat="36.698471988" lon="-118.372564623"/><trkpt lat="36.698589753" lon="-118.372611227"/><trkpt lat="36.698700478" lon="-118.372657746"/><trkpt lat="36.69878656" lon="-118.372654812"/><trkpt lat="36.698868452" lon="-118.372709714"/><trkpt lat="36.69896082" lon="-118.372791605"/><trkpt lat="36.699060313" lon="-118.37287358"/><trkpt lat="36.699149329" lon="-118.372928565"/><trkpt lat="36.6992277" lon="-118.372979024"/><trkpt lat="36.699291905" lon="-118.373011295"/><trkpt lat="36.699363235" lon="-118.373048259"/><trkpt lat="36.699445462" lon="-118.37307198"/><trkpt lat="36.699491898" lon="-118.373090588"/><trkpt lat="36.699542021" lon="-118.373100394"/><trkpt lat="36.699549733" lon="-118.37305597"/><trkpt lat="36.699517965" lon="-118.373010876"/><trkpt lat="36.699468512" lon="-118.372938707"/><trkpt lat="36.699455017" lon="-118.372862767"/><trkpt lat="36.699438086" lon="-118.372782217"/><trkpt lat="36.699399697" lon="-118.372683562"/><trkpt lat="36.699350914" lon="-118.372558001"/><trkpt lat="36.699287547" lon="-118.372454401"/><trkpt lat="36.699238177" lon="-118.372382233"/><trkpt lat="36.699171625" lon="-118.372238483"/><trkpt lat="36.699087303" lon="-118.372085514"/><trkpt lat="36.699016979" lon="-118.371959534"/><trkpt lat="36.698960736" lon="-118.371864986"/><trkpt lat="36.698893765" lon="-118.371756859"/><trkpt lat="36.698826877" lon="-118.371648733"/><trkpt lat="36.698760241" lon="-118.371513952"/><trkpt lat="36.698700394" lon="-118.371414877"/><trkpt lat="36.698676087" lon="-118.371343128"/><trkpt lat="36.698716069" lon="-118.371303733"/><trkpt lat="36.69879863" lon="-118.371296357"/><trkpt lat="36.698881192" lon="-118.371288897"/><trkpt lat="36.698963335" lon="-118.371321503"/><trkpt lat="36.699070372" lon="-118.371376907"/><trkpt lat="36.6991702" lon="-118.371427702"/><trkpt lat="36.699284613" lon="-118.371460894"/><trkpt lat="36.699370528" lon="-118.371480256"/><trkpt lat="36.699477816" lon="-118.371508839"/><trkpt lat="36.699599437" lon="-118.371537756"/><trkpt lat="36.699688872" lon="-118.371561645"/><trkpt lat="36.69976389" lon="-118.371585198"/><trkpt lat="36.699864222" lon="-118.371600369"/><trkpt lat="36.699993135" lon="-118.371616043"/><trkpt lat="36.70011878" lon="-118.371609338"/><trkpt lat="36.700248364" lon="-118.371571619"/><trkpt lat="36.700356826" lon="-118.371497774"/><trkpt lat="36.700566038" lon="-118.371399036"/><trkpt lat="36.700710207" lon="-118.371339189"/><trkpt lat="36.700833086" lon="-118.37126568"/><trkpt lat="36.700959234" lon="-118.371210024"/><trkpt lat="36.701114969" lon="-118.371083541"/><trkpt lat="36.701241285" lon="-118.371014558"/><trkpt lat="36.70141479" lon="-118.370901821"/><trkpt lat="36.701540938" lon="-118.370850608"/><trkpt lat="36.701678066" lon="-118.370781709"/><trkpt lat="36.701858528" lon="-118.370686909"/><trkpt lat="36.702010073" lon="-118.370613903"/><trkpt lat="36.702204617" lon="-118.370541651"/><trkpt lat="36.702373847" lon="-118.370486749"/><trkpt lat="36.702550873" lon="-118.370374013"/><trkpt lat="36.702691941" lon="-118.370278543"/><trkpt lat="36.702814735" lon="-118.37020495"/><trkpt lat="36.702923365" lon="-118.370117778"/><trkpt lat="36.703053368" lon="-118.37003991"/><trkpt lat="36.703132829" lon="-118.369996743"/><trkpt lat="36.703223521" lon="-118.36990932"/><trkpt lat="36.703335419" lon="-118.369848887"/><trkpt lat="36.703458298" lon="-118.369770935"/><trkpt lat="36.703566508" lon="-118.369719386"/><trkpt lat="36.703718137" lon="-118.369637411"/><trkpt lat="36.703880578" lon="-118.369546719"/><trkpt lat="36.703991974" lon="-118.369530877"/><trkpt lat="36.704136226" lon="-118.369466588"/><trkpt lat="36.704226583" lon="-118.369405819"/><trkpt lat="36.704323981" lon="-118.369358545"/><trkpt lat="36.704410147" lon="-118.369355695"/><trkpt lat="36.704461025" lon="-118.369294172"/><trkpt lat="36.704469658" lon="-118.369169617"/><trkpt lat="36.704449374" lon="-118.369062329"/><trkpt lat="36.704392377" lon="-118.3690257"/><trkpt lat="36.70432155" lon="-118.36894867"/><trkpt lat="36.704214262" lon="-118.368920004"/><trkpt lat="36.704092221" lon="-118.368926793"/><trkpt lat="36.703959284" lon="-118.368942216"/><trkpt lat="36.703833723" lon="-118.368944479"/><trkpt lat="36.703729536" lon="-118.36895152"/><trkpt lat="36.703668516" lon="-118.368954873"/><trkpt lat="36.703629708" lon="-118.368900726"/><trkpt lat="36.703652171" lon="-118.36882093"/><trkpt lat="36.703710426" lon="-118.368746247"/><trkpt lat="36.7037577" lon="-118.368689166"/><trkpt lat="36.70374739" lon="-118.368648849"/><trkpt lat="36.703675725" lon="-118.36864315"/><trkpt lat="36.703600623" lon="-118.368619513"/><trkpt lat="36.703525772" lon="-118.368578106"/><trkpt lat="36.703458214" lon="-118.368527899"/><trkpt lat="36.703351093" lon="-118.368481463"/><trkpt lat="36.70329418" lon="-118.368440391"/><trkpt lat="36.703273142" lon="-118.368395464"/><trkpt lat="36.703320667" lon="-118.36832053"/><trkpt lat="36.703374814" lon="-118.368290355"/><trkpt lat="36.703440025" lon="-118.368238052"/><trkpt lat="36.703491574" lon="-118.36811861"/><trkpt lat="36.703546476" lon="-118.368026074"/><trkpt lat="36.703583105" lon="-118.367959857"/><trkpt lat="36.703645382" lon="-118.367849635"/><trkpt lat="36.703696344" lon="-118.367779227"/><trkpt lat="36.703800866" lon="-118.367741005"/><trkpt lat="36.703912849" lon="-118.36767613"/><trkpt lat="36.70404302" lon="-118.367584934"/><trkpt lat="36.704151649" lon="-118.367497763"/><trkpt lat="36.70424209" lon="-118.367428025"/><trkpt lat="36.704390114" lon="-118.36734605"/><trkpt lat="36.70450612" lon="-118.367241193"/><trkpt lat="36.704622209" lon="-118.367131809"/><trkpt lat="36.70473461" lon="-118.367026867"/><trkpt lat="36.704839803" lon="-118.366921842"/><trkpt lat="36.704984894" lon="-118.366781864"/><trkpt lat="36.705075586" lon="-118.3666988"/><trkpt lat="36.705130236" lon="-118.366624033"/><trkpt lat="36.705188407" lon="-118.366553793"/><trkpt lat="36.705228975" lon="-118.366460921"/><trkpt lat="36.705262167" lon="-118.366381377"/><trkpt lat="36.705305418" lon="-118.366364278"/><trkpt lat="36.705344478" lon="-118.366396129"/><trkpt lat="36.705365516" lon="-118.366441056"/><trkpt lat="36.705397284" lon="-118.366486235"/><trkpt lat="36.705429973" lon="-118.366451114"/><trkpt lat="36.70546283" lon="-118.366398225"/><trkpt lat="36.705495771" lon="-118.366345419"/><trkpt lat="36.70552142" lon="-118.366296804"/><trkpt lat="36.705557713" lon="-118.366261851"/><trkpt lat="36.705597024" lon="-118.366271406"/><trkpt lat="36.705600126" lon="-118.366316082"/><trkpt lat="36.705613956" lon="-118.366360841"/><trkpt lat="36.705653854" lon="-118.366321446"/><trkpt lat="36.705693919" lon="-118.366268724"/><trkpt lat="36.705723172" lon="-118.366224635"/><trkpt lat="36.705756029" lon="-118.366176272"/><trkpt lat="36.705781762" lon="-118.366118772"/><trkpt lat="36.705803722" lon="-118.366083568"/><trkpt lat="36.705838926" lon="-118.366137631"/><trkpt lat="36.705888882" lon="-118.366165208"/><trkpt lat="36.705932217" lon="-118.366134781"/><trkpt lat="36.705968762" lon="-118.366077533"/><trkpt lat="36.706012348" lon="-118.366033779"/><trkpt lat="36.706047636" lon="-118.3660834"/><trkpt lat="36.706083259" lon="-118.366106283"/><trkpt lat="36.706119385" lon="-118.366084658"/><trkpt lat="36.706173699" lon="-118.366041072"/><trkpt lat="36.706268499" lon="-118.365909057"/><trkpt lat="36.706366651" lon="-118.365794979"/><trkpt lat="36.706428593" lon="-118.365711411"/><trkpt lat="36.70650864" lon="-118.365614852"/><trkpt lat="36.706563374" lon="-118.365531201"/><trkpt lat="36.706629256" lon="-118.365416536"/><trkpt lat="36.706694467" lon="-118.365359707"/><trkpt lat="36.706734449" lon="-118.365315869"/><trkpt lat="36.706758924" lon="-118.365369765"/><trkpt lat="36.706776107" lon="-118.365436904"/><trkpt lat="36.70678935" lon="-118.36553514"/><trkpt lat="36.70681743" lon="-118.365589119"/><trkpt lat="36.706857244" lon="-118.365558609"/><trkpt lat="36.706900746" lon="-118.365514856"/><trkpt lat="36.70695506" lon="-118.365475712"/><trkpt lat="36.706983224" lon="-118.365520807"/><trkpt lat="36.70700049" lon="-118.365578977"/><trkpt lat="36.707006777" lon="-118.365659276"/><trkpt lat="36.707046591" lon="-118.365624407"/><trkpt lat="36.707122615" lon="-118.365563387"/><trkpt lat="36.707173577" lon="-118.365501864"/><trkpt lat="36.707210122" lon="-118.365440173"/><trkpt lat="36.70727483" lon="-118.365427935"/><trkpt lat="36.707353704" lon="-118.365438245"/><trkpt lat="36.707400307" lon="-118.365434641"/><trkpt lat="36.707474822" lon="-118.365511671"/><trkpt lat="36.7075775" lon="-118.36562491"/><trkpt lat="36.707662409" lon="-118.365733288"/><trkpt lat="36.707747653" lon="-118.365806127"/><trkpt lat="36.7078334" lon="-118.365834374"/><trkpt lat="36.707937" lon="-118.365871841"/><trkpt lat="36.708051832" lon="-118.365873853"/><trkpt lat="36.708187871" lon="-118.365898579"/><trkpt lat="36.708306139" lon="-118.36590956"/><trkpt lat="36.708374117" lon="-118.365924144"/><trkpt lat="36.70845299" lon="-118.365925485"/><trkpt lat="36.708600093" lon="-118.365923641"/><trkpt lat="36.708707884" lon="-118.365907799"/><trkpt lat="36.708822967" lon="-118.365887515"/><trkpt lat="36.708923886" lon="-118.365844768"/><trkpt lat="36.709010722" lon="-118.365779473"/><trkpt lat="36.709140642" lon="-118.365710489"/><trkpt lat="36.709224042" lon="-118.365636226"/><trkpt lat="36.709311213" lon="-118.365544192"/><trkpt lat="36.709412551" lon="-118.365461295"/><trkpt lat="36.709517492" lon="-118.365383008"/><trkpt lat="36.709603909" lon="-118.365357779"/><trkpt lat="36.709722513" lon="-118.365337579"/><trkpt lat="36.709898533" lon="-118.365318468"/><trkpt lat="36.71004924" lon="-118.365312181"/><trkpt lat="36.710163904" lon="-118.365323162"/><trkpt lat="36.710296758" lon="-118.365316624"/><trkpt lat="36.710404633" lon="-118.365296256"/><trkpt lat="36.710491218" lon="-118.365253173"/><trkpt lat="36.710582245" lon="-118.365130043"/><trkpt lat="36.710691126" lon="-118.365020575"/><trkpt lat="36.710785758" lon="-118.364901971"/><trkpt lat="36.710861782" lon="-118.364840951"/><trkpt lat="36.710970076" lon="-118.364789402"/><trkpt lat="36.711042412" lon="-118.36473274"/><trkpt lat="36.711157747" lon="-118.364690244"/><trkpt lat="36.711269226" lon="-118.364661075"/><trkpt lat="36.711377436" lon="-118.364609443"/><trkpt lat="36.711485563" lon="-118.364566863"/><trkpt lat="36.711583212" lon="-118.364497293"/><trkpt lat="36.711702319" lon="-118.364437027"/><trkpt lat="36.711828634" lon="-118.364372402"/><trkpt lat="36.711983699" lon="-118.364299396"/><trkpt lat="36.712063076" lon="-118.364260755"/><trkpt lat="36.71220406" lon="-118.364165202"/><trkpt lat="36.712294417" lon="-118.364108875"/><trkpt lat="36.712352419" lon="-118.364051962"/><trkpt lat="36.712424587" lon="-118.364017596"/><trkpt lat="36.712482506" lon="-118.363969652"/><trkpt lat="36.712565487" lon="-118.363931011"/><trkpt lat="36.71265576" lon="-118.363879127"/><trkpt lat="36.712760283" lon="-118.363840822"/><trkpt lat="36.712839492" lon="-118.363811066"/><trkpt lat="36.712915096" lon="-118.363785669"/><trkpt lat="36.713026492" lon="-118.36377427"/><trkpt lat="36.713127075" lon="-118.36375826"/><trkpt lat="36.71328499" lon="-118.363752142"/><trkpt lat="36.713392697" lon="-118.363749543"/><trkpt lat="36.713543236" lon="-118.36376111"/><trkpt lat="36.71370442" lon="-118.363777371"/><trkpt lat="36.713801064" lon="-118.363801343"/><trkpt lat="36.713915141" lon="-118.363861274"/><trkpt lat="36.714018574" lon="-118.363916595"/><trkpt lat="36.714139609" lon="-118.363998905"/><trkpt lat="36.714253603" lon="-118.364067804"/><trkpt lat="36.714339098" lon="-118.364118347"/><trkpt lat="36.714442279" lon="-118.36419588"/><trkpt lat="36.714545712" lon="-118.3642512"/><trkpt lat="36.7146385" lon="-118.364292942"/><trkpt lat="36.714713434" lon="-118.364325464"/><trkpt lat="36.714777723" lon="-118.364348849"/><trkpt lat="36.714820638" lon="-118.364363015"/><trkpt lat="36.714881239" lon="-118.364395285"/><trkpt lat="36.714819884" lon="-118.364429818"/><trkpt lat="36.714758277" lon="-118.364482205"/><trkpt lat="36.714686193" lon="-118.364507686"/><trkpt lat="36.714596003" lon="-118.364555044"/><trkpt lat="36.71451671" lon="-118.364584884"/><trkpt lat="36.714429958" lon="-118.364645736"/><trkpt lat="36.714336332" lon="-118.364675241"/><trkpt lat="36.714257374" lon="-118.364678258"/><trkpt lat="36.714199623" lon="-118.364712875"/><trkpt lat="36.714195013" lon="-118.364801975"/><trkpt lat="36.714269612" lon="-118.364865677"/><trkpt lat="36.714340607" lon="-118.364929296"/><trkpt lat="36.714423001" lon="-118.36493969"/><trkpt lat="36.714432472" lon="-118.365055695"/><trkpt lat="36.714438507" lon="-118.365153847"/><trkpt lat="36.714437585" lon="-118.365233978"/><trkpt lat="36.714386204" lon="-118.365335567"/><trkpt lat="36.714324513" lon="-118.365396839"/><trkpt lat="36.714229966" lon="-118.365506558"/><trkpt lat="36.714203227" lon="-118.365648715"/><trkpt lat="36.714204904" lon="-118.365813587"/><trkpt lat="36.714174729" lon="-118.365942249"/><trkpt lat="36.714166682" lon="-118.366022296"/><trkpt lat="36.714122426" lon="-118.366123969"/><trkpt lat="36.71406744" lon="-118.36623"/><trkpt lat="36.714015808" lon="-118.366349358"/><trkpt lat="36.713964762" lon="-118.366419766"/><trkpt lat="36.713895276" lon="-118.366538789"/><trkpt lat="36.713827047" lon="-118.366669463"/><trkpt lat="36.713724537" lon="-118.366906838"/><trkpt lat="36.713670222" lon="-118.36728679"/><trkpt lat="36.713645244" lon="-118.367596418"/><trkpt lat="36.713662175" lon="-118.367986428"/><trkpt lat="36.7136952" lon="-118.368217349"/><trkpt lat="36.713728057" lon="-118.368465956"/><trkpt lat="36.713717412" lon="-118.36876695"/><trkpt lat="36.713728309" lon="-118.369059479"/><trkpt lat="36.713639209" lon="-118.369367933"/><trkpt lat="36.713557653" lon="-118.369641099"/><trkpt lat="36.713540386" lon="-118.369897669"/><trkpt lat="36.713572238" lon="-118.370234873"/><trkpt lat="36.713597551" lon="-118.370509883"/><trkpt lat="36.713545583" lon="-118.370686155"/><trkpt lat="36.7135284" lon="-118.370942725"/><trkpt lat="36.713441648" lon="-118.371047499"/><trkpt lat="36.713297144" lon="-118.371204408"/><trkpt lat="36.713159764" lon="-118.371370202"/><trkpt lat="36.713115172" lon="-118.371528871"/><trkpt lat="36.713176947" lon="-118.371733725"/><trkpt lat="36.713281805" lon="-118.371921647"/><trkpt lat="36.713450784" lon="-118.372110659"/><trkpt lat="36.713598892" lon="-118.372254996"/><trkpt lat="36.713783797" lon="-118.372302605"/><trkpt lat="36.714003989" lon="-118.372377371"/><trkpt lat="36.714202724" lon="-118.372460688"/><trkpt lat="36.714423001" lon="-118.372535454"/><trkpt lat="36.71465761" lon="-118.372601587"/><trkpt lat="36.714892555" lon="-118.372632349"/><trkpt lat="36.715070754" lon="-118.372644419"/><trkpt lat="36.715256497" lon="-118.372621117"/><trkpt lat="36.715513738" lon="-118.372572586"/><trkpt lat="36.715678275" lon="-118.372531179"/><trkpt lat="36.715879356" lon="-118.372410815"/><trkpt lat="36.716130143" lon="-118.372308975"/><trkpt lat="36.716316305" lon="-118.372250218"/><trkpt lat="36.716531217" lon="-118.372165477"/><trkpt lat="36.716760127" lon="-118.372107558"/><trkpt lat="36.716960538" lon="-118.372040251"/><trkpt lat="36.717118286" lon="-118.37197219"/><trkpt lat="36.717289276" lon="-118.371984093"/><trkpt lat="36.717560766" lon="-118.371944614"/><trkpt lat="36.717739552" lon="-118.371903542"/><trkpt lat="36.717890343" lon="-118.371817628"/><trkpt lat="36.717940802" lon="-118.371765325"/><trkpt lat="36.718048677" lon="-118.371687541"/><trkpt lat="36.718134591" lon="-118.371662479"/><trkpt lat="36.718256297" lon="-118.371620402"/><trkpt lat="36.718448829" lon="-118.371623838"/><trkpt lat="36.718620239" lon="-118.371600285"/><trkpt lat="36.718806066" lon="-118.371568182"/><trkpt lat="36.718991306" lon="-118.371589137"/><trkpt lat="36.719184425" lon="-118.371539433"/><trkpt lat="36.719362875" lon="-118.371524932"/><trkpt lat="36.719527161" lon="-118.371501295"/><trkpt lat="36.719735032" lon="-118.371416386"/><trkpt lat="36.719921026" lon="-118.371366514"/><trkpt lat="36.720093358" lon="-118.371263249"/><trkpt lat="36.720343977" lon="-118.371179178"/><trkpt lat="36.720487056" lon="-118.371137436"/><trkpt lat="36.720609264" lon="-118.371051019"/><trkpt lat="36.720717056" lon="-118.370982036"/><trkpt lat="36.720895506" lon="-118.370967451"/><trkpt lat="36.721095415" lon="-118.370953286"/><trkpt lat="36.721237823" lon="-118.37097357"/><trkpt lat="36.721430272" lon="-118.370985892"/><trkpt lat="36.721587013" lon="-118.370997543"/><trkpt lat="36.721701846" lon="-118.370937528"/><trkpt lat="36.721851965" lon="-118.370904755"/><trkpt lat="36.72198792" lon="-118.370862929"/><trkpt lat="36.722180704" lon="-118.370848596"/><trkpt lat="36.722337445" lon="-118.370860247"/><trkpt lat="36.722515645" lon="-118.370872317"/><trkpt lat="36.722715134" lon="-118.370884722"/><trkpt lat="36.722879" lon="-118.370905342"/><trkpt lat="36.723035155" lon="-118.370970134"/><trkpt lat="36.723162979" lon="-118.371016653"/><trkpt lat="36.723291976" lon="-118.370965859"/><trkpt lat="36.723463722" lon="-118.370915735"/><trkpt lat="36.723649967" lon="-118.370839292"/><trkpt lat="36.72386446" lon="-118.370798808"/><trkpt lat="36.724121617" lon="-118.370759077"/><trkpt lat="36.724285819" lon="-118.370744325"/><trkpt lat="36.724478602" lon="-118.370729992"/><trkpt lat="36.724728467" lon="-118.370707864"/><trkpt lat="36.724992581" lon="-118.370685987"/><trkpt lat="36.725213695" lon="-118.370681042"/><trkpt lat="36.725406395" lon="-118.370675677"/><trkpt lat="36.72557747" lon="-118.370678695"/><trkpt lat="36.725769499" lon="-118.370726388"/><trkpt lat="36.725861197" lon="-118.370816661"/><trkpt lat="36.725947028" lon="-118.370791599"/><trkpt lat="36.726026153" lon="-118.370739799"/><trkpt lat="36.726154145" lon="-118.370768717"/><trkpt lat="36.726232013" lon="-118.370823199"/><trkpt lat="36.726302756" lon="-118.370868796"/><trkpt lat="36.726360256" lon="-118.370834347"/><trkpt lat="36.726417672" lon="-118.370799981"/><trkpt lat="36.726481123" lon="-118.370863097"/><trkpt lat="36.726544322" lon="-118.370952783"/><trkpt lat="36.726586148" lon="-118.371033333"/><trkpt lat="36.726664938" lon="-118.371008104"/><trkpt lat="36.726722941" lon="-118.370920597"/><trkpt lat="36.726795193" lon="-118.370842142"/><trkpt lat="36.72688094" lon="-118.370825881"/><trkpt lat="36.726980181" lon="-118.370880866"/><trkpt lat="36.727093756" lon="-118.370927135"/><trkpt lat="36.727222502" lon="-118.370894026"/><trkpt lat="36.727387626" lon="-118.370799478"/><trkpt lat="36.72757362" lon="-118.370749606"/><trkpt lat="36.727716867" lon="-118.370699063"/><trkpt lat="36.727852738" lon="-118.370666038"/><trkpt lat="36.728009814" lon="-118.370651118"/><trkpt lat="36.728145769" lon="-118.370618094"/><trkpt lat="36.728280634" lon="-118.370673582"/><trkpt lat="36.728408122" lon="-118.370746756"/><trkpt lat="36.728542233" lon="-118.370873155"/><trkpt lat="36.728633428" lon="-118.370998884"/><trkpt lat="36.728738369" lon="-118.371177921"/><trkpt lat="36.72884373" lon="-118.371321587"/><trkpt lat="36.728949845" lon="-118.371394342"/><trkpt lat="36.72914925" lon="-118.371424433"/><trkpt lat="36.72930574" lon="-118.371453853"/><trkpt lat="36.729433816" lon="-118.371482687"/><trkpt lat="36.729597766" lon="-118.371494422"/><trkpt lat="36.729768673" lon="-118.371515209"/><trkpt lat="36.729960954" lon="-118.371536331"/><trkpt lat="36.730160108" lon="-118.371584192"/><trkpt lat="36.730267396" lon="-118.371559549"/><trkpt lat="36.730425395" lon="-118.371464917"/><trkpt lat="36.730576018" lon="-118.371387804"/><trkpt lat="36.730705183" lon="-118.37131924"/><trkpt lat="36.730790595" lon="-118.371338518"/><trkpt lat="36.730889585" lon="-118.371411106"/><trkpt lat="36.730975499" lon="-118.371386044"/><trkpt lat="36.731111538" lon="-118.371335333"/><trkpt lat="36.731261406" lon="-118.371329131"/><trkpt lat="36.73138856" lon="-118.37143776"/><trkpt lat="36.731522586" lon="-118.371564159"/><trkpt lat="36.731700534" lon="-118.371593915"/><trkpt lat="36.731949896" lon="-118.371616043"/><trkpt lat="36.732177716" lon="-118.371655606"/><trkpt lat="36.732369997" lon="-118.371676728"/><trkpt lat="36.732548364" lon="-118.371671028"/><trkpt lat="36.732755397" lon="-118.371657031"/><trkpt lat="36.732904594" lon="-118.371703969"/><trkpt lat="36.733096624" lon="-118.371751662"/><trkpt lat="36.733317487" lon="-118.371773371"/><trkpt lat="36.73344573" lon="-118.371784519"/><trkpt lat="36.733608758" lon="-118.371867165"/><trkpt lat="36.733778659" lon="-118.371976465"/><trkpt lat="36.73387019" lon="-118.372084424"/><trkpt lat="36.733933054" lon="-118.372200765"/><trkpt lat="36.734030787" lon="-118.372379718"/><trkpt lat="36.734136734" lon="-118.372470159"/><trkpt lat="36.734271348" lon="-118.372552302"/><trkpt lat="36.7343695" lon="-118.372695884"/><trkpt lat="36.734445691" lon="-118.372892188"/><trkpt lat="36.734508052" lon="-118.373052785"/><trkpt lat="36.734606456" lon="-118.373178598"/><trkpt lat="36.734733945" lon="-118.373251688"/><trkpt lat="36.734846514" lon="-118.373386636"/><trkpt lat="36.734909881" lon="-118.373458637"/><trkpt lat="36.734930333" lon="-118.373538768"/><trkpt lat="36.734851124" lon="-118.373608254"/><trkpt lat="36.734736962" lon="-118.373615043"/><trkpt lat="36.734671835" lon="-118.373693665"/><trkpt lat="36.734641911" lon="-118.373817131"/><trkpt lat="36.734619699" lon="-118.373887623"/><trkpt lat="36.73453412" lon="-118.373886114"/><trkpt lat="36.734405793" lon="-118.373883851"/><trkpt lat="36.734319963" lon="-118.373900028"/><trkpt lat="36.734297331" lon="-118.374005975"/><trkpt lat="36.734316694" lon="-118.374183504"/><trkpt lat="36.734408224" lon="-118.374291463"/><trkpt lat="36.734570581" lon="-118.374436134"/><trkpt lat="36.734705027" lon="-118.374527162"/><trkpt lat="36.734789349" lon="-118.374634953"/><trkpt lat="36.734793624" lon="-118.374883141"/><trkpt lat="36.734806029" lon="-118.3750429"/><trkpt lat="36.734933099" lon="-118.375160331"/><trkpt lat="36.735067712" lon="-118.375233589"/><trkpt lat="36.735231243" lon="-118.375280863"/><trkpt lat="36.735394439" lon="-118.375354623"/><trkpt lat="36.735543218" lon="-118.375437018"/><trkpt lat="36.735634748" lon="-118.375544976"/><trkpt lat="36.735667689" lon="-118.375775982"/><trkpt lat="36.7357013" lon="-118.375953762"/><trkpt lat="36.735677663" lon="-118.376148306"/><trkpt lat="36.735618906" lon="-118.376297923"/><trkpt lat="36.735517569" lon="-118.376429016"/><trkpt lat="36.73539469" lon="-118.376568574"/><trkpt lat="36.735292682" lon="-118.376752809"/><trkpt lat="36.735277427" lon="-118.376841154"/><trkpt lat="36.73531875" lon="-118.37696596"/><trkpt lat="36.735409526" lon="-118.377135945"/><trkpt lat="36.735486556" lon="-118.377261339"/><trkpt lat="36.735612955" lon="-118.377431994"/><trkpt lat="36.735775648" lon="-118.377550095"/><trkpt lat="36.735909674" lon="-118.377676494"/><trkpt lat="36.736059543" lon="-118.377670292"/><trkpt lat="36.736167418" lon="-118.377592508"/><trkpt lat="36.736311" lon="-118.377506509"/><trkpt lat="36.736375205" lon="-118.377507599"/><trkpt lat="36.736517614" lon="-118.377527883"/><trkpt lat="36.736673852" lon="-118.377583874"/><trkpt lat="36.736764377" lon="-118.377771545"/><trkpt lat="36.736811651" lon="-118.378002802"/><trkpt lat="36.736873677" lon="-118.37818997"/><trkpt lat="36.736957161" lon="-118.378368672"/><trkpt lat="36.737055313" lon="-118.378521055"/><trkpt lat="36.737175342" lon="-118.378620716"/><trkpt lat="36.737358905" lon="-118.378783492"/><trkpt lat="36.737479353" lon="-118.378856499"/><trkpt lat="36.737613296" lon="-118.378991866"/><trkpt lat="36.737789316" lon="-118.379189931"/><trkpt lat="36.737923007" lon="-118.379342984"/><trkpt lat="36.737986626" lon="-118.379397299"/><trkpt lat="36.738121742" lon="-118.379426301"/><trkpt lat="36.738398932" lon="-118.379510958"/><trkpt lat="36.738499515" lon="-118.379450776"/><trkpt lat="36.738634966" lon="-118.379453206"/><trkpt lat="36.738727251" lon="-118.379490254"/><trkpt lat="36.738905031" lon="-118.37953778"/><trkpt lat="36.73909639" lon="-118.379638698"/><trkpt lat="36.739245839" lon="-118.379667951"/><trkpt lat="36.739452286" lon="-118.379698209"/><trkpt lat="36.739615984" lon="-118.379727714"/><trkpt lat="36.73975152" lon="-118.379730145"/><trkpt lat="36.739865681" lon="-118.379723355"/><trkpt lat="36.739993338" lon="-118.379787644"/><trkpt lat="36.740134656" lon="-118.379896525"/><trkpt lat="36.740276143" lon="-118.379996521"/><trkpt lat="36.740425006" lon="-118.380078916"/><trkpt lat="36.74053154" lon="-118.380116299"/><trkpt lat="36.74067311" lon="-118.380207494"/><trkpt lat="36.740806717" lon="-118.380369348"/><trkpt lat="36.740919286" lon="-118.380504297"/><trkpt lat="36.741038309" lon="-118.380701356"/><trkpt lat="36.741207791" lon="-118.380846195"/><trkpt lat="36.741377357" lon="-118.380982149"/><trkpt lat="36.741497051" lon="-118.381117266"/><trkpt lat="36.741645411" lon="-118.381235115"/><trkpt lat="36.741743227" lon="-118.381414069"/><trkpt lat="36.74185588" lon="-118.381540133"/><trkpt lat="36.742003318" lon="-118.381737778"/><trkpt lat="36.742144553" lon="-118.381864345"/><trkpt lat="36.74232753" lon="-118.382071462"/><trkpt lat="36.74250422" lon="-118.382216385"/><trkpt lat="36.742744027" lon="-118.382442277"/><trkpt lat="36.74289247" lon="-118.382560126"/><trkpt lat="36.743140155" lon="-118.382724077"/><trkpt lat="36.743345764" lon="-118.382834131"/><trkpt lat="36.743444838" lon="-118.382897917"/><trkpt lat="36.743550031" lon="-118.383050468"/><trkpt lat="36.743575931" lon="-118.383281305"/><trkpt lat="36.743580457" lon="-118.383502923"/><trkpt lat="36.743577691" lon="-118.383742142"/><trkpt lat="36.743604597" lon="-118.383884467"/><trkpt lat="36.743696379" lon="-118.383965855"/><trkpt lat="36.743894108" lon="-118.384128883"/><trkpt lat="36.744028889" lon="-118.38419334"/><trkpt lat="36.744177416" lon="-118.384302389"/><trkpt lat="36.744332649" lon="-118.384446977"/><trkpt lat="36.74448126" lon="-118.384547057"/><trkpt lat="36.744550997" lon="-118.384681251"/><trkpt lat="36.744492827" lon="-118.384777727"/><trkpt lat="36.744384868" lon="-118.384864395"/><trkpt lat="36.744411942" lon="-118.384988951"/><trkpt lat="36.744546136" lon="-118.385097664"/><trkpt lat="36.744659208" lon="-118.385188356"/><trkpt lat="36.744836569" lon="-118.385271253"/><trkpt lat="36.744992808" lon="-118.385327244"/><trkpt lat="36.745127589" lon="-118.385391701"/><trkpt lat="36.745226411" lon="-118.385482142"/><trkpt lat="36.745332526" lon="-118.385554897"/><trkpt lat="36.745502595" lon="-118.385646595"/><trkpt lat="36.745651709" lon="-118.385702502"/><trkpt lat="36.745800655" lon="-118.385776011"/><trkpt lat="36.745971059" lon="-118.385841139"/><trkpt lat="36.746090669" lon="-118.385985056"/><trkpt lat="36.746202651" lon="-118.386164345"/><trkpt lat="36.746286973" lon="-118.38627222"/><trkpt lat="36.746421335" lon="-118.386372132"/><trkpt lat="36.746534826" lon="-118.386427285"/><trkpt lat="36.746683605" lon="-118.386509763"/><trkpt lat="36.74684043" lon="-118.386521414"/><trkpt lat="36.746997172" lon="-118.386533149"/><trkpt lat="36.747132791" lon="-118.386526695"/><trkpt lat="36.747261453" lon="-118.386502471"/><trkpt lat="36.747403946" lon="-118.38651387"/><trkpt lat="36.74753177" lon="-118.386560474"/><trkpt lat="36.747680465" lon="-118.386651753"/><trkpt lat="36.747822035" lon="-118.386742948"/><trkpt lat="36.747999731" lon="-118.386799358"/><trkpt lat="36.748163346" lon="-118.386828862"/><trkpt lat="36.748290919" lon="-118.386902036"/><trkpt lat="36.748432489" lon="-118.386993231"/><trkpt lat="36.748588309" lon="-118.387084678"/><trkpt lat="36.748751421" lon="-118.387167323"/><trkpt lat="36.748906821" lon="-118.387294225"/><trkpt lat="36.749069262" lon="-118.387430096"/><trkpt lat="36.749188537" lon="-118.387600668"/><trkpt lat="36.749329101" lon="-118.387780376"/><trkpt lat="36.749463128" lon="-118.387906859"/><trkpt lat="36.749568824" lon="-118.388015153"/><trkpt lat="36.749696145" lon="-118.388106097"/><trkpt lat="36.749837296" lon="-118.388232663"/><trkpt lat="36.749985572" lon="-118.388368282"/><trkpt lat="36.750162179" lon="-118.388513289"/><trkpt lat="36.750338366" lon="-118.388693668"/><trkpt lat="36.750500472" lon="-118.388856109"/><trkpt lat="36.75071924" lon="-118.389055096"/><trkpt lat="36.750881011" lon="-118.389252992"/><trkpt lat="36.751057198" lon="-118.389433371"/><trkpt lat="36.751233805" lon="-118.389578378"/><trkpt lat="36.751353834" lon="-118.389686923"/><trkpt lat="36.751494315" lon="-118.389866715"/><trkpt lat="36.751649464" lon="-118.390020104"/><trkpt lat="36.751847696" lon="-118.390147761"/><trkpt lat="36.752003012" lon="-118.390283547"/><trkpt lat="36.752150869" lon="-118.390445737"/><trkpt lat="36.752234185" lon="-118.390642209"/><trkpt lat="36.752324626" lon="-118.390838848"/><trkpt lat="36.752407439" lon="-118.391070776"/><trkpt lat="36.75247265" lon="-118.391286191"/><trkpt lat="36.752505675" lon="-118.391441172"/><trkpt lat="36.752543058" lon="-118.39164569"/><trkpt lat="36.752595361" lon="-118.391844258"/><trkpt lat="36.752692759" lon="-118.392018937"/><trkpt lat="36.752810357" lon="-118.392163021"/><trkpt lat="36.752932481" lon="-118.392344322"/><trkpt lat="36.752980426" lon="-118.392493436"/><trkpt lat="36.753028706" lon="-118.392611621"/><trkpt lat="36.753136078" lon="-118.392780349"/><trkpt lat="36.753248228" lon="-118.392961482"/><trkpt lat="36.753349733" lon="-118.39321034"/><trkpt lat="36.753426678" lon="-118.393427851"/><trkpt lat="36.753503876" lon="-118.393626837"/><trkpt lat="36.753581073" lon="-118.393825907"/><trkpt lat="36.753653744" lon="-118.393987762"/><trkpt lat="36.753721805" lon="-118.394118687"/><trkpt lat="36.753824232" lon="-118.394281128"/><trkpt lat="36.753941495" lon="-118.39444994"/><trkpt lat="36.754003773" lon="-118.394648759"/><trkpt lat="36.75408558" lon="-118.394878674"/><trkpt lat="36.754124053" lon="-118.394990573"/><trkpt lat="36.754137296" lon="-118.395132814"/><trkpt lat="36.754185157" lon="-118.39528813"/><trkpt lat="36.754243076" lon="-118.395437328"/><trkpt lat="36.754340725" lon="-118.395587364"/><trkpt lat="36.754423873" lon="-118.395700017"/><trkpt lat="36.754492437" lon="-118.395787692"/><trkpt lat="36.754560331" lon="-118.395931022"/><trkpt lat="36.754603414" lon="-118.396067647"/><trkpt lat="36.754621267" lon="-118.396240901"/><trkpt lat="36.754689077" lon="-118.396396469"/><trkpt lat="36.754776835" lon="-118.396540135"/><trkpt lat="36.754835173" lon="-118.396652369"/><trkpt lat="36.754897451" lon="-118.396844985"/><trkpt lat="36.754995016" lon="-118.39700114"/><trkpt lat="36.755122589" lon="-118.397145476"/><trkpt lat="36.755224681" lon="-118.397338763"/><trkpt lat="36.755267596" lon="-118.397493912"/><trkpt lat="36.755316043" lon="-118.397599775"/><trkpt lat="36.755328197" lon="-118.39783472"/><trkpt lat="36.755319564" lon="-118.398149544"/><trkpt lat="36.755337082" lon="-118.398347441"/><trkpt lat="36.755358875" lon="-118.398607196"/><trkpt lat="36.755371029" lon="-118.398842141"/><trkpt lat="36.755398186" lon="-118.399071135"/><trkpt lat="36.755420314" lon="-118.399300044"/><trkpt lat="36.755442442" lon="-118.399535157"/><trkpt lat="36.755465325" lon="-118.399702292"/><trkpt lat="36.755488459" lon="-118.399844784"/><trkpt lat="36.755512347" lon="-118.399931621"/><trkpt lat="36.75559558" lon="-118.400031952"/><trkpt lat="36.755694235" lon="-118.400095487"/><trkpt lat="36.755803032" lon="-118.400146868"/><trkpt lat="36.755921636" lon="-118.400198501"/><trkpt lat="36.756030098" lon="-118.400274524"/><trkpt lat="36.75614845" lon="-118.4003508"/><trkpt lat="36.756202765" lon="-118.400382651"/><trkpt lat="36.756216511" lon="-118.400481725"/><trkpt lat="36.756135626" lon="-118.400597647"/><trkpt lat="36.756055327" lon="-118.400664115"/><trkpt lat="36.75595466" lon="-118.400773415"/><trkpt lat="36.755889533" lon="-118.400815492"/><trkpt lat="36.755898418" lon="-118.40090828"/><trkpt lat="36.755936891" lon="-118.401013976"/><trkpt lat="36.755999755" lon="-118.401163341"/><trkpt lat="36.756003443" lon="-118.401274569"/><trkpt lat="36.755982153" lon="-118.401391497"/><trkpt lat="36.755960779" lon="-118.40152083"/><trkpt lat="36.75592985" lon="-118.401612863"/><trkpt lat="36.755938902" lon="-118.401693329"/><trkpt lat="36.756003108" lon="-118.401725348"/><trkpt lat="36.756077623" lon="-118.401726773"/><trkpt lat="36.756152222" lon="-118.401721912"/><trkpt lat="36.756206872" lon="-118.401722917"/><trkpt lat="36.756256325" lon="-118.401742363"/><trkpt lat="36.756255403" lon="-118.401822578"/><trkpt lat="36.756244171" lon="-118.401933555"/><trkpt lat="36.756223468" lon="-118.402001113"/><trkpt lat="36.756242411" lon="-118.402081747"/><trkpt lat="36.756206704" lon="-118.402161375"/><trkpt lat="36.756146103" lon="-118.402240584"/><trkpt lat="36.756100506" lon="-118.402320044"/><trkpt lat="36.756069576" lon="-118.402412077"/><trkpt lat="36.75606329" lon="-118.402523138"/><trkpt lat="36.756107043" lon="-118.402604274"/><trkpt lat="36.756220367" lon="-118.402692787"/><trkpt lat="36.756249452" lon="-118.402755065"/><trkpt lat="36.756257582" lon="-118.402903425"/><trkpt lat="36.756266216" lon="-118.403014736"/><trkpt lat="36.756340144" lon="-118.403071649"/><trkpt lat="36.756448606" lon="-118.403141554"/><trkpt lat="36.756537119" lon="-118.403223446"/><trkpt lat="36.756650778" lon="-118.403281113"/><trkpt lat="36.756779188" lon="-118.403345235"/><trkpt lat="36.756887818" lon="-118.403408937"/><trkpt lat="36.756991502" lon="-118.403460234"/><trkpt lat="36.757104741" lon="-118.40355495"/><trkpt lat="36.757228458" lon="-118.403600464"/><trkpt lat="36.757337339" lon="-118.403633321"/><trkpt lat="36.757421242" lon="-118.403684283"/><trkpt lat="36.757539008" lon="-118.40381613"/><trkpt lat="36.757637663" lon="-118.403879665"/><trkpt lat="36.75773615" lon="-118.403955521"/><trkpt lat="36.757844277" lon="-118.404056355"/><trkpt lat="36.758001857" lon="-118.404176552"/><trkpt lat="36.758179134" lon="-118.404315691"/><trkpt lat="36.758257169" lon="-118.404440582"/><trkpt lat="36.758339899" lon="-118.404590366"/><trkpt lat="36.758427657" lon="-118.404734032"/><trkpt lat="36.758554643" lon="-118.404921619"/><trkpt lat="36.758641815" lon="-118.405114654"/><trkpt lat="36.758739883" lon="-118.405227559"/><trkpt lat="36.758896876" lon="-118.405403411"/><trkpt lat="36.759034758" lon="-118.405510867"/><trkpt lat="36.759137437" lon="-118.405654784"/><trkpt lat="36.759234918" lon="-118.405817142"/><trkpt lat="36.759311864" lon="-118.406034736"/><trkpt lat="36.759378333" lon="-118.406295329"/><trkpt lat="36.759460391" lon="-118.406500686"/><trkpt lat="36.759511856" lon="-118.406773349"/><trkpt lat="36.759617971" lon="-118.407047018"/><trkpt lat="36.759709083" lon="-118.407326639"/><trkpt lat="36.759855179" lon="-118.407582538"/><trkpt lat="36.759937825" lon="-118.407732239"/><trkpt lat="36.759965401" lon="-118.407924268"/><trkpt lat="36.759998845" lon="-118.408042202"/><trkpt lat="36.760021895" lon="-118.408190813"/><trkpt lat="36.760013597" lon="-118.408474792"/><trkpt lat="36.75998644" lon="-118.408671934"/><trkpt lat="36.759992978" lon="-118.408956164"/><trkpt lat="36.760001024" lon="-118.409116846"/><trkpt lat="36.760009238" lon="-118.409265289"/><trkpt lat="36.760042347" lon="-118.409407949"/><trkpt lat="36.760005299" lon="-118.409592519"/><trkpt lat="36.759953415" lon="-118.409783039"/><trkpt lat="36.759945787" lon="-118.410005243"/><trkpt lat="36.759958528" lon="-118.410190735"/><trkpt lat="36.760000689" lon="-118.410407659"/><trkpt lat="36.760047292" lon="-118.410667917"/><trkpt lat="36.760099679" lon="-118.410860365"/><trkpt lat="36.760127423" lon="-118.411033787"/><trkpt lat="36.760155587" lon="-118.411176363"/><trkpt lat="36.760173272" lon="-118.411361938"/><trkpt lat="36.760171093" lon="-118.411547178"/><trkpt lat="36.760164052" lon="-118.411720013"/><trkpt lat="36.760143097" lon="-118.411812298"/><trkpt lat="36.760147288" lon="-118.411874156"/><trkpt lat="36.760212248" lon="-118.411844401"/><trkpt lat="36.760277711" lon="-118.411771478"/><trkpt lat="36.760338563" lon="-118.411667626"/><trkpt lat="36.760404026" lon="-118.411600906"/><trkpt lat="36.760464711" lon="-118.411509376"/><trkpt lat="36.760524726" lon="-118.41147962"/><trkpt lat="36.760584489" lon="-118.411468305"/><trkpt lat="36.760634026" lon="-118.411481632"/><trkpt lat="36.760652969" lon="-118.411562266"/><trkpt lat="36.760681132" lon="-118.411698639"/><trkpt lat="36.760719102" lon="-118.411847586"/><trkpt lat="36.76074299" lon="-118.411934422"/><trkpt lat="36.760786744" lon="-118.412015559"/><trkpt lat="36.760811051" lon="-118.412059229"/><trkpt lat="36.760841478" lon="-118.41200416"/><trkpt lat="36.76090694" lon="-118.41193744"/><trkpt lat="36.760962261" lon="-118.411876671"/><trkpt lat="36.76103292" lon="-118.411785392"/><trkpt lat="36.761098886" lon="-118.411675422"/><trkpt lat="36.761154542" lon="-118.411589926"/><trkpt lat="36.761199469" lon="-118.41157224"/><trkpt lat="36.76125831" lon="-118.411641223"/><trkpt lat="36.761306589" lon="-118.411759492"/><trkpt lat="36.761359479" lon="-118.41190869"/><trkpt lat="36.761402981" lon="-118.41201447"/><trkpt lat="36.761457128" lon="-118.412058726"/><trkpt lat="36.761526866" lon="-118.412041459"/><trkpt lat="36.761587467" lon="-118.41196225"/><trkpt lat="36.761648655" lon="-118.411833672"/><trkpt lat="36.76170012" lon="-118.411680283"/><trkpt lat="36.761756698" lon="-118.411520692"/><trkpt lat="36.761803636" lon="-118.41133629"/><trkpt lat="36.761835152" lon="-118.411188601"/><trkpt lat="36.761892401" lon="-118.410973521"/><trkpt lat="36.761938753" lon="-118.410832286"/><trkpt lat="36.761966329" lon="-118.410604298"/><trkpt lat="36.762013519" lon="-118.41039517"/><trkpt lat="36.762045873" lon="-118.410179587"/><trkpt lat="36.76212173" lon="-118.410069784"/><trkpt lat="36.762203453" lon="-118.409885969"/><trkpt lat="36.762309903" lon="-118.409708859"/><trkpt lat="36.762396488" lon="-118.409525128"/><trkpt lat="36.762462873" lon="-118.409378109"/><trkpt lat="36.762564043" lon="-118.409225559"/><trkpt lat="36.762660434" lon="-118.409060519"/><trkpt lat="36.762721203" lon="-118.40896287"/><trkpt lat="36.762767304" lon="-118.40885248"/><trkpt lat="36.762823965" lon="-118.408680568"/><trkpt lat="36.762865456" lon="-118.40853313"/><trkpt lat="36.762866881" lon="-118.408415783"/><trkpt lat="36.762883393" lon="-118.408274045"/><trkpt lat="36.762918849" lon="-118.408219144"/><trkpt lat="36.762988837" lon="-118.408183353"/><trkpt lat="36.763047511" lon="-118.408264657"/><trkpt lat="36.76312563" lon="-118.408383513"/><trkpt lat="36.763169216" lon="-118.40848309"/><trkpt lat="36.763222609" lon="-118.408589037"/><trkpt lat="36.763276504" lon="-118.408651818"/><trkpt lat="36.76334138" lon="-118.408634467"/><trkpt lat="36.763387481" lon="-118.408517959"/><trkpt lat="36.763423439" lon="-118.408419807"/><trkpt lat="36.763483118" lon="-118.408414694"/><trkpt lat="36.763516311" lon="-118.408545032"/><trkpt lat="36.763519077" lon="-118.408736559"/><trkpt lat="36.763516646" lon="-118.408940323"/><trkpt lat="36.763534667" lon="-118.409095053"/><trkpt lat="36.76355755" lon="-118.409262272"/><trkpt lat="36.763595603" lon="-118.409405015"/><trkpt lat="36.763659725" lon="-118.409449439"/><trkpt lat="36.763715046" lon="-118.409394873"/><trkpt lat="36.763780508" lon="-118.409321951"/><trkpt lat="36.763841026" lon="-118.409248944"/><trkpt lat="36.763906488" lon="-118.409169819"/><trkpt lat="36.76396667" lon="-118.409127658"/><trkpt lat="36.763995504" lon="-118.40920846"/><trkpt lat="36.764008999" lon="-118.40933226"/><trkpt lat="36.764033055" lon="-118.409394454"/><trkpt lat="36.764067169" lon="-118.409450697"/><trkpt lat="36.764060128" lon="-118.40962965"/><trkpt lat="36.764053004" lon="-118.409808688"/><trkpt lat="36.76405116" lon="-118.409969201"/><trkpt lat="36.764050154" lon="-118.4100495"/><trkpt lat="36.764109666" lon="-118.410062911"/><trkpt lat="36.76417429" lon="-118.410057966"/><trkpt lat="36.764214355" lon="-118.410033993"/><trkpt lat="36.764274957" lon="-118.409954784"/><trkpt lat="36.764371349" lon="-118.409789829"/><trkpt lat="36.764457012" lon="-118.409686396"/><trkpt lat="36.764552314" lon="-118.409613976"/><trkpt lat="36.764691873" lon="-118.409579443"/><trkpt lat="36.764781475" lon="-118.409562595"/><trkpt lat="36.764891949" lon="-118.409465784"/><trkpt lat="36.765052043" lon="-118.409382217"/><trkpt lat="36.765141897" lon="-118.409346845"/><trkpt lat="36.765291346" lon="-118.409312479"/><trkpt lat="36.765425624" lon="-118.409308791"/><trkpt lat="36.765510282" lon="-118.409291776"/><trkpt lat="36.765589742" lon="-118.409299403"/><trkpt lat="36.765649254" lon="-118.409306696"/><trkpt lat="36.765788477" lon="-118.409303091"/><trkpt lat="36.765892915" lon="-118.409292614"/><trkpt lat="36.765976986" lon="-118.409331255"/><trkpt lat="36.766011184" lon="-118.409381295"/><trkpt lat="36.766054519" lon="-118.409499396"/><trkpt lat="36.766102798" lon="-118.409617664"/><trkpt lat="36.766161136" lon="-118.409723695"/><trkpt lat="36.766239088" lon="-118.409854872"/><trkpt lat="36.766307652" lon="-118.409942631"/><trkpt lat="36.766356938" lon="-118.409980601"/><trkpt lat="36.766380155" lon="-118.41011689"/><trkpt lat="36.766422652" lon="-118.410302969"/><trkpt lat="36.766465902" lon="-118.410427272"/><trkpt lat="36.766578136" lon="-118.410602286"/><trkpt lat="36.766720545" lon="-118.410746958"/><trkpt lat="36.766818361" lon="-118.41087847"/><trkpt lat="36.766911736" lon="-118.41097285"/><trkpt lat="36.766999578" lon="-118.411104111"/><trkpt lat="36.767038219" lon="-118.411197485"/><trkpt lat="36.767081972" lon="-118.411284741"/><trkpt lat="36.767130587" lon="-118.411372164"/><trkpt lat="36.76718859" lon="-118.411515243"/><trkpt lat="36.767256903" lon="-118.411615323"/><trkpt lat="36.767330496" lon="-118.411696963"/><trkpt lat="36.767409621" lon="-118.41173552"/><trkpt lat="36.767494278" lon="-118.411718505"/><trkpt lat="36.767579354" lon="-118.411664525"/><trkpt lat="36.76764423" lon="-118.411640972"/><trkpt lat="36.767733749" lon="-118.411636446"/><trkpt lat="36.767832404" lon="-118.41169998"/><trkpt lat="36.767970622" lon="-118.411776675"/><trkpt lat="36.768119149" lon="-118.41182881"/><trkpt lat="36.768253176" lon="-118.411837444"/><trkpt lat="36.768402206" lon="-118.411846329"/><trkpt lat="36.768551487" lon="-118.411830571"/><trkpt lat="36.768641761" lon="-118.411758067"/><trkpt lat="36.768732872" lon="-118.41161767"/><trkpt lat="36.768828928" lon="-118.41148356"/><trkpt lat="36.768915597" lon="-118.41129371"/><trkpt lat="36.768991537" lon="-118.411177704"/><trkpt lat="36.769087175" lon="-118.411074439"/><trkpt lat="36.769191865" lon="-118.411045521"/><trkpt lat="36.769366208" lon="-118.411011659"/><trkpt lat="36.76945053" lon="-118.411031691"/><trkpt lat="36.769583635" lon="-118.411120623"/><trkpt lat="36.769711962" lon="-118.411197066"/><trkpt lat="36.769810701" lon="-118.41124828"/><trkpt lat="36.769869877" lon="-118.411286501"/><trkpt lat="36.769892927" lon="-118.411441315"/><trkpt lat="36.769891335" lon="-118.411570983"/><trkpt lat="36.769895609" lon="-118.411632841"/><trkpt lat="36.769965263" lon="-118.41162798"/><trkpt lat="36.770030139" lon="-118.411604427"/><trkpt lat="36.770105492" lon="-118.411531672"/><trkpt lat="36.770190485" lon="-118.411490014"/><trkpt lat="36.770305065" lon="-118.411467383"/><trkpt lat="36.770384694" lon="-118.411456486"/><trkpt lat="36.770448983" lon="-118.411482386"/><trkpt lat="36.770428112" lon="-118.411568468"/><trkpt lat="36.770411767" lon="-118.411691682"/><trkpt lat="36.770370863" lon="-118.411789834"/><trkpt lat="36.770369187" lon="-118.411925705"/><trkpt lat="36.770357369" lon="-118.412086051"/><trkpt lat="36.770295929" lon="-118.412239356"/><trkpt lat="36.770224432" lon="-118.412404815"/><trkpt lat="36.770162992" lon="-118.412551917"/><trkpt lat="36.770091746" lon="-118.412692733"/><trkpt lat="36.770045562" lon="-118.41281536"/><trkpt lat="36.770038772" lon="-118.412969671"/><trkpt lat="36.770067019" lon="-118.413106129"/><trkpt lat="36.77015461" lon="-118.413262116"/><trkpt lat="36.770212781" lon="-118.413386755"/><trkpt lat="36.770260641" lon="-118.413542071"/><trkpt lat="36.770309089" lon="-118.413647935"/><trkpt lat="36.770252511" lon="-118.413807526"/><trkpt lat="36.770176822" lon="-118.413904924"/><trkpt lat="36.770144971" lon="-118.414071137"/><trkpt lat="36.770073138" lon="-118.414261322"/><trkpt lat="36.770001473" lon="-118.414439103"/><trkpt lat="36.769964593" lon="-118.414617553"/><trkpt lat="36.769982027" lon="-118.414821737"/><trkpt lat="36.770084454" lon="-118.414984178"/><trkpt lat="36.770207165" lon="-118.415116193"/><trkpt lat="36.770349741" lon="-118.41524234"/><trkpt lat="36.770418221" lon="-118.415336302"/><trkpt lat="36.770461723" lon="-118.415442081"/><trkpt lat="36.770515619" lon="-118.415504862"/><trkpt lat="36.770534517006006" lon="-118.41544494996472"/><trkpt lat="36.770586135591095" lon="-118.41540813446046"/><trkpt lat="36.770659674396654" lon="-118.41542105821088"/><trkpt lat="36.77062" lon="-118.41555"/><trkpt lat="36.77062971686388" lon="-118.41620103023031"/><trkpt lat="36.77062971686388" lon="-118.41620103023031"/><trkpt lat="36.77086" lon="-118.41656"/><trkpt lat="36.7715" lon="-118.41704"/><trkpt lat="36.77228" lon="-118.41738"/><trkpt lat="36.77242" lon="-118.41738"/><trkpt lat="36.77283" lon="-118.41768"/><trkpt lat="36.77299" lon="-118.41769"/><trkpt lat="36.77315" lon="-118.4178"/><trkpt lat="36.773331934084645" lon="-118.41786149884553"/><trkpt lat="36.773331934084645" lon="-118.41786149884553"/><trkpt lat="36.77386" lon="-118.41804"/><trkpt lat="36.77401" lon="-118.4182"/><trkpt lat="36.77409" lon="-118.41824"/><trkpt lat="36.77444787788973" lon="-118.41842140071068"/><trkpt lat="36.774465675" lon="-118.418467361"/><trkpt lat="36.774562066" lon="-118.418571297"/><trkpt lat="36.774638174" lon="-118.418642879"/><trkpt lat="36.774760969" lon="-118.418683447"/><trkpt lat="36.774858199" lon="-118.418710772"/><trkpt lat="36.774985855" lon="-118.418770619"/><trkpt lat="36.775107309" lon="-118.418919649"/><trkpt lat="36.775228847" lon="-118.419068679"/><trkpt lat="36.775319874" lon="-118.419185271"/><trkpt lat="36.775390869" lon="-118.419256769"/><trkpt lat="36.775460606" lon="-118.419436812"/><trkpt lat="36.775530847" lon="-118.41957855"/><trkpt lat="36.775621707" lon="-118.419707883"/><trkpt lat="36.775753889" lon="-118.419818776"/><trkpt lat="36.775911888" lon="-118.419923885"/><trkpt lat="36.776059577" lon="-118.420022288"/><trkpt lat="36.776192598" lon="-118.420063108"/><trkpt lat="36.776320506" lon="-118.42010376"/><trkpt lat="36.776473476" lon="-118.420195961"/><trkpt lat="36.776610604" lon="-118.420326132"/><trkpt lat="36.776798693" lon="-118.42048279"/><trkpt lat="36.776977479" lon="-118.42056267"/><trkpt lat="36.777150817" lon="-118.42066803"/><trkpt lat="36.777333962" lon="-118.420811864"/><trkpt lat="36.77749699" lon="-118.420923343"/><trkpt lat="36.777639398" lon="-118.421034487"/><trkpt lat="36.777787171" lon="-118.421132974"/><trkpt lat="36.778001329" lon="-118.4212582"/><trkpt lat="36.77815849" lon="-118.421427095"/><trkpt lat="36.778336521" lon="-118.421570761"/><trkpt lat="36.778545231" lon="-118.421721468"/><trkpt lat="36.778770117" lon="-118.42181501"/><trkpt lat="36.778912609" lon="-118.421919784"/><trkpt lat="36.779059963" lon="-118.422050122"/><trkpt lat="36.779212765" lon="-118.422155064"/><trkpt lat="36.779391216" lon="-118.422260508"/><trkpt lat="36.779518956" lon="-118.422320355"/><trkpt lat="36.779641667" lon="-118.422360923"/><trkpt lat="36.779805785" lon="-118.422376681"/><trkpt lat="36.779918773" lon="-118.422378777"/><trkpt lat="36.78007761" lon="-118.422407275"/><trkpt lat="36.780220857" lon="-118.422454633"/><trkpt lat="36.780359242" lon="-118.422476342"/><trkpt lat="36.780471308" lon="-118.422548594"/><trkpt lat="36.780604078" lon="-118.422614895"/><trkpt lat="36.780763334" lon="-118.422605088"/><trkpt lat="36.780927703" lon="-118.422601735"/><trkpt lat="36.781050833" lon="-118.422610369"/><trkpt lat="36.781169102" lon="-118.422599807"/><trkpt lat="36.781297429" lon="-118.422602154"/><trkpt lat="36.781399688" lon="-118.422642387"/><trkpt lat="36.781480992" lon="-118.422714053"/><trkpt lat="36.781562213" lon="-118.422792172"/><trkpt lat="36.781664975" lon="-118.42278773"/><trkpt lat="36.781783244" lon="-118.422770714"/><trkpt lat="36.781886509" lon="-118.422721596"/><trkpt lat="36.78200528" lon="-118.42266636"/><trkpt lat="36.782108964" lon="-118.422585223"/><trkpt lat="36.782207703" lon="-118.422484975"/><trkpt lat="36.782275094" lon="-118.422435103"/><trkpt lat="36.782321865" lon="-118.422391266"/><trkpt lat="36.782408785" lon="-118.422418423"/><trkpt lat="36.782516241" lon="-118.42245237"/><trkpt lat="36.782649178" lon="-118.422499476"/><trkpt lat="36.782736266" lon="-118.422513893"/><trkpt lat="36.782838777" lon="-118.422534931"/><trkpt lat="36.782967355" lon="-118.422518168"/><trkpt lat="36.783075063" lon="-118.42252655"/><trkpt lat="36.783203222" lon="-118.422548007"/><trkpt lat="36.783341607" lon="-118.422563346"/><trkpt lat="36.783479992" lon="-118.422591425"/><trkpt lat="36.783562219" lon="-118.422580194"/><trkpt lat="36.783670513" lon="-118.4225439"/><trkpt lat="36.783784004" lon="-118.42250132"/><trkpt lat="36.783887269" lon="-118.422452118"/><trkpt lat="36.783975111" lon="-118.422409119"/><trkpt lat="36.784053147" lon="-118.422321193"/><trkpt lat="36.784116346" lon="-118.422188256"/><trkpt lat="36.784148617" lon="-118.422067557"/><trkpt lat="36.784196561" lon="-118.421921628"/><trkpt lat="36.784213157" lon="-118.421826158"/><trkpt lat="36.784265125" lon="-118.421776034"/><trkpt lat="36.784337629" lon="-118.421719959"/><trkpt lat="36.784415916" lon="-118.421619292"/><trkpt lat="36.784483641" lon="-118.421531115"/><trkpt lat="36.784516247" lon="-118.421384934"/><trkpt lat="36.784522617" lon="-118.421282927"/><trkpt lat="36.784565113" lon="-118.421162395"/><trkpt lat="36.784613393" lon="-118.420990901"/><trkpt lat="36.784630241" lon="-118.42086995"/><trkpt lat="36.78463703" lon="-118.420729637"/><trkpt lat="36.784587158" lon="-118.420607429"/><trkpt lat="36.784532173" lon="-118.420478683"/><trkpt lat="36.784512894" lon="-118.420376172"/><trkpt lat="36.784513984" lon="-118.420280451"/><trkpt lat="36.784474002" lon="-118.420190345"/><trkpt lat="36.784434104" lon="-118.4200875"/><trkpt lat="36.784389764" lon="-118.41993344"/><trkpt lat="36.784338802" lon="-118.419900583"/><trkpt lat="36.78429421" lon="-118.419765718"/><trkpt lat="36.78424987" lon="-118.419605289"/><trkpt lat="36.78425733" lon="-118.41941393"/><trkpt lat="36.78425909" lon="-118.419260709"/><trkpt lat="36.784260683" lon="-118.419126682"/><trkpt lat="36.784323715" lon="-118.41901294"/><trkpt lat="36.784355817" lon="-118.418905064"/><trkpt lat="36.784372916" lon="-118.418758549"/><trkpt lat="36.784365289" lon="-118.418541374"/><trkpt lat="36.784371827" lon="-118.418420171"/><trkpt lat="36.784409378" lon="-118.418286815"/><trkpt lat="36.784415748" lon="-118.418184808"/><trkpt lat="36.784422034" lon="-118.418082716"/><trkpt lat="36.784376856" lon="-118.417998897"/><trkpt lat="36.784321032" lon="-118.417940475"/><trkpt lat="36.784306699" lon="-118.417850789"/><trkpt lat="36.784323212" lon="-118.417761773"/><trkpt lat="36.784308795" lon="-118.417678457"/><trkpt lat="36.784314746" lon="-118.417608384"/><trkpt lat="36.784238052" lon="-118.417581394"/><trkpt lat="36.784145348" lon="-118.417598829"/><trkpt lat="36.784115676" lon="-118.417508975"/><trkpt lat="36.784065217" lon="-118.417431442"/><trkpt lat="36.784015093" lon="-118.417328345"/><trkpt lat="36.784006124" lon="-118.417219631"/><trkpt lat="36.784002353" lon="-118.417104715"/><trkpt lat="36.78400822" lon="-118.417040929"/><trkpt lat="36.784069994" lon="-118.417029362"/><trkpt lat="36.784168147" lon="-118.416980077"/><trkpt lat="36.784276608" lon="-118.416930959"/><trkpt lat="36.784348944" lon="-118.416887624"/><trkpt lat="36.784421951" lon="-118.416799614"/><trkpt lat="36.784479618" lon="-118.416698528"/><trkpt lat="36.784512391" lon="-118.416533154"/><trkpt lat="36.784544662" lon="-118.416406084"/><trkpt lat="36.78456679" lon="-118.416278763"/><trkpt lat="36.784609454" lon="-118.41613912"/><trkpt lat="36.784621356" lon="-118.416005261"/><trkpt lat="36.784643568" lon="-118.415865283"/><trkpt lat="36.784608951" lon="-118.415756067"/><trkpt lat="36.784564108" lon="-118.415640397"/><trkpt lat="36.784571065" lon="-118.41548726"/><trkpt lat="36.784562347" lon="-118.415353065"/><trkpt lat="36.784577351" lon="-118.4152094"/><trkpt lat="36.784590594" lon="-118.415162293"/><trkpt lat="36.784598557" lon="-118.415105967"/><trkpt lat="36.784600988" lon="-118.415054083"/><trkpt lat="36.784626553" lon="-118.41504327"/><trkpt lat="36.784664523" lon="-118.415055256"/><trkpt lat="36.784713138" lon="-118.415092304"/><trkpt lat="36.784754628" lon="-118.41511108"/><trkpt lat="36.78478715" lon="-118.415127508"/><trkpt lat="36.784816319" lon="-118.415119043"/><trkpt lat="36.78481305" lon="-118.415085096"/><trkpt lat="36.784790084" lon="-118.415032709"/><trkpt lat="36.784787234" lon="-118.414969509"/><trkpt lat="36.784800394" lon="-118.414931372"/><trkpt lat="36.784827886" lon="-118.414909244"/><trkpt lat="36.784858564" lon="-118.414925672"/><trkpt lat="36.784881698" lon="-118.414962217"/><trkpt lat="36.78491246" lon="-118.414974036"/><trkpt lat="36.784948669" lon="-118.414979232"/><trkpt lat="36.784976162" lon="-118.414957188"/><trkpt lat="36.784985969" lon="-118.414900862"/><trkpt lat="36.784986723" lon="-118.414835399"/><trkpt lat="36.784991166" lon="-118.41477002"/><trkpt lat="36.7850086" lon="-118.414677819"/><trkpt lat="36.78502067" lon="-118.414576482"/><trkpt lat="36.785025448" lon="-118.41447724"/><trkpt lat="36.785037434" lon="-118.414389398"/><trkpt lat="36.785045899" lon="-118.41429024"/><trkpt lat="36.785059478" lon="-118.41421145"/><trkpt lat="36.785080265" lon="-118.414146323"/><trkpt lat="36.785102561" lon="-118.41410391"/><trkpt lat="36.785128713" lon="-118.414038867"/><trkpt lat="36.785156121" lon="-118.414030401"/><trkpt lat="36.785188392" lon="-118.414062588"/><trkpt lat="36.785231726" lon="-118.41408371"/><trkpt lat="36.785269864" lon="-118.414082117"/><trkpt lat="36.785297357" lon="-118.414060073"/><trkpt lat="36.78530884" lon="-118.41401062"/><trkpt lat="36.785322083" lon="-118.413967956"/><trkpt lat="36.785344128" lon="-118.413943481"/><trkpt lat="36.785376649" lon="-118.413957646"/><trkpt lat="36.785390731" lon="-118.413994024"/><trkpt lat="36.785432054" lon="-118.414033167"/><trkpt lat="36.78548662" lon="-118.414027384"/><trkpt lat="36.785517968" lon="-118.413987318"/><trkpt lat="36.785536492" lon="-118.41395379"/><trkpt lat="36.78558033" lon="-118.413932081"/><trkpt lat="36.785616623" lon="-118.413939457"/><trkpt lat="36.785676219" lon="-118.413960915"/><trkpt lat="36.78571268" lon="-118.41395027"/><trkpt lat="36.785745956" lon="-118.413905762"/><trkpt lat="36.785766492" lon="-118.413854213"/><trkpt lat="36.785788788" lon="-118.413809454"/><trkpt lat="36.785814352" lon="-118.413803168"/><trkpt lat="36.785874199" lon="-118.41380652"/><trkpt lat="36.785932537" lon="-118.413789505"/><trkpt lat="36.785963885" lon="-118.413747177"/><trkpt lat="36.785972016" lon="-118.413675092"/><trkpt lat="36.785992887" lon="-118.413600996"/><trkpt lat="36.786026247" lon="-118.41354291"/><trkpt lat="36.786075784" lon="-118.413498653"/><trkpt lat="36.786134206" lon="-118.413470406"/><trkpt lat="36.786157088" lon="-118.413380552"/><trkpt lat="36.78617226" lon="-118.413326656"/><trkpt lat="36.786192711" lon="-118.413284076"/><trkpt lat="36.786211235" lon="-118.413257338"/><trkpt lat="36.786236046" lon="-118.413307462"/><trkpt lat="36.7862627" lon="-118.413357669"/><trkpt lat="36.786294468" lon="-118.413430424"/><trkpt lat="36.786344256" lon="-118.413523966"/><trkpt lat="36.78638692" lon="-118.413601499"/><trkpt lat="36.786445761" lon="-118.413692862"/><trkpt lat="36.786520863" lon="-118.413789086"/><trkpt lat="36.786576435" lon="-118.413853291"/><trkpt lat="36.78663712" lon="-118.413940212"/><trkpt lat="36.78669286" lon="-118.413984133"/><trkpt lat="36.786775673" lon="-118.414044315"/><trkpt lat="36.786836945" lon="-118.414086057"/><trkpt lat="36.786899976" lon="-118.414130146"/><trkpt lat="36.78696326" lon="-118.41415613"/><trkpt lat="36.787031991" lon="-118.414179934"/><trkpt lat="36.78709561" lon="-118.414169876"/><trkpt lat="36.787168784" lon="-118.414126039"/><trkpt lat="36.787230643" lon="-118.41411816"/><trkpt lat="36.787307085" lon="-118.41410148"/><trkpt lat="36.787385456" lon="-118.414078094"/><trkpt lat="36.787471035" lon="-118.414057139"/><trkpt lat="36.787556615" lon="-118.414038364"/><trkpt lat="36.787618389" lon="-118.414035011"/><trkpt lat="36.787699191" lon="-118.413957478"/><trkpt lat="36.787751075" lon="-118.413874833"/><trkpt lat="36.787800947" lon="-118.413803503"/><trkpt lat="36.787884934" lon="-118.413764443"/><trkpt lat="36.787949055" lon="-118.413715996"/><trkpt lat="36.788000604" lon="-118.413655981"/><trkpt lat="36.78807185" lon="-118.413605858"/><trkpt lat="36.78810739" lon="-118.413549531"/><trkpt lat="36.788152317" lon="-118.413439309"/><trkpt lat="36.788188443" lon="-118.413331602"/><trkpt lat="36.788218031" lon="-118.413226409"/><trkpt lat="36.788251474" lon="-118.413162036"/><trkpt lat="36.788288942" lon="-118.413130185"/><trkpt lat="36.78833412" lon="-118.413177123"/><trkpt lat="36.788373012" lon="-118.413204867"/><trkpt lat="36.788403355" lon="-118.413221715"/><trkpt lat="36.78842565" lon="-118.4131788"/><trkpt lat="36.788435122" lon="-118.413119372"/><trkpt lat="36.788467811" lon="-118.413117193"/><trkpt lat="36.788508799" lon="-118.413155917"/><trkpt lat="36.788558671" lon="-118.413175782"/><trkpt lat="36.788608795" lon="-118.41317134"/><trkpt lat="36.788641904" lon="-118.413142087"/><trkpt lat="36.788670318" lon="-118.413131777"/><trkpt lat="36.788709126" lon="-118.413167736"/><trkpt lat="36.788745672" lon="-118.413209058"/><trkpt lat="36.788799819" lon="-118.41323982"/><trkpt lat="36.78883234" lon="-118.413251303"/><trkpt lat="36.788854804" lon="-118.413197491"/><trkpt lat="36.78887492" lon="-118.413154492"/><trkpt lat="36.788907778" lon="-118.413138818"/><trkpt lat="36.788946837" lon="-118.413158515"/><trkpt lat="36.788974246" lon="-118.413232192"/><trkpt lat="36.789004756" lon="-118.413235461"/><trkpt lat="36.789041888" lon="-118.413225319"/><trkpt lat="36.789059909" lon="-118.413176872"/><trkpt lat="36.789077595" lon="-118.413155498"/><trkpt lat="36.789110117" lon="-118.413175112"/><trkpt lat="36.789142219" lon="-118.413224481"/><trkpt lat="36.789165521" lon="-118.413281813"/><trkpt lat="36.789193349" lon="-118.413322968"/><trkpt lat="36.789224027" lon="-118.413304528"/><trkpt lat="36.789233414" lon="-118.413250549"/><trkpt lat="36.789240371" lon="-118.413218111"/><trkpt lat="36.789268451" lon="-118.413234875"/><trkpt lat="36.789292004" lon="-118.413273264"/><trkpt lat="36.789310863" lon="-118.41333596"/><trkpt lat="36.789323352" lon="-118.413382228"/><trkpt lat="36.78935579" lon="-118.413404524"/><trkpt lat="36.789393257" lon="-118.413375355"/><trkpt lat="36.789406836" lon="-118.41332959"/><trkpt lat="36.789392419" lon="-118.413258847"/><trkpt lat="36.789384456" lon="-118.413193636"/><trkpt lat="36.78940298" lon="-118.41310462"/><trkpt lat="36.789421588" lon="-118.41300739"/><trkpt lat="36.789454864" lon="-118.412956512"/><trkpt lat="36.789505156" lon="-118.412941173"/><trkpt lat="36.789548993" lon="-118.412920302"/><trkpt lat="36.78957833" lon="-118.412836818"/><trkpt lat="36.789605822" lon="-118.412720812"/><trkpt lat="36.789626861" lon="-118.412604723"/><trkpt lat="36.78964572" lon="-118.412485784"/><trkpt lat="36.78965142" lon="-118.412369443"/><trkpt lat="36.789668016" lon="-118.412258634"/><trkpt lat="36.789661143" lon="-118.412098624"/><trkpt lat="36.789628118" lon="-118.411946241"/><trkpt lat="36.789564583" lon="-118.411790673"/><trkpt lat="36.789543545" lon="-118.41172521"/><trkpt lat="36.789532229" lon="-118.411578694"/><trkpt lat="36.78948747" lon="-118.411488421"/><trkpt lat="36.789431898" lon="-118.411397981"/><trkpt lat="36.789389402" lon="-118.411305109"/><trkpt lat="36.789386217" lon="-118.411210226"/><trkpt lat="36.789398454" lon="-118.411093885"/><trkpt lat="36.789426282" lon="-118.410956254"/><trkpt lat="36.789455619" lon="-118.410870088"/><trkpt lat="36.789484955" lon="-118.410786605"/><trkpt lat="36.789545054" lon="-118.410676634"/><trkpt lat="36.789605068" lon="-118.410580158"/><trkpt lat="36.789662987" lon="-118.410475552"/><trkpt lat="36.789696934" lon="-118.410370443"/><trkpt lat="36.78973549" lon="-118.410243792"/><trkpt lat="36.789755858" lon="-118.410176486"/><trkpt lat="36.789809922" lon="-118.410031144"/><trkpt lat="36.789876558" lon="-118.409923939"/><trkpt lat="36.789929699" lon="-118.409851771"/><trkpt lat="36.789963394" lon="-118.409768371"/><trkpt lat="36.78997823" lon="-118.40961691"/><trkpt lat="36.790014608" lon="-118.409492942"/><trkpt lat="36.790036988" lon="-118.40943913"/><trkpt lat="36.79005702" lon="-118.409407027"/><trkpt lat="36.790087279" lon="-118.409431921"/><trkpt lat="36.790110413" lon="-118.409502832"/><trkpt lat="36.790127428" lon="-118.409535605"/><trkpt lat="36.790170344" lon="-118.409593357"/><trkpt lat="36.790205045" lon="-118.40960484"/><trkpt lat="36.790227341" lon="-118.409561841"/><trkpt lat="36.790249636" lon="-118.409518925"/><trkpt lat="36.79027738" lon="-118.409570893"/><trkpt lat="36.790296072" lon="-118.409647085"/><trkpt lat="36.790303364" lon="-118.409769209"/><trkpt lat="36.790298" lon="-118.409855794"/><trkpt lat="36.790292133" lon="-118.409980349"/><trkpt lat="36.790297581" lon="-118.41007255"/><trkpt lat="36.790329851" lon="-118.410108425"/><trkpt lat="36.790384836" lon="-118.410068778"/><trkpt lat="36.790421046" lon="-118.40995294"/><trkpt lat="36.790459435" lon="-118.409839785"/><trkpt lat="36.790497825" lon="-118.409729395"/><trkpt lat="36.790536381" lon="-118.409605427"/><trkpt lat="36.790576782" lon="-118.409505934"/><trkpt lat="36.790601844" lon="-118.409411553"/><trkpt lat="36.790632606" lon="-118.409393197"/><trkpt lat="36.790664876" lon="-118.409428988"/><trkpt lat="36.790681388" lon="-118.409505179"/><trkpt lat="36.790699912" lon="-118.409594949"/><trkpt lat="36.790724974" lon="-118.409687486"/><trkpt lat="36.790743247" lon="-118.409801647"/><trkpt lat="36.790781971" lon="-118.409845736"/><trkpt lat="36.790836621" lon="-118.409830481"/><trkpt lat="36.790870149" lon="-118.409760576"/><trkpt lat="36.790888002" lon="-118.409723025"/><trkpt lat="36.790910047" lon="-118.409701735"/><trkpt lat="36.790938126" lon="-118.409723947"/><trkpt lat="36.790959165" lon="-118.409789326"/><trkpt lat="36.790995793" lon="-118.409827966"/><trkpt lat="36.791030494" lon="-118.409842132"/><trkpt lat="36.791054634" lon="-118.409823608"/><trkpt lat="36.791081205" lon="-118.409788907"/><trkpt lat="36.791075505" lon="-118.409723695"/><trkpt lat="36.791041307" lon="-118.409660747"/><trkpt lat="36.791009372" lon="-118.409597883"/><trkpt lat="36.791007696" lon="-118.409557231"/><trkpt lat="36.791042816" lon="-118.409538874"/><trkpt lat="36.791078104" lon="-118.409498893"/><trkpt lat="36.791102411" lon="-118.409469472"/><trkpt lat="36.791120516" lon="-118.409412894"/><trkpt lat="36.791119343" lon="-118.40933159"/><trkpt lat="36.791115655" lon="-118.409271911"/><trkpt lat="36.791118756" lon="-118.409198821"/><trkpt lat="36.791140968" lon="-118.409164036"/><trkpt lat="36.7911781" lon="-118.409151128"/><trkpt lat="36.791203748" lon="-118.409194965"/><trkpt lat="36.791216154" lon="-118.409252129"/><trkpt lat="36.791245909" lon="-118.409314994"/><trkpt lat="36.79128061" lon="-118.409329159"/><trkpt lat="36.791318161" lon="-118.409291944"/><trkpt lat="36.791338278" lon="-118.409248944"/><trkpt lat="36.791375661" lon="-118.409222541"/><trkpt lat="36.791406004" lon="-118.409231175"/><trkpt lat="36.791418409" lon="-118.409288339"/><trkpt lat="36.79143928" lon="-118.409372745"/><trkpt lat="36.79145596" lon="-118.409435358"/><trkpt lat="36.791479932" lon="-118.409430329"/><trkpt lat="36.791506419" lon="-118.40940644"/><trkpt lat="36.791526368" lon="-118.409374338"/><trkpt lat="36.791546401" lon="-118.409344833"/><trkpt lat="36.791585879" lon="-118.409318514"/><trkpt lat="36.791561153" lon="-118.409383055"/><trkpt lat="36.791562662" lon="-118.409439968"/><trkpt lat="36.791568277" lon="-118.409515992"/><trkpt lat="36.791582946" lon="-118.409570474"/><trkpt lat="36.791619994" lon="-118.409568379"/><trkpt lat="36.79164229" lon="-118.409528146"/><trkpt lat="36.791662574" lon="-118.409471652"/><trkpt lat="36.791685121" lon="-118.409404345"/><trkpt lat="36.791710183" lon="-118.409315329"/><trkpt lat="36.791737005" lon="-118.409261601"/><trkpt lat="36.791785955" lon="-118.409170406"/><trkpt lat="36.791841444" lon="-118.409090107"/><trkpt lat="36.791892489" lon="-118.409012491"/><trkpt lat="36.79193465" lon="-118.408950968"/><trkpt lat="36.791974213" lon="-118.408919116"/><trkpt lat="36.791973207" lon="-118.409005869"/><trkpt lat="36.791976476" lon="-118.409095304"/><trkpt lat="36.791979494" lon="-118.409211896"/><trkpt lat="36.791977566" lon="-118.409377187"/><trkpt lat="36.791976057" lon="-118.40949906"/><trkpt lat="36.7919748" lon="-118.409607438"/><trkpt lat="36.791997934" lon="-118.409678349"/><trkpt lat="36.792028192" lon="-118.409703244"/><trkpt lat="36.792069599" lon="-118.409701316"/><trkpt lat="36.792092314" lon="-118.409625879"/><trkpt lat="36.792113269" lon="-118.409507023"/><trkpt lat="36.792144869" lon="-118.409420857"/><trkpt lat="36.792195495" lon="-118.409375763"/><trkpt lat="36.792258779" lon="-118.409368722"/><trkpt lat="36.792316949" lon="-118.409424042"/><trkpt lat="36.792373275" lon="-118.409452122"/><trkpt lat="36.792410323" lon="-118.409455558"/><trkpt lat="36.792465476" lon="-118.409399651"/><trkpt lat="36.79250529" lon="-118.409351623"/><trkpt lat="36.792538567" lon="-118.409300745"/><trkpt lat="36.792590786" lon="-118.409309797"/><trkpt lat="36.792660272" lon="-118.409327315"/><trkpt lat="36.792806285" lon="-118.409329997"/><trkpt lat="36.792876022" lon="-118.409334021"/><trkpt lat="36.792969732" lon="-118.409335697"/><trkpt lat="36.793096047" lon="-118.409343408"/><trkpt lat="36.793207107" lon="-118.409348186"/><trkpt lat="36.793318503" lon="-118.409331255"/><trkpt lat="36.79341238" lon="-118.409313988"/><trkpt lat="36.793493014" lon="-118.409312814"/><trkpt lat="36.793565182" lon="-118.409292446"/><trkpt lat="36.793654952" lon="-118.409261517"/><trkpt lat="36.793723265" lon="-118.409195049"/><trkpt lat="36.793762995" lon="-118.409155151"/><trkpt lat="36.793920407" lon="-118.409108715"/><trkpt lat="36.794058625" lon="-118.409054233"/><trkpt lat="36.79416256" lon="-118.408992039"/><trkpt lat="36.794290636" lon="-118.408823311"/><trkpt lat="36.794417538" lon="-118.408754412"/><trkpt lat="36.794555588" lon="-118.408707054"/><trkpt lat="36.794786258" lon="-118.408590127"/><trkpt lat="36.794907795" lon="-118.408492561"/><trkpt lat="36.795098986" lon="-118.408317966"/><trkpt lat="36.795272576" lon="-118.408178575"/><trkpt lat="36.795462929" lon="-118.408075143"/><trkpt lat="36.795578264" lon="-118.408013117"/><trkpt lat="36.795665855" lon="-118.407879341"/><trkpt lat="36.795695946" lon="-118.407758726"/><trkpt lat="36.795772472" lon="-118.40758916"/><trkpt lat="36.795917228" lon="-118.407463515"/><trkpt lat="36.796095762" lon="-118.407388413"/><trkpt lat="36.796205649" lon="-118.407304846"/><trkpt lat="36.796321068" lon="-118.407235695"/><trkpt lat="36.7964991" lon="-118.407210466"/><trkpt lat="36.796699762" lon="-118.407207029"/><trkpt lat="36.796860443" lon="-118.407188589"/><trkpt lat="36.797009474" lon="-118.407184146"/><trkpt lat="36.797136292" lon="-118.407122372"/><trkpt lat="36.797263278" lon="-118.407046264"/><trkpt lat="36.797368219" lon="-118.406898575"/><trkpt lat="36.797467461" lon="-118.406743594"/><trkpt lat="36.797543569" lon="-118.406609567"/><trkpt lat="36.797607858" lon="-118.406503871"/><trkpt lat="36.79759738" lon="-118.406418124"/><trkpt lat="36.797529319" lon="-118.40635987"/><trkpt lat="36.797461174" lon="-118.40630874"/><trkpt lat="36.797410129" lon="-118.406257946"/><trkpt lat="36.797433682" lon="-118.406208493"/><trkpt lat="36.797491265" lon="-118.406188209"/><trkpt lat="36.797565613" lon="-118.406196674"/><trkpt lat="36.797640212" lon="-118.406190891"/><trkpt lat="36.797635602" lon="-118.406098187"/><trkpt lat="36.797584808" lon="-118.406026019"/><trkpt lat="36.797653958" lon="-118.405998694"/><trkpt lat="36.797717242" lon="-118.405978493"/><trkpt lat="36.797763677" lon="-118.405929459"/><trkpt lat="36.797696035" lon="-118.405828457"/><trkpt lat="36.797640296" lon="-118.405699208"/><trkpt lat="36.797607439" lon="-118.405570295"/><trkpt lat="36.79760945" lon="-118.405399304"/><trkpt lat="36.797616323" lon="-118.405299643"/><trkpt lat="36.797720511" lon="-118.405216075"/><trkpt lat="36.797870882" lon="-118.405097639"/><trkpt lat="36.798032569" lon="-118.404993704"/><trkpt lat="36.798171038" lon="-118.404917847"/><trkpt lat="36.798367426" lon="-118.404793125"/><trkpt lat="36.798511595" lon="-118.404717352"/><trkpt lat="36.798661044" lon="-118.404677371"/><trkpt lat="36.79878803" lon="-118.404601263"/><trkpt lat="36.798937982" lon="-118.404525658"/><trkpt lat="36.799070332" lon="-118.404478133"/><trkpt lat="36.799151385" lon="-118.404408395"/><trkpt lat="36.799244089" lon="-118.404324576"/><trkpt lat="36.79922808" lon="-118.404224496"/><trkpt lat="36.799166137" lon="-118.404130703"/><trkpt lat="36.799132945" lon="-118.404030288"/><trkpt lat="36.799134202" lon="-118.403923418"/><trkpt lat="36.79921492" lon="-118.403882179"/><trkpt lat="36.799306786" lon="-118.403869607"/><trkpt lat="36.799376104" lon="-118.403820992"/><trkpt lat="36.799411057" lon="-118.403771706"/><trkpt lat="36.799417678" lon="-118.403700544"/><trkpt lat="36.799366716" lon="-118.403649749"/><trkpt lat="36.799299158" lon="-118.403541623"/><trkpt lat="36.799243335" lon="-118.403419415"/><trkpt lat="36.799273174" lon="-118.403313132"/><trkpt lat="36.799399741" lon="-118.403272647"/><trkpt lat="36.799526392" lon="-118.403232163"/><trkpt lat="36.799601242" lon="-118.403197965"/><trkpt lat="36.7996429" lon="-118.403070392"/><trkpt lat="36.79956981" lon="-118.402947932"/><trkpt lat="36.799467718" lon="-118.402860509"/><trkpt lat="36.799371326" lon="-118.402766129"/><trkpt lat="36.799390102" lon="-118.402631097"/><trkpt lat="36.799511807" lon="-118.402519282"/><trkpt lat="36.799615407" lon="-118.402485503"/><trkpt lat="36.799759157" lon="-118.402445354"/><trkpt lat="36.799890837" lon="-118.402454909"/><trkpt lat="36.799926544" lon="-118.402341586"/><trkpt lat="36.799997203" lon="-118.402186017"/><trkpt lat="36.800090745" lon="-118.402030952"/><trkpt lat="36.80017842" lon="-118.401882928"/><trkpt lat="36.800271207" lon="-118.401791984"/><trkpt lat="36.800380424" lon="-118.401765414"/><trkpt lat="36.800530292" lon="-118.401689809"/><trkpt lat="36.800690722" lon="-118.401692659"/><trkpt lat="36.800833214" lon="-118.401766587"/><trkpt lat="36.800946118" lon="-118.401911175"/><trkpt lat="36.801099256" lon="-118.402049392"/><trkpt lat="36.801252645" lon="-118.402166152"/><trkpt lat="36.801389437" lon="-118.402225664"/><trkpt lat="36.801537294" lon="-118.402328175"/><trkpt lat="36.801701998" lon="-118.402452311"/><trkpt lat="36.801821943" lon="-118.402490113"/><trkpt lat="36.801976422" lon="-118.402514337"/><trkpt lat="36.802141713" lon="-118.4025886"/><trkpt lat="36.802313542" lon="-118.40259891"/><trkpt lat="36.802433822" lon="-118.402608214"/><trkpt lat="36.802559718" lon="-118.402624726"/><trkpt lat="36.802685698" lon="-118.402634198"/><trkpt lat="36.802743282" lon="-118.40261383"/><trkpt lat="36.802807068" lon="-118.402550882"/><trkpt lat="36.802894492" lon="-118.402424147"/><trkpt lat="36.802980658" lon="-118.402404366"/><trkpt lat="36.803090125" lon="-118.402356505"/><trkpt lat="36.803199761" lon="-118.402294312"/><trkpt lat="36.803326579" lon="-118.402232537"/><trkpt lat="36.80335667" lon="-118.402111921"/><trkpt lat="36.803489355" lon="-118.402043022"/><trkpt lat="36.803570408" lon="-118.401973285"/><trkpt lat="36.803616928" lon="-118.401917042"/><trkpt lat="36.803720361" lon="-118.401890472"/><trkpt lat="36.80379672" lon="-118.401735071"/><trkpt lat="36.803833516" lon="-118.401529044"/><trkpt lat="36.80381868" lon="-118.401329219"/><trkpt lat="36.803781716" lon="-118.401057729"/><trkpt lat="36.803721702" lon="-118.40080007"/><trkpt lat="36.803649366" lon="-118.400620529"/><trkpt lat="36.803593207" lon="-118.400519779"/><trkpt lat="36.80357242" lon="-118.400341161"/><trkpt lat="36.803522296" lon="-118.400211995"/><trkpt lat="36.803466221" lon="-118.400111245"/><trkpt lat="36.803480135" lon="-118.399897674"/><trkpt lat="36.803384917" lon="-118.39971059"/><trkpt lat="36.803312078" lon="-118.399566757"/><trkpt lat="36.803233791" lon="-118.399401382"/><trkpt lat="36.803144943" lon="-118.399157468"/><trkpt lat="36.803072523" lon="-118.398978012"/><trkpt lat="36.803069673" lon="-118.398735607"/><trkpt lat="36.803123569" lon="-118.39853704"/><trkpt lat="36.803233959" lon="-118.398410724"/><trkpt lat="36.80333253" lon="-118.39831274"/><trkpt lat="36.803379636" lon="-118.398206709"/><trkpt lat="36.803438226" lon="-118.398100846"/><trkpt lat="36.803524476" lon="-118.39807394"/><trkpt lat="36.803639308" lon="-118.398061786"/><trkpt lat="36.803816836" lon="-118.398072096"/><trkpt lat="36.803931836" lon="-118.398038568"/><trkpt lat="36.804097798" lon="-118.398062959"/><trkpt lat="36.804241547" lon="-118.39802281"/><trkpt lat="36.804310363" lon="-118.398016943"/><trkpt lat="36.804397283" lon="-118.397940164"/><trkpt lat="36.804518234" lon="-118.397885347"/><trkpt lat="36.804628121" lon="-118.397801779"/><trkpt lat="36.804766254" lon="-118.397754421"/><trkpt lat="36.804892654" lon="-118.397728186"/><trkpt lat="36.805024669" lon="-118.397709243"/><trkpt lat="36.805128269" lon="-118.397675464"/><trkpt lat="36.805203874" lon="-118.39757706"/><trkpt lat="36.805302193" lon="-118.397507574"/><trkpt lat="36.805406213" lon="-118.397431048"/><trkpt lat="36.80553278" lon="-118.397390647"/><trkpt lat="36.805704273" lon="-118.397429371"/><trkpt lat="36.805851879" lon="-118.397553172"/><trkpt lat="36.805988168" lon="-118.397655431"/><trkpt lat="36.806136277" lon="-118.397736568"/><trkpt lat="36.806261251" lon="-118.397831451"/><trkpt lat="36.806403911" lon="-118.397884006"/><trkpt lat="36.80653559" lon="-118.397893477"/><trkpt lat="36.806661403" lon="-118.397917198"/><trkpt lat="36.806799034" lon="-118.397912504"/><trkpt lat="36.806977149" lon="-118.397873025"/><trkpt lat="36.807149649" lon="-118.397826254"/><trkpt lat="36.807356514" lon="-118.397780154"/><trkpt lat="36.807517195" lon="-118.397768755"/><trkpt lat="36.807700675" lon="-118.397757858"/><trkpt lat="36.807803437" lon="-118.397795409"/><trkpt lat="36.807905026" lon="-118.397925496"/><trkpt lat="36.80805875" lon="-118.398013841"/><trkpt lat="36.808189591" lon="-118.398101768"/><trkpt lat="36.808389667" lon="-118.398148119"/><trkpt lat="36.808561748" lon="-118.398129931"/><trkpt lat="36.808727877" lon="-118.398140073"/><trkpt lat="36.808870537" lon="-118.398192544"/><trkpt lat="36.809041696" lon="-118.398259766"/><trkpt lat="36.80918972" lon="-118.398348028"/><trkpt lat="36.809337577" lon="-118.39844333"/><trkpt lat="36.809514519" lon="-118.398503596"/><trkpt lat="36.80969255" lon="-118.398478366"/><trkpt lat="36.809818363" lon="-118.398502003"/><trkpt lat="36.809909893" lon="-118.398517929"/><trkpt lat="36.810028162" lon="-118.398691183"/><trkpt lat="36.810140563" lon="-118.398885643"/><trkpt lat="36.810259335" lon="-118.399016066"/><trkpt lat="36.810360756" lon="-118.39916761"/><trkpt lat="36.810445078" lon="-118.399304571"/><trkpt lat="36.810495704" lon="-118.399391072"/><trkpt lat="36.810527891" lon="-118.399576899"/><trkpt lat="36.810536189" lon="-118.399847969"/><trkpt lat="36.810551193" lon="-118.400033545"/><trkpt lat="36.810630485" lon="-118.40011334"/><trkpt lat="36.810743557" lon="-118.400243763"/><trkpt lat="36.810856042" lon="-118.400423974"/><trkpt lat="36.810957883" lon="-118.400539896"/><trkpt lat="36.811042624" lon="-118.400641233"/><trkpt lat="36.811173297" lon="-118.400743408"/><trkpt lat="36.81128595" lon="-118.40090937"/><trkpt lat="36.81137044" lon="-118.401039205"/><trkpt lat="36.811443362" lon="-118.401168874"/><trkpt lat="36.811527768" lon="-118.401305834"/><trkpt lat="36.811657855" lon="-118.401450757"/><trkpt lat="36.811817028" lon="-118.40156056"/><trkpt lat="36.811993467" lon="-118.401670698"/><trkpt lat="36.812106539" lon="-118.401801037"/><trkpt lat="36.812213659" lon="-118.401952665"/><trkpt lat="36.812303597" lon="-118.402104042"/><trkpt lat="36.812364198" lon="-118.40231183"/><trkpt lat="36.812413568" lon="-118.402498076"/><trkpt lat="36.812492525" lon="-118.40260637"/><trkpt lat="36.812524963" lon="-118.402770907"/><trkpt lat="36.812569387" lon="-118.402892947"/><trkpt lat="36.81264868" lon="-118.402972743"/><trkpt lat="36.812745491" lon="-118.403024459"/><trkpt lat="36.812865268" lon="-118.403076511"/><trkpt lat="36.812984375" lon="-118.403185559"/><trkpt lat="36.813058052" lon="-118.403251106"/><trkpt lat="36.813183278" lon="-118.403324699"/><trkpt lat="36.813314622" lon="-118.403369794"/><trkpt lat="36.813450409" lon="-118.403514884"/><trkpt lat="36.813598014" lon="-118.403638769"/><trkpt lat="36.813711757" lon="-118.403712111"/><trkpt lat="36.813842095" lon="-118.40383566"/><trkpt lat="36.813995736" lon="-118.40393113"/><trkpt lat="36.814108305" lon="-118.404104216"/><trkpt lat="36.814191788" lon="-118.404319631"/><trkpt lat="36.814258676" lon="-118.40447763"/><trkpt lat="36.814388344" lon="-118.404658176"/><trkpt lat="36.814484317" lon="-118.404788263"/><trkpt lat="36.81458557" lon="-118.404946933"/><trkpt lat="36.814680621" lon="-118.405148266"/><trkpt lat="36.814758657" lon="-118.405335015"/><trkpt lat="36.814900478" lon="-118.405458815"/><trkpt lat="36.815059818" lon="-118.405554369"/><trkpt lat="36.815213962" lon="-118.405607091"/><trkpt lat="36.815398028" lon="-118.405553447"/><trkpt lat="36.81553591" lon="-118.405527463"/><trkpt lat="36.815668009" lon="-118.405501312"/><trkpt lat="36.815777393" lon="-118.405460576"/><trkpt lat="36.815887531" lon="-118.405355634"/><trkpt lat="36.815996664" lon="-118.405336272"/><trkpt lat="36.816156674" lon="-118.405374829"/><trkpt lat="36.81628718" lon="-118.405484129"/><trkpt lat="36.816394469" lon="-118.405621508"/><trkpt lat="36.816507541" lon="-118.405751931"/><trkpt lat="36.816649111" lon="-118.405897105"/><trkpt lat="36.816773918" lon="-118.406006321"/><trkpt lat="36.81691004" lon="-118.406129954"/><trkpt lat="36.817046246" lon="-118.406246463"/><trkpt lat="36.817199215" lon="-118.406391889"/><trkpt lat="36.817352017" lon="-118.406558605"/><trkpt lat="36.81746467" lon="-118.40672465"/><trkpt lat="36.817583442" lon="-118.406862197"/><trkpt lat="36.817730963" lon="-118.406986082"/><trkpt lat="36.817879155" lon="-118.407060094"/><trkpt lat="36.818044949" lon="-118.407091694"/><trkpt lat="36.818228094" lon="-118.407116421"/><trkpt lat="36.818406209" lon="-118.407076858"/><trkpt lat="36.81860134" lon="-118.407059088"/><trkpt lat="36.818773421" lon="-118.407040816"/><trkpt lat="36.819002582" lon="-118.407052131"/><trkpt lat="36.819150271" lon="-118.407161767"/><trkpt lat="36.819349509" lon="-118.407279532"/><trkpt lat="36.819560565" lon="-118.407361759"/><trkpt lat="36.81978344" lon="-118.407422863"/><trkpt lat="36.819955101" lon="-118.407447422"/><trkpt lat="36.820138497" lon="-118.40744365"/><trkpt lat="36.820328096" lon="-118.407404339"/><trkpt lat="36.820465978" lon="-118.407378355"/><trkpt lat="36.82057444" lon="-118.40741599"/><trkpt lat="36.820768733" lon="-118.407462342"/><trkpt lat="36.82089488" lon="-118.40745748"/><trkpt lat="36.821066625" lon="-118.407474915"/><trkpt lat="36.821255218" lon="-118.407521099"/><trkpt lat="36.821426209" lon="-118.407602655"/><trkpt lat="36.821614048" lon="-118.407713044"/><trkpt lat="36.821772717" lon="-118.407865679"/><trkpt lat="36.821902134" lon="-118.408067599"/><trkpt lat="36.822042614" lon="-118.408305477"/><trkpt lat="36.822171444" lon="-118.408557354"/><trkpt lat="36.822295832" lon="-118.408702193"/><trkpt lat="36.822419968" lon="-118.408868406"/><trkpt lat="36.822561119" lon="-118.409049204"/><trkpt lat="36.822594311" lon="-118.409149619"/><trkpt lat="36.822604369" lon="-118.409270989"/><trkpt lat="36.822717777" lon="-118.409372913"/><trkpt lat="36.822824897" lon="-118.409524541"/><trkpt lat="36.822937801" lon="-118.409669213"/><trkpt lat="36.823032936" lon="-118.409825703"/><trkpt lat="36.823125137" lon="-118.410033491"/><trkpt lat="36.823241226" lon="-118.410222083"/><trkpt lat="36.823493522" lon="-118.4102365"/><trkpt lat="36.823777584" lon="-118.41023189"/><trkpt lat="36.824014373" lon="-118.410216635"/><trkpt lat="36.824157117" lon="-118.410160393"/><trkpt lat="36.824433971" lon="-118.410096774"/><trkpt lat="36.824552407" lon="-118.410089146"/><trkpt lat="36.824708479" lon="-118.410229376"/><trkpt lat="36.82487444" lon="-118.410202973"/><trkpt lat="36.824985333" lon="-118.410165757"/><trkpt lat="36.82514241" lon="-118.410227532"/><trkpt lat="36.825299906" lon="-118.410249995"/><trkpt lat="36.825434603" lon="-118.410203476"/><trkpt lat="36.825633589" lon="-118.410050087"/><trkpt lat="36.825752612" lon="-118.409993425"/><trkpt lat="36.825933997" lon="-118.409996694"/><trkpt lat="36.826085877" lon="-118.40983266"/><trkpt lat="36.826244043" lon="-118.409796366"/><trkpt lat="36.826409837" lon="-118.409789577"/><trkpt lat="36.826662552" lon="-118.409764767"/><trkpt lat="36.826891964" lon="-118.409710117"/><trkpt lat="36.827083156" lon="-118.409556644"/><trkpt lat="36.827414157" lon="-118.409582293"/><trkpt lat="36.827611383" lon="-118.409585897"/><trkpt lat="36.827722695" lon="-118.409509454"/><trkpt lat="36.827951772" lon="-118.409484224"/><trkpt lat="36.828133659" lon="-118.40944835"/><trkpt lat="36.828269279" lon="-118.409323208"/><trkpt lat="36.828341782" lon="-118.409196977"/><trkpt lat="36.828578738" lon="-118.409171915"/><trkpt lat="36.828815443" lon="-118.409166466"/><trkpt lat="36.829020968" lon="-118.409130927"/><trkpt lat="36.829281477" lon="-118.409116091"/><trkpt lat="36.829534024" lon="-118.409110894"/><trkpt lat="36.829689424" lon="-118.409310048"/><trkpt lat="36.829860751" lon="-118.409499647"/><trkpt lat="36.830079854" lon="-118.409650857"/><trkpt lat="36.830276074" lon="-118.409732999"/><trkpt lat="36.830456201" lon="-118.409844227"/><trkpt lat="36.830708077" lon="-118.409897871"/><trkpt lat="36.830889378" lon="-118.409911031"/><trkpt lat="36.831031702" lon="-118.409884209"/><trkpt lat="36.83124519" lon="-118.40983903"/><trkpt lat="36.8313477" lon="-118.409840958"/><trkpt lat="36.831482984" lon="-118.409745321"/><trkpt lat="36.831673337" lon="-118.409660496"/><trkpt lat="36.831801161" lon="-118.40952538"/><trkpt lat="36.831882801" lon="-118.409291357"/><trkpt lat="36.831986485" lon="-118.409195133"/><trkpt lat="36.832137359" lon="-118.409109637"/><trkpt lat="36.832186729" lon="-118.408943675"/><trkpt lat="36.832227381" lon="-118.408836471"/><trkpt lat="36.832378088" lon="-118.408770505"/><trkpt lat="36.832457799" lon="-118.408703282"/><trkpt lat="36.832427289" lon="-118.408614434"/><trkpt lat="36.832413124" lon="-118.408476803"/><trkpt lat="36.832507672" lon="-118.408488287"/><trkpt lat="36.832618648" lon="-118.408441264"/><trkpt lat="36.832706574" lon="-118.408344788"/><trkpt lat="36.83282543" lon="-118.40829785"/><trkpt lat="36.832927773" lon="-118.408319391"/><trkpt lat="36.833069008" lon="-118.408380831"/><trkpt lat="36.833193731" lon="-118.40851075"/><trkpt lat="36.83331091" lon="-118.408610998"/><trkpt lat="36.833419288" lon="-118.408779809"/><trkpt lat="36.833520541" lon="-118.408889612"/><trkpt lat="36.833622213" lon="-118.408969995"/><trkpt lat="36.833740147" lon="-118.409001594"/><trkpt lat="36.8338673" lon="-118.408925403"/><trkpt lat="36.833955981" lon="-118.408760196"/><trkpt lat="36.834037118" lon="-118.408575291"/><trkpt lat="36.834062934" lon="-118.408389296"/><trkpt lat="36.834230823" lon="-118.4082059"/><trkpt lat="36.83427969" lon="-118.408069359"/><trkpt lat="36.834430983" lon="-118.407954359"/><trkpt lat="36.834502816" lon="-118.407886969"/><trkpt lat="36.834613457" lon="-118.407869451"/><trkpt lat="36.834693504" lon="-118.407772724"/><trkpt lat="36.834734911" lon="-118.407606678"/><trkpt lat="36.834870027" lon="-118.407520847"/><trkpt lat="36.835005144" lon="-118.407434933"/><trkpt lat="36.835117294" lon="-118.407289842"/><trkpt lat="36.83531519" lon="-118.407234522"/><trkpt lat="36.835638983" lon="-118.407201245"/><trkpt lat="36.835930841" lon="-118.40720661"/><trkpt lat="36.836254718" lon="-118.40717325"/><trkpt lat="36.836562753" lon="-118.407139638"/><trkpt lat="36.83680038" lon="-118.407055652"/><trkpt lat="36.837021243" lon="-118.407059675"/><trkpt lat="36.837313436" lon="-118.407035619"/><trkpt lat="36.837534048" lon="-118.407059256"/><trkpt lat="36.837715935" lon="-118.407023381"/><trkpt lat="36.837953227" lon="-118.406968815"/><trkpt lat="36.838276349" lon="-118.40699438"/><trkpt lat="36.838560076" lon="-118.40701919"/><trkpt lat="36.838828465" lon="-118.407004522"/><trkpt lat="36.839081598" lon="-118.406950207"/><trkpt lat="36.839357363" lon="-118.406974934"/><trkpt lat="36.839617202" lon="-118.407018939"/><trkpt lat="36.839790288" lon="-118.407061351"/><trkpt lat="36.840002686" lon="-118.407114325"/><trkpt lat="36.840183316" lon="-118.407176519"/><trkpt lat="36.840331592" lon="-118.407316664"/><trkpt lat="36.840495039" lon="-118.407506095"/><trkpt lat="36.840635687" lon="-118.407616653"/><trkpt lat="36.840816904" lon="-118.407639619"/><trkpt lat="36.841068696" lon="-118.407693347"/><trkpt lat="36.841311939" lon="-118.407805748"/><trkpt lat="36.841673367" lon="-118.407930136"/><trkpt lat="36.841985844" lon="-118.408191064"/><trkpt lat="36.842228249" lon="-118.408372197"/><trkpt lat="36.842456069" lon="-118.408454843"/><trkpt lat="36.842660168" lon="-118.408537153"/><trkpt lat="36.842932999" lon="-118.408816941"/><trkpt lat="36.84320692" lon="-118.408998661"/><trkpt lat="36.843481762" lon="-118.409111649"/><trkpt lat="36.843723916" lon="-118.409312395"/><trkpt lat="36.843897002" lon="-118.409354808"/><trkpt lat="36.844077799" lon="-118.409407195"/><trkpt lat="36.844250299" lon="-118.409498725"/><trkpt lat="36.844447441" lon="-118.409502329"/><trkpt lat="36.844581384" lon="-118.409514651"/><trkpt lat="36.844776263" lon="-118.409714475"/><trkpt lat="36.844963683" lon="-118.409874989"/><trkpt lat="36.845183037" lon="-118.410006585"/><trkpt lat="36.845354866" lon="-118.41015704"/><trkpt lat="36.845486043" lon="-118.410404809"/><trkpt lat="36.84566441" lon="-118.410663307"/><trkpt lat="36.845946377" lon="-118.410835303"/><trkpt lat="36.846212083" lon="-118.41104636"/><trkpt lat="36.846359689" lon="-118.411235539"/><trkpt lat="36.846522549" lon="-118.411474088"/><trkpt lat="36.846646098" lon="-118.41170216"/><trkpt lat="36.846731678" lon="-118.411801821"/><trkpt lat="36.84679253" lon="-118.411989491"/><trkpt lat="36.846994702" lon="-118.412238602"/><trkpt lat="36.847213469" lon="-118.412419232"/><trkpt lat="36.847439865" lon="-118.412619727"/><trkpt lat="36.847689226" lon="-118.412879566"/><trkpt lat="36.847789558" lon="-118.413067907"/><trkpt lat="36.847873963" lon="-118.41326572"/><trkpt lat="36.847982174" lon="-118.413454229"/><trkpt lat="36.848044284" lon="-118.413543748"/><trkpt lat="36.848138748" lon="-118.413555315"/><trkpt lat="36.848320216" lon="-118.413558584"/><trkpt lat="36.848549629" lon="-118.413503934"/><trkpt lat="36.848778455" lon="-118.413498318"/><trkpt lat="36.849007783" lon="-118.413453475"/><trkpt lat="36.849181876" lon="-118.413407626"/><trkpt lat="36.849355968" lon="-118.413361777"/><trkpt lat="36.849537604" lon="-118.413345432"/><trkpt lat="36.849687556" lon="-118.413338391"/><trkpt lat="36.849838765" lon="-118.413233198"/><trkpt lat="36.850005649" lon="-118.413128341"/><trkpt lat="36.8502359" lon="-118.413004959"/><trkpt lat="36.850338997" lon="-118.412957769"/><trkpt lat="36.85056204" lon="-118.412775379"/><trkpt lat="36.850719955" lon="-118.412768422"/><trkpt lat="36.850822801" lon="-118.412740929"/><trkpt lat="36.850951128" lon="-118.412566585"/><trkpt lat="36.851134272" lon="-118.412422668"/><trkpt lat="36.8513232" lon="-118.412455609"/><trkpt lat="36.851559235" lon="-118.412509086"/><trkpt lat="36.851771213" lon="-118.41259148"/><trkpt lat="36.851951173" lon="-118.412722405"/><trkpt lat="36.852105735" lon="-118.412990291"/><trkpt lat="36.852228949" lon="-118.413247783"/><trkpt lat="36.852328442" lon="-118.413504856"/><trkpt lat="36.852420056" lon="-118.413761761"/><trkpt lat="36.852504211" lon="-118.413979271"/><trkpt lat="36.852619546" lon="-118.414236596"/><trkpt lat="36.852720045" lon="-118.414405324"/><trkpt lat="36.852899836" lon="-118.414546056"/><trkpt lat="36.853079461" lon="-118.414696595"/><trkpt lat="36.853228156" lon="-118.414797513"/><trkpt lat="36.853353214" lon="-118.414898012"/><trkpt lat="36.853446839" lon="-118.414988033"/><trkpt lat="36.853555636" lon="-118.415127508"/><trkpt lat="36.853561588" lon="-118.415284669"/><trkpt lat="36.853457233" lon="-118.415439818"/><trkpt lat="36.853313483" lon="-118.415584406"/><trkpt lat="36.853209548" lon="-118.415700244"/><trkpt lat="36.853169063" lon="-118.415787835"/><trkpt lat="36.853175182" lon="-118.415935189"/><trkpt lat="36.85316571" lon="-118.416072484"/><trkpt lat="36.853163866" lon="-118.416229477"/><trkpt lat="36.853193874" lon="-118.416357636"/><trkpt lat="36.853294875" lon="-118.416487137"/><trkpt lat="36.853435105" lon="-118.416637005"/><trkpt lat="36.853527557" lon="-118.416825179"/><trkpt lat="36.853588829" lon="-118.416973539"/><trkpt lat="36.853681449" lon="-118.417151989"/><trkpt lat="36.853766525" lon="-118.417290961"/><trkpt lat="36.85392268" lon="-118.417431274"/><trkpt lat="36.854038602" lon="-118.417629758"/><trkpt lat="36.854145974" lon="-118.417886999"/><trkpt lat="36.854287125" lon="-118.417958245"/><trkpt lat="36.854466666" lon="-118.418118674"/><trkpt lat="36.85468602" lon="-118.418250354"/><trkpt lat="36.854857765" lon="-118.418400725"/><trkpt lat="36.85504552" lon="-118.418531818"/><trkpt lat="36.855170913" lon="-118.418602897"/><trkpt lat="36.85527971" lon="-118.418742288"/><trkpt lat="36.855428405" lon="-118.418843206"/><trkpt lat="36.855601659" lon="-118.418866089"/><trkpt lat="36.855759574" lon="-118.418859132"/><trkpt lat="36.855877005" lon="-118.418930043"/><trkpt lat="36.856001811" lon="-118.419050155"/><trkpt lat="36.856126701" lon="-118.419160461"/><trkpt lat="36.856307667" lon="-118.419203041"/><trkpt lat="36.856496511" lon="-118.419245789"/><trkpt lat="36.856606649" lon="-118.419267498"/><trkpt lat="36.856786944" lon="-118.419369003"/><trkpt lat="36.856951481" lon="-118.419460366"/><trkpt lat="36.857053572" lon="-118.419501521"/><trkpt lat="36.857171506" lon="-118.419533204"/><trkpt lat="36.857343251" lon="-118.419683576"/><trkpt lat="36.857499406" lon="-118.419823889"/><trkpt lat="36.857679281" lon="-118.419954898"/><trkpt lat="36.857811548" lon="-118.420104599"/><trkpt lat="36.857983712" lon="-118.420225549"/><trkpt lat="36.858163336" lon="-118.420376172"/><trkpt lat="36.85834296" lon="-118.420526711"/><trkpt lat="36.858491572" lon="-118.420637436"/><trkpt lat="36.858664239" lon="-118.420709353"/><trkpt lat="36.858781837" lon="-118.420770457"/><trkpt lat="36.858923156" lon="-118.42083198"/><trkpt lat="36.859008232" lon="-118.420970952"/><trkpt lat="36.859133039" lon="-118.421091065"/><trkpt lat="36.859281734" lon="-118.421192067"/><trkpt lat="36.85943923" lon="-118.421214614"/><trkpt lat="36.859588763" lon="-118.421246801"/><trkpt lat="36.859768638" lon="-118.421377726"/><trkpt lat="36.85991683" lon="-118.421517955"/><trkpt lat="36.86005706" lon="-118.421667824"/><trkpt lat="36.860189494" lon="-118.421807718"/><trkpt lat="36.860345816" lon="-118.421928417"/><trkpt lat="36.860502055" lon="-118.422058923"/><trkpt lat="36.860674554" lon="-118.422150454"/><trkpt lat="36.860823166" lon="-118.422251372"/><trkpt lat="36.860970603" lon="-118.422460249"/><trkpt lat="36.86105568" lon="-118.422599304"/><trkpt lat="36.861132374" lon="-118.422787227"/><trkpt lat="36.861279309" lon="-118.423035415"/><trkpt lat="36.861489611" lon="-118.423255272"/><trkpt lat="36.861669151" lon="-118.423415702"/><trkpt lat="36.861817762" lon="-118.423526427"/><trkpt lat="36.861942653" lon="-118.423636733"/><trkpt lat="36.862052288" lon="-118.423707476"/><trkpt lat="36.862130659" lon="-118.423748212"/><trkpt lat="36.862271642" lon="-118.423829433"/><trkpt lat="36.86243576" lon="-118.423960106"/><trkpt lat="36.862608008" lon="-118.42407125"/><trkpt lat="36.862724768" lon="-118.424201086"/><trkpt lat="36.862913864" lon="-118.42422422"/><trkpt lat="36.86312601" lon="-118.424296891"/><trkpt lat="36.863306724" lon="-118.424359085"/><trkpt lat="36.863464219" lon="-118.424381632"/><trkpt lat="36.863630097" lon="-118.42436512"/><trkpt lat="36.863763789" lon="-118.424397055"/><trkpt lat="36.863865377" lon="-118.424477438"/><trkpt lat="36.863997895" lon="-118.424607608"/><trkpt lat="36.864154302" lon="-118.424728308"/><trkpt lat="36.864326466" lon="-118.424839452"/><trkpt lat="36.864467617" lon="-118.424910782"/><trkpt lat="36.864601141" lon="-118.424962414"/><trkpt lat="36.864742292" lon="-118.425033744"/><trkpt lat="36.864884114" lon="-118.42504615"/><trkpt lat="36.865041442" lon="-118.425088394"/><trkpt lat="36.865190556" lon="-118.425150085"/><trkpt lat="36.86533967" lon="-118.425211776"/><trkpt lat="36.865504375" lon="-118.425293332"/><trkpt lat="36.865653321" lon="-118.425374636"/><trkpt lat="36.865801848" lon="-118.425485445"/><trkpt lat="36.865887931" lon="-118.425545879"/><trkpt lat="36.866076272" lon="-118.425627938"/><trkpt lat="36.866248939" lon="-118.425699854"/><trkpt lat="36.866390258" lon="-118.425761461"/><trkpt lat="36.866547251" lon="-118.425823236"/><trkpt lat="36.866775407" lon="-118.425876545"/><trkpt lat="36.866987552" lon="-118.425949216"/><trkpt lat="36.867128368" lon="-118.42605005"/><trkpt lat="36.867339676" lon="-118.426191453"/><trkpt lat="36.867479654" lon="-118.426360935"/><trkpt lat="36.867620554" lon="-118.426451879"/><trkpt lat="36.867801351" lon="-118.426504349"/><trkpt lat="36.867959099" lon="-118.426507283"/><trkpt lat="36.868163785" lon="-118.426540559"/><trkpt lat="36.868344583" lon="-118.42659303"/><trkpt lat="36.868516998" lon="-118.426694451"/><trkpt lat="36.868665777" lon="-118.426785562"/><trkpt lat="36.868845904" lon="-118.426896874"/><trkpt lat="36.869010106" lon="-118.427017741"/><trkpt lat="36.869174559" lon="-118.427118994"/><trkpt lat="36.869315961" lon="-118.427170711"/><trkpt lat="36.869449737" lon="-118.427192839"/><trkpt lat="36.869637659" lon="-118.427314209"/><trkpt lat="36.869778223" lon="-118.427434573"/><trkpt lat="36.869926499" lon="-118.427564995"/><trkpt lat="36.87005097" lon="-118.427714612"/><trkpt lat="36.87015105" lon="-118.427922651"/><trkpt lat="36.870195894" lon="-118.428129684"/><trkpt lat="36.870193547" lon="-118.428325988"/><trkpt lat="36.87030226" lon="-118.428465463"/><trkpt lat="36.87042648" lon="-118.428634694"/><trkpt lat="36.87059789" lon="-118.428814653"/><trkpt lat="36.870737951" lon="-118.428974329"/><trkpt lat="36.870877678" lon="-118.429163508"/><trkpt lat="36.870978428" lon="-118.429312622"/><trkpt lat="36.871110024" lon="-118.429521332"/><trkpt lat="36.871146737" lon="-118.429747811"/><trkpt lat="36.871269783" lon="-118.430015193"/><trkpt lat="36.871369695" lon="-118.430233039"/><trkpt lat="36.871469524" lon="-118.430460775"/><trkpt lat="36.871529957" lon="-118.430687673"/><trkpt lat="36.871543117" lon="-118.43090401"/><trkpt lat="36.871556863" lon="-118.431071145"/><trkpt lat="36.871664571" lon="-118.431298966"/><trkpt lat="36.871748473" lon="-118.431536173"/><trkpt lat="36.871840088" lon="-118.431793163"/><trkpt lat="36.871884344" lon="-118.432049314"/><trkpt lat="36.871911669" lon="-118.432403281"/><trkpt lat="36.871908568" lon="-118.43265851"/><trkpt lat="36.87188183" lon="-118.43291332"/><trkpt lat="36.871855594" lon="-118.433128819"/><trkpt lat="36.871805303" lon="-118.433373319"/><trkpt lat="36.871778816" lon="-118.433608515"/><trkpt lat="36.871798765" lon="-118.433913281"/><trkpt lat="36.87181972" lon="-118.434139425"/><trkpt lat="36.871855762" lon="-118.434424913"/><trkpt lat="36.87193187" lon="-118.434652146"/><trkpt lat="36.872000014" lon="-118.434889019"/><trkpt lat="36.872107806" lon="-118.435107116"/><trkpt lat="36.872200342" lon="-118.435285566"/><trkpt lat="36.872229427" lon="-118.435492264"/><trkpt lat="36.872274941" lon="-118.435640456"/><trkpt lat="36.872280473" lon="-118.435836928"/><trkpt lat="36.87238005" lon="-118.436084194"/><trkpt lat="36.872432856" lon="-118.436281588"/><trkpt lat="36.87248583" lon="-118.436469175"/><trkpt lat="36.87254685" lon="-118.436647039"/><trkpt lat="36.87256814" lon="-118.436843762"/><trkpt lat="36.872542575" lon="-118.43700042"/><trkpt lat="36.872414583" lon="-118.437145259"/><trkpt lat="36.872271085" lon="-118.437270233"/><trkpt lat="36.872151811" lon="-118.437346593"/><trkpt lat="36.872079307" lon="-118.437472824"/><trkpt lat="36.872069165" lon="-118.437659238"/><trkpt lat="36.872090539" lon="-118.437846154"/><trkpt lat="36.872104201" lon="-118.43802318"/><trkpt lat="36.872213418" lon="-118.438123427"/><trkpt lat="36.872363202" lon="-118.438136"/><trkpt lat="36.872450039" lon="-118.43812787"/><trkpt lat="36.872536205" lon="-118.43817858"/><trkpt lat="36.872606026" lon="-118.438278073"/><trkpt lat="36.872667717" lon="-118.438397013"/><trkpt lat="36.872721612" lon="-118.438506061"/><trkpt lat="36.872799648" lon="-118.438576218"/><trkpt lat="36.872949013" lon="-118.438618295"/><trkpt lat="36.873075161" lon="-118.438620642"/><trkpt lat="36.873208936" lon="-118.438652661"/><trkpt lat="36.873357967" lon="-118.438724158"/><trkpt lat="36.873460561" lon="-118.438716279"/><trkpt lat="36.873578075" lon="-118.43878719"/><trkpt lat="36.873647477" lon="-118.438916188"/><trkpt lat="36.873686118" lon="-118.43898559"/><trkpt lat="36.87372392" lon="-118.439123807"/><trkpt lat="36.87381193" lon="-118.439017441"/><trkpt lat="36.873884602" lon="-118.438881319"/><trkpt lat="36.874004211" lon="-118.438775539"/><trkpt lat="36.874139244" lon="-118.438699516"/><trkpt lat="36.87425877" lon="-118.438603627"/><trkpt lat="36.874401933" lon="-118.438508073"/><trkpt lat="36.874528918" lon="-118.438441772"/><trkpt lat="36.874672584" lon="-118.438306991"/><trkpt lat="36.874769647" lon="-118.438102556"/><trkpt lat="36.874898141" lon="-118.437918406"/><trkpt lat="36.875088746" lon="-118.437558319"/><trkpt lat="36.875378508" lon="-118.437085412"/><trkpt lat="36.875616638" lon="-118.43673639"/><trkpt lat="36.875886451" lon="-118.436533464"/><trkpt lat="36.875988459" lon="-118.436389798"/><trkpt lat="36.875992483" lon="-118.436057121"/><trkpt lat="36.876078481" lon="-118.435850758"/><trkpt lat="36.876280988" lon="-118.435688149"/><trkpt lat="36.876465473" lon="-118.435629224"/><trkpt lat="36.876733778" lon="-118.435551021"/><trkpt lat="36.877052877" lon="-118.435411463"/><trkpt lat="36.877305759" lon="-118.435228989"/><trkpt lat="36.877577249" lon="-118.434880553"/><trkpt lat="36.877882686" lon="-118.43449113"/><trkpt lat="36.878169682" lon="-118.434246881"/><trkpt lat="36.878405549" lon="-118.434084943"/><trkpt lat="36.878691036" lon="-118.4339655"/><trkpt lat="36.879010219" lon="-118.433825858"/><trkpt lat="36.879314147" lon="-118.433561157"/><trkpt lat="36.879482707" lon="-118.433439536"/><trkpt lat="36.87958396" lon="-118.433358232"/><trkpt lat="36.879668199" lon="-118.433297463"/><trkpt lat="36.879804069" lon="-118.433112809"/><trkpt lat="36.879923763" lon="-118.432886247"/><trkpt lat="36.88005913" lon="-118.432743168"/><trkpt lat="36.880262392" lon="-118.432518197"/><trkpt lat="36.880549388" lon="-118.432274032"/><trkpt lat="36.880803192" lon="-118.432008326"/><trkpt lat="36.881107874" lon="-118.431681264"/><trkpt lat="36.881276686" lon="-118.431538856"/><trkpt lat="36.881461171" lon="-118.431479931"/><trkpt lat="36.881579859" lon="-118.431336517"/><trkpt lat="36.881765099" lon="-118.431215147"/><trkpt lat="36.88203441" lon="-118.431053795"/><trkpt lat="36.882270277" lon="-118.430891857"/><trkpt lat="36.882587615" lon="-118.430897724"/><trkpt lat="36.882888358" lon="-118.43090334"/><trkpt lat="36.883140402" lon="-118.430783311"/><trkpt lat="36.88341097" lon="-118.43051794"/><trkpt lat="36.883697631" lon="-118.430294478"/><trkpt lat="36.883934252" lon="-118.430070095"/><trkpt lat="36.884240191" lon="-118.429639097"/><trkpt lat="36.88447807" lon="-118.429310694"/><trkpt lat="36.884665573" lon="-118.42900224"/><trkpt lat="36.884819884" lon="-118.428672329"/><trkpt lat="36.88483933" lon="-118.428443838"/><trkpt lat="36.884808484" lon="-118.428235296"/><trkpt lat="36.884824829" lon="-118.428095318"/><trkpt lat="36.884938823" lon="-118.427944528"/><trkpt lat="36.885048291" lon="-118.427740596"/><trkpt lat="36.885100929" lon="-118.427533563"/><trkpt lat="36.885186424" lon="-118.427368775"/><trkpt lat="36.88538868" lon="-118.427226953"/><trkpt lat="36.885618176" lon="-118.426986057"/><trkpt lat="36.885732505" lon="-118.426815234"/><trkpt lat="36.88577123" lon="-118.426702917"/><trkpt lat="36.885794029" lon="-118.426583642"/><trkpt lat="36.885812301" lon="-118.426397732"/><trkpt lat="36.885872902" lon="-118.426245851"/><trkpt lat="36.88588975" lon="-118.426173013"/><trkpt lat="36.885986896" lon="-118.426094977"/><trkpt lat="36.886148835" lon="-118.425958352"/><trkpt lat="36.886262326" lon="-118.425847376"/><trkpt lat="36.8863759" lon="-118.425736399"/><trkpt lat="36.886420324" lon="-118.425597511"/><trkpt lat="36.886448069" lon="-118.425511597"/><trkpt lat="36.886486961" lon="-118.425385952"/><trkpt lat="36.886520488" lon="-118.425260223"/><trkpt lat="36.886543455" lon="-118.425127622"/><trkpt lat="36.886630878" lon="-118.424969623"/><trkpt lat="36.886734227" lon="-118.424811875"/><trkpt lat="36.886896752" lon="-118.424628647"/><trkpt lat="36.886999933" lon="-118.424490932"/><trkpt lat="36.887125326" lon="-118.424280379"/><trkpt lat="36.887212163" lon="-118.4241689"/><trkpt lat="36.887304448" lon="-118.424044261"/><trkpt lat="36.88747175" lon="-118.42390772"/><trkpt lat="36.887638802" lon="-118.423791043"/><trkpt lat="36.887784563" lon="-118.423660705"/><trkpt lat="36.88793024" lon="-118.423543693"/><trkpt lat="36.888011796" lon="-118.423425509"/><trkpt lat="36.888115732" lon="-118.423227863"/><trkpt lat="36.888209358" lon="-118.422990153"/><trkpt lat="36.888291584" lon="-118.422818743"/><trkpt lat="36.888308516" lon="-118.422739282"/><trkpt lat="36.888321256" lon="-118.422573237"/><trkpt lat="36.888339361" lon="-118.422393948"/><trkpt lat="36.888379008" lon="-118.422208456"/><trkpt lat="36.888424437" lon="-118.421983151"/><trkpt lat="36.888474897" lon="-118.4217845"/><trkpt lat="36.8885733" lon="-118.421600098"/><trkpt lat="36.8886769" lon="-118.421422401"/><trkpt lat="36.888763905" lon="-118.421297679"/><trkpt lat="36.888888543" lon="-118.421153678"/><trkpt lat="36.888986612" lon="-118.420995846"/><trkpt lat="36.889058277" lon="-118.420810942"/><trkpt lat="36.889076717" lon="-118.420605082"/><trkpt lat="36.889116867" lon="-118.420379609"/><trkpt lat="36.889183" lon="-118.420207947"/><trkpt lat="36.889307722" lon="-118.420050619"/><trkpt lat="36.88947578" lon="-118.419854147"/><trkpt lat="36.889617266" lon="-118.419637308"/><trkpt lat="36.889742408" lon="-118.419446703"/><trkpt lat="36.889808038" lon="-118.419321561"/><trkpt lat="36.889895713" lon="-118.419136908"/><trkpt lat="36.890020939" lon="-118.418939682"/><trkpt lat="36.890108362" lon="-118.418781683"/><trkpt lat="36.890222942" lon="-118.418577584"/><trkpt lat="36.890283041" lon="-118.418472223"/><trkpt lat="36.890365351" lon="-118.41828757"/><trkpt lat="36.890441375" lon="-118.418182544"/><trkpt lat="36.890513459" lon="-118.417964363"/><trkpt lat="36.890585124" lon="-118.417779375"/><trkpt lat="36.890634159" lon="-118.417700501"/><trkpt lat="36.890746979" lon="-118.417649372"/><trkpt lat="36.890848652" lon="-118.417637972"/><trkpt lat="36.890892237" lon="-118.417565553"/><trkpt lat="36.890898524" lon="-118.417485841"/><trkpt lat="36.890916377" lon="-118.417333206"/><trkpt lat="36.890939008" lon="-118.417227175"/><trkpt lat="36.89099282" lon="-118.417194905"/><trkpt lat="36.891105222" lon="-118.417177051"/><trkpt lat="36.891207481" lon="-118.417119132"/><trkpt lat="36.891303957" lon="-118.417094238"/><trkpt lat="36.891407222" lon="-118.416943196"/><trkpt lat="36.891493555" lon="-118.416871615"/><trkpt lat="36.891563712" lon="-118.416813025"/><trkpt lat="36.891708467" lon="-118.41677581"/><trkpt lat="36.891826401" lon="-118.416744713"/><trkpt lat="36.891917428" lon="-118.41672644"/><trkpt lat="36.892008791" lon="-118.416681597"/><trkpt lat="36.89207308" lon="-118.416669443"/><trkpt lat="36.892130831" lon="-118.416750329"/><trkpt lat="36.892172908" lon="-118.416811014"/><trkpt lat="36.892204005" lon="-118.416891396"/><trkpt lat="36.892289417" lon="-118.416892989"/><trkpt lat="36.892359322" lon="-118.41686097"/><trkpt lat="36.892428389" lon="-118.416888881"/><trkpt lat="36.89245454" lon="-118.416935904"/><trkpt lat="36.892416487" lon="-118.41699508"/><trkpt lat="36.892436938" lon="-118.417068673"/><trkpt lat="36.892489744" lon="-118.41712282"/><trkpt lat="36.892554034" lon="-118.41711075"/><trkpt lat="36.892656377" lon="-118.41703942"/><trkpt lat="36.892763916" lon="-118.416981585"/><trkpt lat="36.892876988" lon="-118.416910507"/><trkpt lat="36.893016463" lon="-118.41685988"/><trkpt lat="36.893124003" lon="-118.416808667"/><trkpt lat="36.893241936" lon="-118.416770864"/><trkpt lat="36.893376214" lon="-118.416713532"/><trkpt lat="36.893494148" lon="-118.416682435"/><trkpt lat="36.893585846" lon="-118.416610938"/><trkpt lat="36.893714759" lon="-118.416553438"/><trkpt lat="36.893827412" lon="-118.416515635"/><trkpt lat="36.89393512" lon="-118.416444473"/><trkpt lat="36.894053137" lon="-118.416406754"/><trkpt lat="36.894197976" lon="-118.416356212"/><trkpt lat="36.894235611" lon="-118.416336933"/><trkpt lat="36.894342564" lon="-118.416325618"/><trkpt lat="36.89450861" lon="-118.416295443"/><trkpt lat="36.894615814" lon="-118.416264094"/><trkpt lat="36.894722935" lon="-118.416246157"/><trkpt lat="36.894861907" lon="-118.41624205"/><trkpt lat="36.895000795" lon="-118.416244648"/><trkpt lat="36.895176647" lon="-118.41628111"/><trkpt lat="36.895336742" lon="-118.416297371"/><trkpt lat="36.895448724" lon="-118.416319415"/><trkpt lat="36.895556096" lon="-118.416274823"/><trkpt lat="36.895621056" lon="-118.416202907"/><trkpt lat="36.895695822" lon="-118.416204248"/><trkpt lat="36.895770757" lon="-118.416198967"/><trkpt lat="36.895766482" lon="-118.41610576"/><trkpt lat="36.895756591" lon="-118.41603904"/><trkpt lat="36.895773606" lon="-118.41595958"/><trkpt lat="36.895849127" lon="-118.415894452"/><trkpt lat="36.895929677" lon="-118.415862685"/><trkpt lat="36.89601115" lon="-118.415751122"/><trkpt lat="36.896135202" lon="-118.415653557"/><trkpt lat="36.896260008" lon="-118.415489607"/><trkpt lat="36.896346761" lon="-118.415384749"/><trkpt lat="36.896455307" lon="-118.415247034"/><trkpt lat="36.896552788" lon="-118.415135806"/><trkpt lat="36.896623364" lon="-118.415043941"/><trkpt lat="36.896741884" lon="-118.414959703"/><trkpt lat="36.896882365" lon="-118.414829196"/><trkpt lat="36.897048745" lon="-118.414765745"/><trkpt lat="36.897183275" lon="-118.414681759"/><trkpt lat="36.89733943" lon="-118.414584864"/><trkpt lat="36.897489633" lon="-118.414534405"/><trkpt lat="36.897623911" lon="-118.414476989"/><trkpt lat="36.897731703" lon="-118.414392499"/><trkpt lat="36.897835052" lon="-118.414241457"/><trkpt lat="36.897895737" lon="-118.414082872"/><trkpt lat="36.897909483" lon="-118.413823703"/><trkpt lat="36.89791183" lon="-118.413624214"/><trkpt lat="36.897929767" lon="-118.413464874"/><trkpt lat="36.897989446" lon="-118.413386168"/><trkpt lat="36.898059854" lon="-118.41330763"/><trkpt lat="36.898178207" lon="-118.413243257"/><trkpt lat="36.89827024" lon="-118.413138483"/><trkpt lat="36.898395382" lon="-118.412947878"/><trkpt lat="36.898482554" lon="-118.412809828"/><trkpt lat="36.898538545" lon="-118.412591312"/><trkpt lat="36.898599984" lon="-118.412366258"/><trkpt lat="36.898612557" lon="-118.412213456"/><trkpt lat="36.898604259" lon="-118.412007093"/><trkpt lat="36.898621693" lon="-118.411894357"/><trkpt lat="36.898655053" lon="-118.411781872"/><trkpt lat="36.898719929" lon="-118.411716577"/><trkpt lat="36.89883803" lon="-118.411672153"/><trkpt lat="36.898966692" lon="-118.411634602"/><trkpt lat="36.899052691" lon="-118.411589591"/><trkpt lat="36.899160733" lon="-118.411491858"/><trkpt lat="36.899269279" lon="-118.411347438"/><trkpt lat="36.899319235" lon="-118.41119539"/><trkpt lat="36.89936961" lon="-118.411003361"/><trkpt lat="36.89937179" lon="-118.410817115"/><trkpt lat="36.899357708" lon="-118.410650566"/><trkpt lat="36.899375478" lon="-118.410504553"/><trkpt lat="36.899457537" lon="-118.410346387"/><trkpt lat="36.899555773" lon="-118.410168607"/><trkpt lat="36.899610423" lon="-118.410069784"/><trkpt lat="36.899643783" lon="-118.409957299"/><trkpt lat="36.899737073" lon="-118.409752781"/><trkpt lat="36.899753921" lon="-118.409679942"/><trkpt lat="36.899803793" lon="-118.409527894"/><trkpt lat="36.899821814" lon="-118.409361849"/><trkpt lat="36.899812343" lon="-118.409261936"/><trkpt lat="36.899776217" lon="-118.409154816"/><trkpt lat="36.899692398" lon="-118.409013581"/><trkpt lat="36.899636239" lon="-118.408792969"/><trkpt lat="36.899606315" lon="-118.408612842"/><trkpt lat="36.899571111" lon="-118.408425925"/><trkpt lat="36.899552504" lon="-118.408192741"/><trkpt lat="36.899534399" lon="-118.407913037"/><trkpt lat="36.899553342" lon="-118.407667195"/><trkpt lat="36.89957262" lon="-118.407394784"/><trkpt lat="36.899596509" lon="-118.407182386"/><trkpt lat="36.899636742" lon="-118.406943586"/><trkpt lat="36.899675885" lon="-118.406791287"/><trkpt lat="36.899699103" lon="-118.406638736"/><trkpt lat="36.899685021" lon="-118.406472187"/><trkpt lat="36.899660882" lon="-118.406252163"/><trkpt lat="36.899652416" lon="-118.406065749"/><trkpt lat="36.899601035" lon="-118.405891825"/><trkpt lat="36.899571279" lon="-118.40569837"/><trkpt lat="36.89953641" lon="-118.405484883"/><trkpt lat="36.89956516" lon="-118.405312467"/><trkpt lat="36.89957262" lon="-118.405132927"/><trkpt lat="36.899580499" lon="-118.404920194"/><trkpt lat="36.899630791" lon="-118.40473487"/><trkpt lat="36.899718549" lon="-118.40453689"/><trkpt lat="36.899821898" lon="-118.404385764"/><trkpt lat="36.899946705" lon="-118.40422173"/><trkpt lat="36.900033457" lon="-118.404116873"/><trkpt lat="36.900071846" lon="-118.404031126"/><trkpt lat="36.900057262" lon="-118.403911097"/><trkpt lat="36.900091795" lon="-118.403698867"/><trkpt lat="36.900152732" lon="-118.403513711"/><trkpt lat="36.900228839" lon="-118.403408686"/><trkpt lat="36.900294386" lon="-118.40328346"/><trkpt lat="36.900343671" lon="-118.403184554"/><trkpt lat="36.900436208" lon="-118.403039882"/><trkpt lat="36.900522877" lon="-118.40294173"/><trkpt lat="36.9005989" lon="-118.402836621"/><trkpt lat="36.900631422" lon="-118.40279731"/><trkpt lat="36.900632763" lon="-118.402684238"/><trkpt lat="36.900613317" lon="-118.402517606"/><trkpt lat="36.900604013" lon="-118.402404366"/><trkpt lat="36.900647599" lon="-118.402331946"/><trkpt lat="36.900697052" lon="-118.402213091"/><trkpt lat="36.900778105" lon="-118.402134804"/><trkpt lat="36.900752792" lon="-118.402014524"/><trkpt lat="36.900733598" lon="-118.401834564"/><trkpt lat="36.90072991" lon="-118.401694838"/><trkpt lat="36.900741057" lon="-118.401655108"/><trkpt lat="36.900795037" lon="-118.40160951"/><trkpt lat="36.900859661" lon="-118.401564164"/><trkpt lat="36.900934093" lon="-118.401592076"/><trkpt lat="36.901003914" lon="-118.401566762"/><trkpt lat="36.9010418" lon="-118.401520913"/><trkpt lat="36.901080525" lon="-118.401408512"/><trkpt lat="36.901129978" lon="-118.401296278"/><trkpt lat="36.901173396" lon="-118.40123727"/><trkpt lat="36.901232572" lon="-118.401205083"/><trkpt lat="36.9013179" lon="-118.401219919"/><trkpt lat="36.901397444" lon="-118.401267948"/><trkpt lat="36.901487801" lon="-118.401309522"/><trkpt lat="36.901583523" lon="-118.40135118"/><trkpt lat="36.90168486" lon="-118.401366351"/><trkpt lat="36.901787203" lon="-118.401295021"/><trkpt lat="36.901852246" lon="-118.401216399"/><trkpt lat="36.901943861" lon="-118.401151523"/><trkpt lat="36.902040504" lon="-118.401106764"/><trkpt lat="36.902158605" lon="-118.40106234"/><trkpt lat="36.902250219" lon="-118.400997464"/><trkpt lat="36.902321046" lon="-118.400879027"/><trkpt lat="36.902360022" lon="-118.400746677"/><trkpt lat="36.902399166" lon="-118.400594378"/><trkpt lat="36.902417019" lon="-118.40044166"/><trkpt lat="36.902423641" lon="-118.400335377"/><trkpt lat="36.90250352" lon="-118.400356751"/><trkpt lat="36.902615838" lon="-118.400345519"/><trkpt lat="36.902749948" lon="-118.40030143"/><trkpt lat="36.902872995" lon="-118.400290366"/><trkpt lat="36.902985144" lon="-118.400292378"/><trkpt lat="36.903139874" lon="-118.400308555"/><trkpt lat="36.903257472" lon="-118.40031065"/><trkpt lat="36.903412035" lon="-118.400340155"/><trkpt lat="36.903534913" lon="-118.400342334"/><trkpt lat="36.90365226" lon="-118.400357841"/><trkpt lat="36.903780419" lon="-118.400366809"/><trkpt lat="36.903877398" lon="-118.400295395"/><trkpt lat="36.903963815" lon="-118.400217192"/><trkpt lat="36.904061716" lon="-118.400072604"/><trkpt lat="36.904175291" lon="-118.399954922"/><trkpt lat="36.904288363" lon="-118.39988376"/><trkpt lat="36.904427921" lon="-118.399826428"/><trkpt lat="36.904572677" lon="-118.399782507"/><trkpt lat="36.904685162" lon="-118.399764653"/><trkpt lat="36.904808292" lon="-118.399740262"/><trkpt lat="36.904953048" lon="-118.399702962"/><trkpt lat="36.905092858" lon="-118.399625681"/><trkpt lat="36.905254209" lon="-118.399535492"/><trkpt lat="36.905394942" lon="-118.399378415"/><trkpt lat="36.905508852" lon="-118.399234163"/><trkpt lat="36.905617397" lon="-118.399089742"/><trkpt lat="36.905746814" lon="-118.398992345"/><trkpt lat="36.905902801" lon="-118.398901988"/><trkpt lat="36.906031547" lon="-118.398857815"/><trkpt lat="36.90612819" lon="-118.398819678"/><trkpt lat="36.906245789" lon="-118.398815151"/><trkpt lat="36.90637378" lon="-118.398837447"/><trkpt lat="36.906501856" lon="-118.398846416"/><trkpt lat="36.906619454" lon="-118.39884189"/><trkpt lat="36.9067109" lon="-118.398790341"/><trkpt lat="36.906818692" lon="-118.398712473"/><trkpt lat="36.90691106" lon="-118.398581129"/><trkpt lat="36.906992197" lon="-118.398496136"/><trkpt lat="36.907116501" lon="-118.398378622"/><trkpt lat="36.907213144" lon="-118.398340484"/><trkpt lat="36.907342225" lon="-118.398269657"/><trkpt lat="36.907486813" lon="-118.398238979"/><trkpt lat="36.907652859" lon="-118.398202099"/><trkpt lat="36.907807672" lon="-118.398218276"/><trkpt lat="36.907973215" lon="-118.398221293"/><trkpt lat="36.908123083" lon="-118.398204027"/><trkpt lat="36.908246465" lon="-118.39815977"/><trkpt lat="36.908411924" lon="-118.398176031"/><trkpt lat="36.908539664" lon="-118.398218276"/><trkpt lat="36.908688443" lon="-118.398287594"/><trkpt lat="36.90884728" lon="-118.398410222"/><trkpt lat="36.908974349" lon="-118.398512313"/><trkpt lat="36.909085829" lon="-118.398574255"/><trkpt lat="36.909229159" lon="-118.398571741"/><trkpt lat="36.909430325" lon="-118.398563527"/><trkpt lat="36.909602154" lon="-118.398602419"/><trkpt lat="36.909726374" lon="-118.39862857"/><trkpt lat="36.909910021" lon="-118.398476858"/><trkpt lat="36.910083611" lon="-118.398372754"/><trkpt lat="36.910198862" lon="-118.398339143"/><trkpt lat="36.910295421" lon="-118.398269322"/><trkpt lat="36.910458868" lon="-118.39821266"/><trkpt lat="36.910613179" lon="-118.398120124"/><trkpt lat="36.910777884" lon="-118.397956258"/><trkpt lat="36.910914257" lon="-118.397756014"/><trkpt lat="36.911020959" lon="-118.397638751"/><trkpt lat="36.911251796" lon="-118.397547556"/><trkpt lat="36.911415411" lon="-118.397478992"/><trkpt lat="36.911551114" lon="-118.397338428"/><trkpt lat="36.911734259" lon="-118.397234492"/><trkpt lat="36.911888905" lon="-118.397106165"/><trkpt lat="36.912072049" lon="-118.397002146"/><trkpt lat="36.912368853" lon="-118.397007594"/><trkpt lat="36.912599104" lon="-118.396964092"/><trkpt lat="36.912848717" lon="-118.396909023"/><trkpt lat="36.913107885" lon="-118.396854121"/><trkpt lat="36.913396977" lon="-118.396692518"/><trkpt lat="36.913551372" lon="-118.396587996"/><trkpt lat="36.913754549" lon="-118.396412814"/><trkpt lat="36.913938196" lon="-118.396261185"/><trkpt lat="36.914132154" lon="-118.396050129"/><trkpt lat="36.914239442" lon="-118.395885173"/><trkpt lat="36.914375732" lon="-118.395696832"/><trkpt lat="36.914462987" lon="-118.395603038"/><trkpt lat="36.914588213" lon="-118.395533804"/><trkpt lat="36.914714612" lon="-118.395369183"/><trkpt lat="36.914992388" lon="-118.39536231"/><trkpt lat="36.915222136" lon="-118.395366501"/><trkpt lat="36.915433696" lon="-118.395286873"/><trkpt lat="36.915634694" lon="-118.395290561"/><trkpt lat="36.915911883" lon="-118.395331381"/><trkpt lat="36.916123945" lon="-118.395215962"/><trkpt lat="36.916355621" lon="-118.395053269"/><trkpt lat="36.916596349" lon="-118.394938437"/><trkpt lat="36.916808747" lon="-118.394787312"/><trkpt lat="36.916982168" lon="-118.394695111"/><trkpt lat="36.917126169" lon="-118.394661918"/><trkpt lat="36.917298334" lon="-118.394677006"/><trkpt lat="36.917499918" lon="-118.394633001"/><trkpt lat="36.917683063" lon="-118.394528981"/><trkpt lat="36.917838296" lon="-118.394352961"/><trkpt lat="36.917964946" lon="-118.394164452"/><trkpt lat="36.918024207" lon="-118.394010561"/><trkpt lat="36.918187402" lon="-118.393977704"/><trkpt lat="36.918341378" lon="-118.393908972"/><trkpt lat="36.918448079" lon="-118.393791709"/><trkpt lat="36.918545896" lon="-118.393614599"/><trkpt lat="36.918653687" lon="-118.393401951"/><trkpt lat="36.918789139" lon="-118.393285191"/><trkpt lat="36.919010254" lon="-118.39320573"/><trkpt lat="36.91926037" lon="-118.393102968"/><trkpt lat="36.919500679" lon="-118.393023843"/><trkpt lat="36.919644512" lon="-118.393002637"/><trkpt lat="36.919769403" lon="-118.392969109"/><trkpt lat="36.919874847" lon="-118.392959135"/><trkpt lat="36.920019016" lon="-118.39291404"/><trkpt lat="36.920125298" lon="-118.392832568"/><trkpt lat="36.920307437" lon="-118.392812032"/><trkpt lat="36.920470549" lon="-118.392779175"/><trkpt lat="36.920604911" lon="-118.392757801"/><trkpt lat="36.920844046" lon="-118.392774062"/><trkpt lat="36.921131629" lon="-118.392743552"/><trkpt lat="36.921390211" lon="-118.39273626"/><trkpt lat="36.921610571" lon="-118.392728381"/><trkpt lat="36.921840822" lon="-118.392684879"/><trkpt lat="36.922004269" lon="-118.392628217"/><trkpt lat="36.92219655" lon="-118.392560156"/><trkpt lat="36.922445996" lon="-118.392516989"/><trkpt lat="36.922617909" lon="-118.392555881"/><trkpt lat="36.922713881" lon="-118.392533837"/><trkpt lat="36.922857715" lon="-118.392512547"/><trkpt lat="36.922983192" lon="-118.39243141"/><trkpt lat="36.923119314" lon="-118.392254971"/><trkpt lat="36.923254933" lon="-118.392114323"/><trkpt lat="36.923389714" lon="-118.392057158"/><trkpt lat="36.923609404" lon="-118.392096972"/><trkpt lat="36.923828507" lon="-118.392196381"/><trkpt lat="36.923999414" lon="-118.392318673"/><trkpt lat="36.92420871" lon="-118.392429817"/><trkpt lat="36.924341731" lon="-118.392515732"/><trkpt lat="36.924513811" lon="-118.392542722"/><trkpt lat="36.924752444" lon="-118.392606676"/><trkpt lat="36.924932571" lon="-118.392753024"/><trkpt lat="36.925124098" lon="-118.392756544"/><trkpt lat="36.925296932" lon="-118.392711952"/><trkpt lat="36.925479323" lon="-118.392667612"/><trkpt lat="36.925641261" lon="-118.392742043"/><trkpt lat="36.925841756" lon="-118.392793424"/><trkpt lat="36.926090447" lon="-118.392809853"/><trkpt lat="36.926261773" lon="-118.392896438"/><trkpt lat="36.926442403" lon="-118.393007079"/><trkpt lat="36.926613478" lon="-118.393117553"/><trkpt lat="36.926814476" lon="-118.393121157"/><trkpt lat="36.92696753" lon="-118.393135909"/><trkpt lat="36.927128797" lon="-118.393258117"/><trkpt lat="36.927252179" lon="-118.393355766"/><trkpt lat="36.927452339" lon="-118.393430952"/><trkpt lat="36.927680662" lon="-118.393554334"/><trkpt lat="36.927859783" lon="-118.393796068"/><trkpt lat="36.928039994" lon="-118.3939425"/><trkpt lat="36.928295894" lon="-118.39416177"/><trkpt lat="36.928418772" lon="-118.39429521"/><trkpt lat="36.928647431" lon="-118.394394787"/><trkpt lat="36.928798892" lon="-118.394540632"/><trkpt lat="36.928902827" lon="-118.394661834"/><trkpt lat="36.929091504" lon="-118.394903736"/><trkpt lat="36.929156799" lon="-118.395048073"/><trkpt lat="36.929221256" lon="-118.395263907"/><trkpt lat="36.929266518" lon="-118.395491308"/><trkpt lat="36.92934053" lon="-118.395707309"/><trkpt lat="36.929356875" lon="-118.39594611"/><trkpt lat="36.929307505" lon="-118.396076448"/><trkpt lat="36.929209772" lon="-118.396241572"/><trkpt lat="36.929016151" lon="-118.396428823"/><trkpt lat="36.928842142" lon="-118.396568801"/><trkpt lat="36.928715743" lon="-118.396733422"/><trkpt lat="36.92850343" lon="-118.396872645"/><trkpt lat="36.928340066" lon="-118.396929307"/><trkpt lat="36.928196149" lon="-118.396950513"/><trkpt lat="36.928071426" lon="-118.396972138"/><trkpt lat="36.927975286" lon="-118.397006169"/><trkpt lat="36.928021638" lon="-118.397138184"/><trkpt lat="36.92810663" lon="-118.397235163"/><trkpt lat="36.928153401" lon="-118.397331387"/><trkpt lat="36.928038066" lon="-118.397365082"/><trkpt lat="36.927931532" lon="-118.397470443"/><trkpt lat="36.927882582" lon="-118.397564907"/><trkpt lat="36.927871853" lon="-118.397660125"/><trkpt lat="36.927956343" lon="-118.397804797"/><trkpt lat="36.928021973" lon="-118.397925245"/><trkpt lat="36.928106798" lon="-118.398034126"/><trkpt lat="36.928182403" lon="-118.39811895"/><trkpt lat="36.928219032" lon="-118.398262784"/><trkpt lat="36.928130938" lon="-118.398428075"/><trkpt lat="36.928071929" lon="-118.398558246"/><trkpt lat="36.927964976" lon="-118.398699397"/><trkpt lat="36.927809408" lon="-118.398899222"/><trkpt lat="36.927702455" lon="-118.399040373"/><trkpt lat="36.92761478" lon="-118.399169957"/><trkpt lat="36.927583767" lon="-118.399360226"/><trkpt lat="36.927533811" lon="-118.399538174"/><trkpt lat="36.927454853" lon="-118.399739508"/><trkpt lat="36.927366843" lon="-118.399892896"/><trkpt lat="36.927230302" lon="-118.400105042"/><trkpt lat="36.927151764" lon="-118.400270585"/><trkpt lat="36.926995693" lon="-118.400518103"/><trkpt lat="36.926869042" lon="-118.400706612"/><trkpt lat="36.926789917" lon="-118.400919847"/><trkpt lat="36.926680785" lon="-118.401239784"/><trkpt lat="36.926667877" lon="-118.401525775"/><trkpt lat="36.926682964" lon="-118.401871864"/><trkpt lat="36.926709535" lon="-118.402051236"/><trkpt lat="36.926773991" lon="-118.40226707"/><trkpt lat="36.926858062" lon="-118.402447533"/><trkpt lat="36.926980773" lon="-118.402592875"/><trkpt lat="36.927151261" lon="-118.402751042"/><trkpt lat="36.927407077" lon="-118.402982298"/><trkpt lat="36.927539259" lon="-118.40313971"/><trkpt lat="36.927614026" lon="-118.403296117"/><trkpt lat="36.927688373" lon="-118.403488314"/><trkpt lat="36.927667251" lon="-118.403654862"/><trkpt lat="36.927598687" lon="-118.403784782"/><trkpt lat="36.927454267" lon="-118.403853681"/><trkpt lat="36.927329376" lon="-118.403887209"/><trkpt lat="36.927268859" lon="-118.40392367"/><trkpt lat="36.927239606" lon="-118.403989719"/><trkpt lat="36.92723156" lon="-118.404069347"/><trkpt lat="36.92729434" lon="-118.404176971"/><trkpt lat="36.927350415" lon="-118.40425333"/><trkpt lat="36.927356869" lon="-118.404311081"/><trkpt lat="36.927331556" lon="-118.404346118"/><trkpt lat="36.927285204" lon="-118.404349722"/><trkpt lat="36.927214041" lon="-118.404343938"/><trkpt lat="36.927157464" lon="-118.404316362"/><trkpt lat="36.927107424" lon="-118.404333126"/><trkpt lat="36.927074902" lon="-118.404372437"/><trkpt lat="36.927081104" lon="-118.4044524"/><trkpt lat="36.927122762" lon="-118.404537393"/><trkpt lat="36.927164756" lon="-118.404604699"/><trkpt lat="36.927199205" lon="-118.404698493"/><trkpt lat="36.927190991" lon="-118.404791448"/><trkpt lat="36.927158553" lon="-118.404826317"/><trkpt lat="36.927115554" lon="-118.404847691"/><trkpt lat="36.927058725" lon="-118.404833358"/><trkpt lat="36.926969709" lon="-118.404836124"/><trkpt lat="36.926923441" lon="-118.404835286"/><trkpt lat="36.926894272" lon="-118.404896809"/><trkpt lat="36.926911119" lon="-118.404972497"/><trkpt lat="36.926953029" lon="-118.405044246"/><trkpt lat="36.926969709" lon="-118.405137705"/><trkpt lat="36.926922854" lon="-118.405185565"/><trkpt lat="36.926865689" lon="-118.405206688"/><trkpt lat="36.926793857" lon="-118.405254213"/><trkpt lat="36.926732836" lon="-118.405301822"/><trkpt lat="36.926682042" lon="-118.405376337"/><trkpt lat="36.926669804" lon="-118.405513549"/><trkpt lat="36.926696626" lon="-118.405651515"/><trkpt lat="36.926762927" lon="-118.405768024"/><trkpt lat="36.926865187" lon="-118.405849747"/><trkpt lat="36.926988317" lon="-118.405976146"/><trkpt lat="36.927115303" lon="-118.406076059"/><trkpt lat="36.927231727" lon="-118.406162392"/><trkpt lat="36.927333483" lon="-118.406288456"/><trkpt lat="36.927442364" lon="-118.406414604"/><trkpt lat="36.927543618" lon="-118.406585008"/><trkpt lat="36.927592065" lon="-118.406705623"/><trkpt lat="36.927636405" lon="-118.406866053"/><trkpt lat="36.927702874" lon="-118.406964876"/><trkpt lat="36.9277908" lon="-118.407059591"/><trkpt lat="36.927914433" lon="-118.40714165"/><trkpt lat="36.928027002" lon="-118.407259081"/><trkpt lat="36.928108139" lon="-118.407318173"/><trkpt lat="36.928199669" lon="-118.407404087"/><trkpt lat="36.92827343" lon="-118.407489751"/><trkpt lat="36.928321626" lon="-118.407632494"/><trkpt lat="36.928359428" lon="-118.407744057"/><trkpt lat="36.928418269" lon="-118.407887053"/><trkpt lat="36.928484906" lon="-118.407976991"/><trkpt lat="36.92862899" lon="-118.408134822"/><trkpt lat="36.92876704" lon="-118.408203889"/><trkpt lat="36.928865947" lon="-118.408267843"/><trkpt lat="36.928985892" lon="-118.408363145"/><trkpt lat="36.929070298" lon="-118.408448976"/><trkpt lat="36.929179346" lon="-118.408561796"/><trkpt lat="36.929246234" lon="-118.408620721"/><trkpt lat="36.929302812" lon="-118.408657182"/><trkpt lat="36.929356456" lon="-118.40863606"/><trkpt lat="36.929386128" lon="-118.408534555"/><trkpt lat="36.929408424" lon="-118.408459621"/><trkpt lat="36.92943424" lon="-118.408384686"/><trkpt lat="36.929466678" lon="-118.408349818"/><trkpt lat="36.929512275" lon="-118.408408323"/><trkpt lat="36.929550497" lon="-118.408484347"/><trkpt lat="36.92960347" lon="-118.408525251"/><trkpt lat="36.929650158" lon="-118.408490634"/><trkpt lat="36.929694163" lon="-118.408380579"/><trkpt lat="36.929691983" lon="-118.408265244"/><trkpt lat="36.929679159" lon="-118.408145299"/><trkpt lat="36.929673292" lon="-118.408034323"/><trkpt lat="36.929688295" lon="-118.407972548"/><trkpt lat="36.929720985" lon="-118.407915467"/><trkpt lat="36.929770857" lon="-118.407916389"/><trkpt lat="36.929824166" lon="-118.407921838"/><trkpt lat="36.929909242" lon="-118.407954443"/><trkpt lat="36.930001611" lon="-118.407973805"/><trkpt lat="36.930087525" lon="-118.407931058"/><trkpt lat="36.930166315" lon="-118.407892585"/><trkpt lat="36.930241585" lon="-118.407854112"/><trkpt lat="36.930345017" lon="-118.40783827"/><trkpt lat="36.930423388" lon="-118.40783081"/><trkpt lat="36.930501591" lon="-118.407845562"/><trkpt lat="36.930597229" lon="-118.407882778"/><trkpt lat="36.930743409" lon="-118.407867774"/><trkpt lat="36.930892775" lon="-118.407879341"/><trkpt lat="36.931018336" lon="-118.407801893"/><trkpt lat="36.931158146" lon="-118.407720169"/><trkpt lat="36.931243474" lon="-118.407730646"/><trkpt lat="36.931339111" lon="-118.407772304"/><trkpt lat="36.931452015" lon="-118.407854196"/><trkpt lat="36.931550838" lon="-118.407931393"/><trkpt lat="36.931675058" lon="-118.407960311"/><trkpt lat="36.931759883" lon="-118.408019487"/><trkpt lat="36.931852084" lon="-118.408047818"/><trkpt lat="36.931933975" lon="-118.408049326"/><trkpt lat="36.932015698" lon="-118.408059636"/><trkpt lat="36.932132291" lon="-118.40813281"/><trkpt lat="36.93219943" lon="-118.408178324"/><trkpt lat="36.932294481" lon="-118.408273207"/><trkpt lat="36.932349047" lon="-118.408348979"/><trkpt lat="36.932452731" lon="-118.408482084"/><trkpt lat="36.932583405" lon="-118.40862684"/><trkpt lat="36.932702176" lon="-118.408756424"/><trkpt lat="36.932821283" lon="-118.408859773"/><trkpt lat="36.932943575" lon="-118.40894443"/><trkpt lat="36.933069304" lon="-118.408999247"/><trkpt lat="36.933201067" lon="-118.409046605"/><trkpt lat="36.933317911" lon="-118.409086252"/><trkpt lat="36.933455626" lon="-118.409145009"/><trkpt lat="36.933590407" lon="-118.409188678"/><trkpt lat="36.933716303" lon="-118.409224721"/><trkpt lat="36.933791488" lon="-118.409229834"/><trkpt lat="36.933917301" lon="-118.40927342"/><trkpt lat="36.934016291" lon="-118.409293955"/><trkpt lat="36.934088208" lon="-118.409321532"/><trkpt lat="36.934147887" lon="-118.409363776"/><trkpt lat="36.934158532" lon="-118.409476429"/><trkpt lat="36.934151324" lon="-118.409581203"/><trkpt lat="36.934147049" lon="-118.409682289"/><trkpt lat="36.934155095" lon="-118.409768622"/><trkpt lat="36.934199939" lon="-118.409791924"/><trkpt lat="36.934248051" lon="-118.409792846"/><trkpt lat="36.934280656" lon="-118.4098309"/><trkpt lat="36.934267748" lon="-118.409905583"/><trkpt lat="36.934257606" lon="-118.410002813"/><trkpt lat="36.934235813" lon="-118.410066096"/><trkpt lat="36.934207985" lon="-118.410129296"/><trkpt lat="36.934200944" lon="-118.410211606"/><trkpt lat="36.934236484" lon="-118.410260975"/><trkpt lat="36.934284512" lon="-118.410273129"/><trkpt lat="36.934317872" lon="-118.41024748"/><trkpt lat="36.934369169" lon="-118.410233483"/><trkpt lat="36.934404708" lon="-118.410282852"/><trkpt lat="36.93440672" lon="-118.410365246"/><trkpt lat="36.934376042" lon="-118.410413442"/><trkpt lat="36.934357518" lon="-118.410458034"/><trkpt lat="36.934362715" lon="-118.410525592"/><trkpt lat="36.934410408" lon="-118.410560209"/><trkpt lat="36.93445215" lon="-118.410594659"/><trkpt lat="36.934487773" lon="-118.410632797"/><trkpt lat="36.934505375" lon="-118.410666827"/><trkpt lat="36.934498418" lon="-118.410745449"/><trkpt lat="36.934440499" lon="-118.410811834"/><trkpt lat="36.934385682" lon="-118.410866987"/><trkpt lat="36.934339749" lon="-118.410937311"/><trkpt lat="36.934326254" lon="-118.411064465"/><trkpt lat="36.934331283" lon="-118.411143254"/><trkpt lat="36.934330277" lon="-118.411233192"/><trkpt lat="36.934383586" lon="-118.411297817"/><trkpt lat="36.934458185" lon="-118.411347941"/><trkpt lat="36.934536221" lon="-118.411364369"/><trkpt lat="36.934608305" lon="-118.41137317"/><trkpt lat="36.93468634" lon="-118.411389599"/><trkpt lat="36.934733782" lon="-118.411450451"/><trkpt lat="36.934768986" lon="-118.411526056"/><trkpt lat="36.934830928" lon="-118.411628315"/><trkpt lat="36.934890104" lon="-118.411708111"/><trkpt lat="36.934953136" lon="-118.411720516"/><trkpt lat="36.935028071" lon="-118.411740633"/><trkpt lat="36.935076015" lon="-118.411756558"/><trkpt lat="36.935102418" lon="-118.411816992"/><trkpt lat="36.935098562" lon="-118.41188807"/><trkpt lat="36.93509764" lon="-118.411963005"/><trkpt lat="36.935133347" lon="-118.41199737"/><trkpt lat="36.935211383" lon="-118.412010027"/><trkpt lat="36.935271481" lon="-118.41201866"/><trkpt lat="36.935346667" lon="-118.412020085"/><trkpt lat="36.935409699" lon="-118.412032491"/><trkpt lat="36.935448004" lon="-118.412100635"/><trkpt lat="36.935483795" lon="-118.412119998"/><trkpt lat="36.935544228" lon="-118.412102396"/><trkpt lat="36.935598375" lon="-118.412103401"/><trkpt lat="36.93562788" lon="-118.412145143"/><trkpt lat="36.935651097" lon="-118.412216809"/><trkpt lat="36.935698371" lon="-118.412288809"/><trkpt lat="36.935779341" lon="-118.412312781"/><trkpt lat="36.935830386" lon="-118.412321247"/><trkpt lat="36.935872547" lon="-118.412318313"/><trkpt lat="36.935926694" lon="-118.412319319"/><trkpt lat="36.935941111" lon="-118.41236827"/><trkpt lat="36.935940441" lon="-118.412424428"/><trkpt lat="36.935982183" lon="-118.41245519"/><trkpt lat="36.936033312" lon="-118.412456112"/><trkpt lat="36.936090058" lon="-118.412490897"/><trkpt lat="36.936134482" lon="-118.412547978"/><trkpt lat="36.93613993" lon="-118.41259676"/><trkpt lat="36.936142277" lon="-118.412653003"/><trkpt lat="36.936150743" lon="-118.412698098"/><trkpt lat="36.936187288" lon="-118.412665073"/><trkpt lat="36.936220899" lon="-118.412620733"/><trkpt lat="36.936272364" lon="-118.412591731"/><trkpt lat="36.936315196" lon="-118.412528783"/><trkpt lat="36.936396165" lon="-118.412552755"/><trkpt lat="36.936440589" lon="-118.412613524"/><trkpt lat="36.936473781" lon="-118.412602879"/><trkpt lat="36.936514853" lon="-118.412689883"/><trkpt lat="36.936544022" lon="-118.412769092"/><trkpt lat="36.936570592" lon="-118.412807062"/><trkpt lat="36.936609903" lon="-118.412792813"/><trkpt lat="36.936643263" lon="-118.412770936"/><trkpt lat="36.936679138" lon="-118.412790298"/><trkpt lat="36.936693471" lon="-118.412843021"/><trkpt lat="36.936717276" lon="-118.412865987"/><trkpt lat="36.936759437" lon="-118.41286297"/><trkpt lat="36.936798496" lon="-118.412871184"/><trkpt lat="36.936834119" lon="-118.412905633"/><trkpt lat="36.936857756" lon="-118.41294352"/><trkpt lat="36.936917938" lon="-118.412944609"/><trkpt lat="36.93699019" lon="-118.412938491"/><trkpt lat="36.936965464" lon="-118.41299423"/><trkpt lat="36.936961943" lon="-118.413039073"/><trkpt lat="36.936963955" lon="-118.413117863"/><trkpt lat="36.937015085" lon="-118.413118785"/><trkpt lat="36.937063532" lon="-118.413093472"/><trkpt lat="36.937120948" lon="-118.413072014"/><trkpt lat="36.937172916" lon="-118.413001774"/><trkpt lat="36.937221866" lon="-118.412935222"/><trkpt lat="36.937271152" lon="-118.412838746"/><trkpt lat="36.937344158" lon="-118.412765153"/><trkpt lat="36.937410543" lon="-118.412747635"/><trkpt lat="36.937486399" lon="-118.412696589"/><trkpt lat="36.937567955" lon="-118.412664318"/><trkpt lat="36.937663844" lon="-118.412696086"/><trkpt lat="36.93778052" lon="-118.412750736"/><trkpt lat="36.937876409" lon="-118.412782419"/><trkpt lat="36.937983865" lon="-118.412851905"/><trkpt lat="36.938087801" lon="-118.412966235"/><trkpt lat="36.938150749" lon="-118.413016777"/><trkpt lat="36.938245883" lon="-118.413134376"/><trkpt lat="36.938323164" lon="-118.413247112"/><trkpt lat="36.938371863" lon="-118.413359346"/><trkpt lat="36.938417712" lon="-118.413413577"/><trkpt lat="36.938427435" lon="-118.413493875"/><trkpt lat="36.938448306" lon="-118.413547771"/><trkpt lat="36.938507985" lon="-118.413637877"/><trkpt lat="36.938531287" lon="-118.413780788"/><trkpt lat="36.938569341" lon="-118.413888412"/><trkpt lat="36.938606892" lon="-118.414036017"/><trkpt lat="36.938651986" lon="-118.414152609"/><trkpt lat="36.938733039" lon="-118.414252102"/><trkpt lat="36.938803447" lon="-118.414338017"/><trkpt lat="36.938873855" lon="-118.414432816"/><trkpt lat="36.938890787" lon="-118.414513282"/><trkpt lat="36.938847117" lon="-118.414574806"/><trkpt lat="36.938786181" lon="-118.414591486"/><trkpt lat="36.938700853" lon="-118.41455427"/><trkpt lat="36.938632792" lon="-118.41456634"/><trkpt lat="36.938585434" lon="-118.414636748"/><trkpt lat="36.938562468" lon="-118.41476541"/><trkpt lat="36.938508153" lon="-118.414822323"/><trkpt lat="36.938450988" lon="-118.414821234"/><trkpt lat="36.938372701" lon="-118.41479307"/><trkpt lat="36.938294582" lon="-118.414747138"/><trkpt lat="36.938244039" lon="-118.414790723"/><trkpt lat="36.938199867" lon="-118.414901197"/><trkpt lat="36.938184611" lon="-118.414976634"/><trkpt lat="36.93811655" lon="-118.41499323"/><trkpt lat="36.93804807" lon="-118.415036481"/><trkpt lat="36.938014878" lon="-118.41512491"/><trkpt lat="36.938010016" lon="-118.415236138"/><trkpt lat="36.938033737" lon="-118.415343426"/><trkpt lat="36.938036419" lon="-118.415419199"/><trkpt lat="36.937999958" lon="-118.415480806"/><trkpt lat="36.93794271" lon="-118.415484242"/><trkpt lat="36.937874649" lon="-118.415496312"/><trkpt lat="36.93784154" lon="-118.415575856"/><trkpt lat="36.937829806" lon="-118.41565582"/><trkpt lat="36.937817736" lon="-118.415771322"/><trkpt lat="36.937809773" lon="-118.415842485"/><trkpt lat="36.937808767" lon="-118.415922616"/><trkpt lat="36.937794015" lon="-118.415962346"/><trkpt lat="36.93775462" lon="-118.415966118"/><trkpt lat="36.937701143" lon="-118.415956227"/><trkpt lat="36.937647332" lon="-118.415972991"/><trkpt lat="36.937631909" lon="-118.416066281"/><trkpt lat="36.937652277" lon="-118.416155716"/><trkpt lat="36.937679769" lon="-118.41625412"/><trkpt lat="36.93770349" lon="-118.416356966"/><trkpt lat="36.937713046" lon="-118.41645956"/><trkpt lat="36.937747411" lon="-118.416571543"/><trkpt lat="36.93779259" lon="-118.41667925"/><trkpt lat="36.937859226" lon="-118.416791819"/><trkpt lat="36.937907841" lon="-118.416912938"/><trkpt lat="36.937952852" lon="-118.41702953"/><trkpt lat="36.93800549" lon="-118.417115109"/><trkpt lat="36.938054441" lon="-118.417205047"/><trkpt lat="36.938096099" lon="-118.417308228"/><trkpt lat="36.938151419" lon="-118.417465137"/><trkpt lat="36.938181762" lon="-118.417617101"/><trkpt lat="36.938246973" lon="-118.417849867"/><trkpt lat="36.938302377" lon="-118.417993365"/><trkpt lat="36.938364822" lon="-118.4181548"/><trkpt lat="36.938431207" lon="-118.418285139"/><trkpt lat="36.938529946" lon="-118.418398295"/><trkpt lat="36.938586272" lon="-118.418466104"/><trkpt lat="36.938650394" lon="-118.418489574"/><trkpt lat="36.938670762" lon="-118.418579008"/><trkpt lat="36.938672774" lon="-118.418708174"/><trkpt lat="36.938681658" lon="-118.418859718"/><trkpt lat="36.938755503" lon="-118.41896357"/><trkpt lat="36.938839322" lon="-118.419129867"/><trkpt lat="36.938930349" lon="-118.419291805"/><trkpt lat="36.939010145" lon="-118.419493726"/><trkpt lat="36.939075943" lon="-118.419673014"/><trkpt lat="36.939137969" lon="-118.419861188"/><trkpt lat="36.939207204" lon="-118.42004953"/><trkpt lat="36.939255316" lon="-118.420215156"/><trkpt lat="36.939292531" lon="-118.4203895"/><trkpt lat="36.93935154" lon="-118.420537524"/><trkpt lat="36.939427732" lon="-118.42073936"/><trkpt lat="36.939504342" lon="-118.420909932"/><trkpt lat="36.939567123" lon="-118.421044713"/><trkpt lat="36.939668627" lon="-118.421224672"/><trkpt lat="36.939752949" lon="-118.421346461"/><trkpt lat="36.939851604" lon="-118.42146406"/><trkpt lat="36.939953864" lon="-118.421581741"/><trkpt lat="36.940063499" lon="-118.421677295"/><trkpt lat="36.940201633" lon="-118.421786763"/><trkpt lat="36.940307748" lon="-118.421882233"/><trkpt lat="36.94041797" lon="-118.421928836"/><trkpt lat="36.940517128" lon="-118.422006369"/><trkpt lat="36.940618968" lon="-118.422159674"/><trkpt lat="36.940714018" lon="-118.422277188"/><trkpt lat="36.940763053" lon="-118.422367126"/><trkpt lat="36.940847794" lon="-118.422453376"/><trkpt lat="36.940925494" lon="-118.422530489"/><trkpt lat="36.941017443" lon="-118.42261238"/><trkpt lat="36.941091875" lon="-118.422662672"/><trkpt lat="36.941155661" lon="-118.422712879"/><trkpt lat="36.941208551" lon="-118.422776163"/><trkpt lat="36.941182986" lon="-118.422815809"/><trkpt lat="36.941167898" lon="-118.422886804"/><trkpt lat="36.941121211" lon="-118.422903735"/><trkpt lat="36.941109644" lon="-118.42297473"/><trkpt lat="36.941133616" lon="-118.423059806"/><trkpt lat="36.941182399" lon="-118.423167598"/><trkpt lat="36.941274768" lon="-118.423213782"/><trkpt lat="36.941356491" lon="-118.42325544"/><trkpt lat="36.941452464" lon="-118.423297266"/><trkpt lat="36.941555142" lon="-118.423383767"/><trkpt lat="36.941664275" lon="-118.423519386"/><trkpt lat="36.941815987" lon="-118.423687024"/><trkpt lat="36.941931993" lon="-118.423853908"/><trkpt lat="36.942069707" lon="-118.423994556"/><trkpt lat="36.942186132" lon="-118.424121374"/><trkpt lat="36.942281015" lon="-118.424256742"/><trkpt lat="36.942322925" lon="-118.424337627"/><trkpt lat="36.942335917" lon="-118.42444919"/><trkpt lat="36.942403223" lon="-118.424499482"/><trkpt lat="36.942505566" lon="-118.424608279"/><trkpt lat="36.942610675" lon="-118.42478388"/><trkpt lat="36.942687957" lon="-118.424896616"/><trkpt lat="36.942793317" lon="-118.425054448"/><trkpt lat="36.942884512" lon="-118.425203059"/><trkpt lat="36.943004038" lon="-118.42537011"/><trkpt lat="36.94311644" lon="-118.425532468"/><trkpt lat="36.943257423" lon="-118.425699854"/><trkpt lat="36.943358677" lon="-118.42590211"/><trkpt lat="36.943446016" lon="-118.426068574"/><trkpt lat="36.943572331" lon="-118.426266806"/><trkpt lat="36.943688504" lon="-118.42641592"/><trkpt lat="36.943775928" lon="-118.426577859"/><trkpt lat="36.943832086" lon="-118.426663522"/><trkpt lat="36.94386025" lon="-118.426695205"/><trkpt lat="36.943888245" lon="-118.426749185"/><trkpt lat="36.943933759" lon="-118.426825712"/><trkpt lat="36.943968879" lon="-118.426879859"/><trkpt lat="36.943988996" lon="-118.426987063"/><trkpt lat="36.943991091" lon="-118.427116228"/><trkpt lat="36.944000563" lon="-118.42721438"/><trkpt lat="36.944020847" lon="-118.427312784"/><trkpt lat="36.94405186" lon="-118.427411271"/><trkpt lat="36.944069043" lon="-118.427465083"/><trkpt lat="36.944053704" lon="-118.42755829"/><trkpt lat="36.944042137" lon="-118.427624842"/><trkpt lat="36.944048507" lon="-118.427691814"/><trkpt lat="36.94406217" lon="-118.427741015"/><trkpt lat="36.944111791" lon="-118.42777756"/><trkpt lat="36.944154119" lon="-118.427822907"/><trkpt lat="36.944239447" lon="-118.427864565"/><trkpt lat="36.944406498" lon="-118.427943354"/><trkpt lat="36.944558881" lon="-118.428053074"/><trkpt lat="36.944718724" lon="-118.428136222"/><trkpt lat="36.944832969" lon="-118.428147286"/><trkpt lat="36.944953753" lon="-118.428207468"/><trkpt lat="36.945109405" lon="-118.428343926"/><trkpt lat="36.945276121" lon="-118.428449454"/><trkpt lat="36.94554585" lon="-118.428614829"/><trkpt lat="36.945741316" lon="-118.42870309"/><trkpt lat="36.945943739" lon="-118.428818174"/><trkpt lat="36.946103498" lon="-118.428910207"/><trkpt lat="36.946159909" lon="-118.428969216"/><trkpt lat="36.946207769" lon="-118.429152695"/><trkpt lat="36.946286727" lon="-118.429425778"/><trkpt lat="36.946466351" lon="-118.429647312"/><trkpt lat="36.946596103" lon="-118.429854596"/><trkpt lat="36.946692327" lon="-118.430172605"/><trkpt lat="36.946771368" lon="-118.430436803"/><trkpt lat="36.946903635" lon="-118.430733187"/><trkpt lat="36.947100442" lon="-118.431017417"/><trkpt lat="36.947206222" lon="-118.431135183"/><trkpt lat="36.947318455" lon="-118.431310952"/><trkpt lat="36.947438065" lon="-118.431473561"/><trkpt lat="36.947582569" lon="-118.431645473"/><trkpt lat="36.947656162" lon="-118.431767095"/><trkpt lat="36.947685918" lon="-118.431963567"/><trkpt lat="36.947669573" lon="-118.432136988"/><trkpt lat="36.947686421" lon="-118.432221897"/><trkpt lat="36.947761439" lon="-118.432227764"/><trkpt lat="36.947854897" lon="-118.432184933"/><trkpt lat="36.947922623" lon="-118.432195159"/><trkpt lat="36.948024714" lon="-118.432326168"/><trkpt lat="36.948083974" lon="-118.43245198"/><trkpt lat="36.948174499" lon="-118.432654068"/><trkpt lat="36.948251193" lon="-118.432815839"/><trkpt lat="36.948346579" lon="-118.432911141"/><trkpt lat="36.948453449" lon="-118.432939891"/><trkpt lat="36.948653692" lon="-118.432934694"/><trkpt lat="36.948914705" lon="-118.432926228"/><trkpt lat="36.949086199" lon="-118.43293394"/><trkpt lat="36.949254004" lon="-118.43294601"/><trkpt lat="36.949404208" lon="-118.432944333"/><trkpt lat="36.949582826" lon="-118.432947686"/><trkpt lat="36.949764043" lon="-118.433040138"/><trkpt lat="36.949937884" lon="-118.433145834"/><trkpt lat="36.950087333" lon="-118.433202077"/><trkpt lat="36.950215325" lon="-118.433262343"/><trkpt lat="36.950322194" lon="-118.433295535"/><trkpt lat="36.950432835" lon="-118.433306515"/><trkpt lat="36.950511541" lon="-118.433303582"/><trkpt lat="36.950554373" lon="-118.433308778"/><trkpt lat="36.950683203" lon="-118.433293439"/><trkpt lat="36.950811865" lon="-118.433291344"/><trkpt lat="36.950918818" lon="-118.433320094"/><trkpt lat="36.951028621" lon="-118.43340232"/><trkpt lat="36.951091988" lon="-118.433479182"/><trkpt lat="36.951152002" lon="-118.43354716"/><trkpt lat="36.951297345" lon="-118.433643384"/><trkpt lat="36.951450231" lon="-118.433713038"/><trkpt lat="36.951557184" lon="-118.433737345"/><trkpt lat="36.951710656" lon="-118.433753522"/><trkpt lat="36.951832697" lon="-118.43371572"/><trkpt lat="36.951958928" lon="-118.433620166"/><trkpt lat="36.952052638" lon="-118.433512123"/><trkpt lat="36.952174176" lon="-118.433443643"/><trkpt lat="36.952267298" lon="-118.433374576"/><trkpt lat="36.952373665" lon="-118.433385473"/><trkpt lat="36.952592684" lon="-118.433478009"/><trkpt lat="36.952741044" lon="-118.433542717"/><trkpt lat="36.952980682" lon="-118.433688814"/><trkpt lat="36.953199115" lon="-118.433825606"/><trkpt lat="36.95343121" lon="-118.434015708"/><trkpt lat="36.953676967" lon="-118.434241517"/><trkpt lat="36.953768246" lon="-118.434331706"/><trkpt lat="36.953916522" lon="-118.434396414"/><trkpt lat="36.954099163" lon="-118.434559107"/><trkpt lat="36.954275519" lon="-118.43465969"/><trkpt lat="36.95448691" lon="-118.434796399"/><trkpt lat="36.954655722" lon="-118.434923468"/><trkpt lat="36.954888403" lon="-118.435060512"/><trkpt lat="36.95508563" lon="-118.43519697"/><trkpt lat="36.955304649" lon="-118.435289506"/><trkpt lat="36.955460217" lon="-118.435336696"/><trkpt lat="36.955631375" lon="-118.435277939"/><trkpt lat="36.955809491" lon="-118.435228234"/><trkpt lat="36.955987019" lon="-118.435231503"/><trkpt lat="36.956163291" lon="-118.43533217"/><trkpt lat="36.956304442" lon="-118.435405595"/><trkpt lat="36.956411144" lon="-118.435389921"/><trkpt lat="36.956475098" lon="-118.435382294"/><trkpt lat="36.956545925" lon="-118.43540132"/><trkpt lat="36.956723453" lon="-118.435395788"/><trkpt lat="36.956915651" lon="-118.435355136"/><trkpt lat="36.957079936" lon="-118.435278609"/><trkpt lat="36.957200971" lon="-118.435254302"/><trkpt lat="36.957455445" lon="-118.435347592"/><trkpt lat="36.957617719" lon="-118.435430238"/><trkpt lat="36.957801366" lon="-118.435513303"/><trkpt lat="36.957970597" lon="-118.435613802"/><trkpt lat="36.958153406" lon="-118.435758809"/><trkpt lat="36.95833697" lon="-118.435850758"/><trkpt lat="36.958497986" lon="-118.436039602"/><trkpt lat="36.958708959" lon="-118.436211683"/><trkpt lat="36.958933175" lon="-118.436454758"/><trkpt lat="36.959142806" lon="-118.436741838"/><trkpt lat="36.959338188" lon="-118.437019782"/><trkpt lat="36.959448997" lon="-118.437251961"/><trkpt lat="36.959673297" lon="-118.437495036"/><trkpt lat="36.959805815" lon="-118.437692178"/><trkpt lat="36.959923496" lon="-118.437942127"/><trkpt lat="36.960042268" lon="-118.438103646"/><trkpt lat="36.960210744" lon="-118.438266087"/><trkpt lat="36.960379221" lon="-118.438428529"/><trkpt lat="36.960534202" lon="-118.438528776"/><trkpt lat="36.960681472" lon="-118.438681914"/><trkpt lat="36.960758502" lon="-118.438771851"/><trkpt lat="36.961021777" lon="-118.438723739"/><trkpt lat="36.961157313" lon="-118.438673196"/><trkpt lat="36.96135655" lon="-118.438641513"/><trkpt lat="36.961519998" lon="-118.438626928"/><trkpt lat="36.961711608" lon="-118.438639417"/><trkpt lat="36.961874468" lon="-118.438677806"/><trkpt lat="36.962051662" lon="-118.438698845"/><trkpt lat="36.962199602" lon="-118.438799009"/><trkpt lat="36.962304376" lon="-118.438942507"/><trkpt lat="36.962365815" lon="-118.439147193"/><trkpt lat="36.962433374" lon="-118.439431591"/><trkpt lat="36.962488107" lon="-118.439600738"/><trkpt lat="36.962521803" lon="-118.43975178"/><trkpt lat="36.96259154" lon="-118.439859319"/><trkpt lat="36.962690279" lon="-118.439914305"/><trkpt lat="36.962803854" lon="-118.4399164"/><trkpt lat="36.962897228" lon="-118.439829648"/><trkpt lat="36.962997559" lon="-118.439751947"/><trkpt lat="36.963132676" lon="-118.439736776"/><trkpt lat="36.963202916" lon="-118.439800059"/><trkpt lat="36.963194283" lon="-118.439923776"/><trkpt lat="36.963100908" lon="-118.440010445"/><trkpt lat="36.963035781" lon="-118.44011547"/><trkpt lat="36.963006277" lon="-118.440203397"/><trkpt lat="36.963033266" lon="-118.440318899"/><trkpt lat="36.963119432" lon="-118.440240864"/><trkpt lat="36.963226805" lon="-118.440172132"/><trkpt lat="36.963320347" lon="-118.440067694"/><trkpt lat="36.963420343" lon="-118.44001648"/><trkpt lat="36.96354825" lon="-118.440010026"/><trkpt lat="36.963632908" lon="-118.440055875"/><trkpt lat="36.963666938" lon="-118.44018043"/><trkpt lat="36.963643888" lon="-118.440321581"/><trkpt lat="36.963627795" lon="-118.440480502"/><trkpt lat="36.963583538" lon="-118.440612433"/><trkpt lat="36.963560907" lon="-118.440727014"/><trkpt lat="36.963624358" lon="-118.440763643"/><trkpt lat="36.963731898" lon="-118.440677142"/><trkpt lat="36.963867936" lon="-118.440582342"/><trkpt lat="36.963990815" lon="-118.440407747"/><trkpt lat="36.964127691" lon="-118.440242205"/><trkpt lat="36.964314021" lon="-118.440104155"/><trkpt lat="36.964479228" lon="-118.439948"/><trkpt lat="36.964607975" lon="-118.439870719"/><trkpt lat="36.964730183" lon="-118.439749181"/><trkpt lat="36.964872424" lon="-118.439725293"/><trkpt lat="36.965000331" lon="-118.439718839"/><trkpt lat="36.965157492" lon="-118.439642228"/><trkpt lat="36.965357233" lon="-118.439566288"/><trkpt lat="36.965499558" lon="-118.439542484"/><trkpt lat="36.965642301" lon="-118.439483223"/><trkpt lat="36.965863835" lon="-118.439363446"/><trkpt lat="36.965970956" lon="-118.4393124"/><trkpt lat="36.966145216" lon="-118.43921626"/><trkpt lat="36.966305478" lon="-118.439107882"/><trkpt lat="36.966511169" lon="-118.4389384"/><trkpt lat="36.966716945" lon="-118.438768918"/><trkpt lat="36.966892295" lon="-118.438648386"/><trkpt lat="36.967147356" lon="-118.438504636"/><trkpt lat="36.96737241" lon="-118.438378908"/><trkpt lat="36.967652198" lon="-118.438247899"/><trkpt lat="36.967892339" lon="-118.4381101"/><trkpt lat="36.967978003" lon="-118.438006416"/><trkpt lat="36.968053607" lon="-118.437914969"/><trkpt lat="36.968128961" lon="-118.437848333"/><trkpt lat="36.968194004" lon="-118.437812375"/><trkpt lat="36.96829333" lon="-118.437814303"/><trkpt lat="36.968312021" lon="-118.437913712"/><trkpt lat="36.968251336" lon="-118.437999208"/><trkpt lat="36.968185287" lon="-118.438121751"/><trkpt lat="36.968114208" lon="-118.438250413"/><trkpt lat="36.968072969" lon="-118.43837346"/><trkpt lat="36.968056792" lon="-118.438478401"/><trkpt lat="36.96811555" lon="-118.438547635"/><trkpt lat="36.968219737" lon="-118.438555766"/><trkpt lat="36.968319733" lon="-118.438501954"/><trkpt lat="36.96839978" lon="-118.438460128"/><trkpt lat="36.968479492" lon="-118.438436827"/><trkpt lat="36.968533974" lon="-118.438450238"/><trkpt lat="36.968577979" lon="-118.438513018"/><trkpt lat="36.968522659" lon="-118.438567668"/><trkpt lat="36.968452418" lon="-118.438622067"/><trkpt lat="36.968416711" lon="-118.438701862"/><trkpt lat="36.968475888" lon="-118.438740168"/><trkpt lat="36.968545038" lon="-118.438772354"/><trkpt lat="36.968604214" lon="-118.438804457"/><trkpt lat="36.968643107" lon="-118.438873272"/><trkpt lat="36.968626929" lon="-118.438978214"/><trkpt lat="36.968546798" lon="-118.439032445"/><trkpt lat="36.968441354" lon="-118.439129507"/><trkpt lat="36.968366336" lon="-118.439171417"/><trkpt lat="36.968270782" lon="-118.439262444"/><trkpt lat="36.968149999" lon="-118.439396387"/><trkpt lat="36.968054445" lon="-118.439487498"/><trkpt lat="36.967953779" lon="-118.439596966"/><trkpt lat="36.967858644" lon="-118.439663351"/><trkpt lat="36.967778094" lon="-118.439748427"/><trkpt lat="36.967747165" lon="-118.439840712"/><trkpt lat="36.967786057" lon="-118.439909611"/><trkpt lat="36.967861075" lon="-118.439867618"/><trkpt lat="36.967945648" lon="-118.439856889"/><trkpt lat="36.968000801" lon="-118.439820763"/><trkpt lat="36.968051009" lon="-118.439772148"/><trkpt lat="36.9681013" lon="-118.439723616"/><trkpt lat="36.968146395" lon="-118.439693525"/><trkpt lat="36.968150586" lon="-118.439755468"/><trkpt lat="36.96810524" lon="-118.439810369"/><trkpt lat="36.968064588" lon="-118.439883878"/><trkpt lat="36.968029048" lon="-118.439945066"/><trkpt lat="36.967978841" lon="-118.439987479"/><trkpt lat="36.967918826" lon="-118.440023521"/><trkpt lat="36.967868702" lon="-118.440059731"/><trkpt lat="36.967833331" lon="-118.440108597"/><trkpt lat="36.967852358" lon="-118.440176994"/><trkpt lat="36.967906673" lon="-118.440209012"/><trkpt lat="36.967981104" lon="-118.440216556"/><trkpt lat="36.968041286" lon="-118.440168193"/><trkpt lat="36.968116388" lon="-118.44012008"/><trkpt lat="36.968186209" lon="-118.440096611"/><trkpt lat="36.96825075" lon="-118.440097868"/><trkpt lat="36.968235075" lon="-118.440165678"/><trkpt lat="36.968204565" lon="-118.440220831"/><trkpt lat="36.968184197" lon="-118.440263746"/><trkpt lat="36.968123848" lon="-118.440324515"/><trkpt lat="36.968058301" lon="-118.440403808"/><trkpt lat="36.968007842" lon="-118.440464744"/><trkpt lat="36.967957299" lon="-118.440538086"/><trkpt lat="36.967896866" lon="-118.440605057"/><trkpt lat="36.967836684" lon="-118.440653421"/><trkpt lat="36.967805754" lon="-118.440745706"/><trkpt lat="36.967860153" lon="-118.440765319"/><trkpt lat="36.967924526" lon="-118.440785101"/><trkpt lat="36.967998706" lon="-118.440811252"/><trkpt lat="36.968059475" lon="-118.440713352"/><trkpt lat="36.96816978" lon="-118.440634897"/><trkpt lat="36.968284864" lon="-118.440562813"/><trkpt lat="36.968379999" lon="-118.440502714"/><trkpt lat="36.968454849" lon="-118.440473126"/><trkpt lat="36.968519557" lon="-118.440461978"/><trkpt lat="36.968479073" lon="-118.440523166"/><trkpt lat="36.968433559" lon="-118.440590389"/><trkpt lat="36.96838838" lon="-118.440632885"/><trkpt lat="36.968343453" lon="-118.440650571"/><trkpt lat="36.968278158" lon="-118.440705054"/><trkpt lat="36.968242368" lon="-118.440791052"/><trkpt lat="36.968246391" lon="-118.440865399"/><trkpt lat="36.968326103" lon="-118.440848384"/><trkpt lat="36.968415957" lon="-118.440812929"/><trkpt lat="36.968496256" lon="-118.440746292"/><trkpt lat="36.968581332" lon="-118.440692229"/><trkpt lat="36.968595413" lon="-118.440760542"/><trkpt lat="36.968559287" lon="-118.44087135"/><trkpt lat="36.968523329" lon="-118.44096967"/><trkpt lat="36.968482845" lon="-118.441030858"/><trkpt lat="36.96854244" lon="-118.441031948"/><trkpt lat="36.968612932" lon="-118.440959025"/><trkpt lat="36.968678227" lon="-118.44089834"/><trkpt lat="36.968753999" lon="-118.440794488"/><trkpt lat="36.968828598" lon="-118.440789711"/><trkpt lat="36.968892887" lon="-118.440809492"/><trkpt lat="36.968937144" lon="-118.440847462"/><trkpt lat="36.968911411" lon="-118.440921307"/><trkpt lat="36.968880985" lon="-118.440970257"/><trkpt lat="36.968830274" lon="-118.441056004"/><trkpt lat="36.968760118" lon="-118.441110402"/><trkpt lat="36.96870463" lon="-118.441177458"/><trkpt lat="36.968748719" lon="-118.441227749"/><trkpt lat="36.968798172" lon="-118.441247279"/><trkpt lat="36.96889272" lon="-118.441236718"/><trkpt lat="36.968956757" lon="-118.441281226"/><trkpt lat="36.968936222" lon="-118.441336546"/><trkpt lat="36.968865562" lon="-118.441428076"/><trkpt lat="36.9688146" lon="-118.441532347"/><trkpt lat="36.968813259" lon="-118.441643743"/><trkpt lat="36.968842177" lon="-118.441712391"/><trkpt lat="36.968901856" lon="-118.441707361"/><trkpt lat="36.968976874" lon="-118.441671655"/><trkpt lat="36.969036553" lon="-118.441660339"/><trkpt lat="36.969106039" lon="-118.441667883"/><trkpt lat="36.969179716" lon="-118.441737369"/><trkpt lat="36.969278036" lon="-118.441825882"/><trkpt lat="36.969369985" lon="-118.442025706"/><trkpt lat="36.969387252" lon="-118.442236511"/><trkpt lat="36.969389683" lon="-118.442447064"/><trkpt lat="36.96936789" lon="-118.442607662"/><trkpt lat="36.969306869" lon="-118.442724086"/><trkpt lat="36.969192121" lon="-118.442765241"/><trkpt lat="36.969087096" lon="-118.442818969"/><trkpt lat="36.969040241" lon="-118.442997672"/><trkpt lat="36.969068488" lon="-118.443121975"/><trkpt lat="36.969161276" lon="-118.443259941"/><trkpt lat="36.969199246" lon="-118.443403104"/><trkpt lat="36.969187092" lon="-118.443582393"/><trkpt lat="36.96919933" lon="-118.443805436"/><trkpt lat="36.969266385" lon="-118.444011044"/><trkpt lat="36.969398567" lon="-118.444168288"/><trkpt lat="36.969576683" lon="-118.444227381"/><trkpt lat="36.969780447" lon="-118.444225034"/><trkpt lat="36.969939368" lon="-118.444228051"/><trkpt lat="36.970092589" lon="-118.444286641"/><trkpt lat="36.970191244" lon="-118.444350427"/><trkpt lat="36.970315296" lon="-118.444358977"/><trkpt lat="36.970384866" lon="-118.444354115"/><trkpt lat="36.970533896" lon="-118.444356881"/><trkpt lat="36.97067773" lon="-118.444378171"/><trkpt lat="36.97080614" lon="-118.444436342"/><trkpt lat="36.970928852" lon="-118.444562489"/><trkpt lat="36.971025998" lon="-118.444743874"/><trkpt lat="36.971070003" lon="-118.444800451"/><trkpt lat="36.971159438" lon="-118.444795925"/><trkpt lat="36.971373763" lon="-118.44473809"/><trkpt lat="36.971603008" lon="-118.444680506"/><trkpt lat="36.97181222" lon="-118.444634909"/><trkpt lat="36.972006513" lon="-118.44458906"/><trkpt lat="36.972235171" lon="-118.444574811"/><trkpt lat="36.97237012" lon="-118.444509264"/><trkpt lat="36.972570531" lon="-118.444364425"/><trkpt lat="36.972800782" lon="-118.444226375"/><trkpt lat="36.972986273" lon="-118.444081368"/><trkpt lat="36.97321225" lon="-118.443887495"/><trkpt lat="36.973392628" lon="-118.443754725"/><trkpt lat="36.973637631" lon="-118.443629332"/><trkpt lat="36.973712649" lon="-118.443587339"/><trkpt lat="36.973821949" lon="-118.443583231"/><trkpt lat="36.974077262" lon="-118.443420874"/><trkpt lat="36.974272728" lon="-118.443282237"/><trkpt lat="36.974447574" lon="-118.443198837"/><trkpt lat="36.974647567" lon="-118.443097332"/><trkpt lat="36.97482409" lon="-118.44287781"/><trkpt lat="36.974960631" lon="-118.442676058"/><trkpt lat="36.975031709" lon="-118.442553598"/><trkpt lat="36.975200353" lon="-118.442575308"/><trkpt lat="36.975447787" lon="-118.442654265"/><trkpt lat="36.975586172" lon="-118.442712603"/><trkpt lat="36.975870654" lon="-118.442867836"/><trkpt lat="36.976272147" lon="-118.443012508"/><trkpt lat="36.976697948" lon="-118.443172853"/><trkpt lat="36.977272276" lon="-118.443183666"/><trkpt lat="36.977493642" lon="-118.443065984"/><trkpt lat="36.97795758" lon="-118.443105211"/><trkpt lat="36.978554791" lon="-118.4432384"/><trkpt lat="36.979077403" lon="-118.443476781"/><trkpt lat="36.979538742" lon="-118.44372916"/><trkpt lat="36.979830349" lon="-118.44387182"/><trkpt lat="36.980206529" lon="-118.444092181"/><trkpt lat="36.980387997" lon="-118.444247916"/><trkpt lat="36.980703995" lon="-118.444390995"/><trkpt lat="36.981045725" lon="-118.444427876"/><trkpt lat="36.981460461" lon="-118.444496691"/><trkpt lat="36.981838988" lon="-118.444519071"/><trkpt lat="36.982072843" lon="-118.444386385"/><trkpt lat="36.982268142" lon="-118.444405328"/><trkpt lat="36.982643567" lon="-118.444686625"/><trkpt lat="36.982860155" lon="-118.444964904"/><trkpt lat="36.983065261" lon="-118.445182079"/><trkpt lat="36.983549232" lon="-118.445587261"/><trkpt lat="36.983972434" lon="-118.445960926"/><trkpt lat="36.984299747" lon="-118.446180364"/><trkpt lat="36.984699061" lon="-118.446507845"/><trkpt lat="36.985025788" lon="-118.446772965"/><trkpt lat="36.985413115" lon="-118.447085023"/><trkpt lat="36.985801868" lon="-118.447275208"/><trkpt lat="36.986178216" lon="-118.447480313"/><trkpt lat="36.986652296" lon="-118.447687346"/><trkpt lat="36.987054041" lon="-118.447816847"/><trkpt lat="36.987417061" lon="-118.448113147"/><trkpt lat="36.98796222" lon="-118.448504414"/><trkpt lat="36.98849489" lon="-118.448925773"/><trkpt lat="36.988956565" lon="-118.449147809"/><trkpt lat="36.989369961" lon="-118.449323243"/><trkpt lat="36.98958965" lon="-118.449342689"/><trkpt lat="36.989905145" lon="-118.449531449"/><trkpt lat="36.990480311" lon="-118.449466238"/><trkpt lat="36.991043156" lon="-118.449415946"/><trkpt lat="36.991508016" lon="-118.449379066"/><trkpt lat="36.99193323" lon="-118.449585177"/><trkpt lat="36.992103718" lon="-118.449634127"/><trkpt lat="36.9922846" lon="-118.449835628"/><trkpt lat="36.992806792" lon="-118.45010452"/><trkpt lat="36.993208369" lon="-118.450249275"/><trkpt lat="36.993525121" lon="-118.450331502"/><trkpt lat="36.993720587" lon="-118.45033519"/><trkpt lat="36.993928123" lon="-118.450354384"/><trkpt lat="36.994160302" lon="-118.450358827"/><trkpt lat="36.994368341" lon="-118.450332256"/><trkpt lat="36.994710658" lon="-118.450323539"/><trkpt lat="36.995003521" lon="-118.450359581"/><trkpt lat="36.995319938" lon="-118.450472234"/><trkpt lat="36.995660746" lon="-118.45058539"/><trkpt lat="36.996037848" lon="-118.450729642"/><trkpt lat="36.996415621" lon="-118.450812958"/><trkpt lat="36.996805882" lon="-118.450881355"/><trkpt lat="36.997085586" lon="-118.450993337"/><trkpt lat="36.997464197" lon="-118.451015716"/><trkpt lat="36.997817578" lon="-118.451098613"/><trkpt lat="36.998255616" lon="-118.451259378"/><trkpt lat="36.998669347" lon="-118.451404301"/><trkpt lat="36.99918123" lon="-118.451520726"/><trkpt lat="36.999558331" lon="-118.451664979"/><trkpt lat="36.999789001" lon="-118.451791294"/><trkpt lat="37.000020426" lon="-118.451856673"/><trkpt lat="37.000349164" lon="-118.451954322"/><trkpt lat="37.000543708" lon="-118.452034201"/><trkpt lat="37.000712771" lon="-118.452205025"/><trkpt lat="37.000957103" lon="-118.452209719"/><trkpt lat="37.001201687" lon="-118.452199074"/><trkpt lat="37.001372343" lon="-118.452232853"/><trkpt lat="37.001479883" lon="-118.452432929"/><trkpt lat="37.001612233" lon="-118.452603081"/><trkpt lat="37.001866791" lon="-118.452775581"/><trkpt lat="37.002170887" lon="-118.452887982"/><trkpt lat="37.002499122" lon="-118.453031396"/><trkpt lat="37.00280305" lon="-118.453159053"/><trkpt lat="37.003142936" lon="-118.4533484"/><trkpt lat="37.003604863" lon="-118.453555265"/><trkpt lat="37.003981378" lon="-118.453745367"/><trkpt lat="37.004308775" lon="-118.453949634"/><trkpt lat="37.00459904" lon="-118.454198996"/><trkpt lat="37.004988547" lon="-118.454328328"/><trkpt lat="37.005281076" lon="-118.454394881"/><trkpt lat="37.00570629" lon="-118.454601076"/><trkpt lat="37.006107951" lon="-118.45473066"/><trkpt lat="37.006448423" lon="-118.454874242"/><trkpt lat="37.006776994" lon="-118.45498723"/><trkpt lat="37.007190725" lon="-118.455132237"/><trkpt lat="37.007629266" lon="-118.45524732"/><trkpt lat="37.00806764" lon="-118.455377575"/><trkpt lat="37.008430995" lon="-118.455643533"/><trkpt lat="37.008846989" lon="-118.455605814"/><trkpt lat="37.00920146" lon="-118.455597349"/><trkpt lat="37.009616531" lon="-118.455635738"/><trkpt lat="37.009994891" lon="-118.455673456"/><trkpt lat="37.010199828" lon="-118.455905886"/><trkpt lat="37.010438964" lon="-118.456337135"/><trkpt lat="37.010678099" lon="-118.456768384"/><trkpt lat="37.010917403" lon="-118.457184462"/><trkpt lat="37.011025529" lon="-118.457338857"/><trkpt lat="37.011278495" lon="-118.457633313"/><trkpt lat="37.01155602" lon="-118.457928104"/><trkpt lat="37.011820888" lon="-118.458253238"/><trkpt lat="37.012086678" lon="-118.458502097"/><trkpt lat="37.012364874" lon="-118.458736036"/><trkpt lat="37.012656648" lon="-118.458863525"/><trkpt lat="37.01294817" lon="-118.459006269"/><trkpt lat="37.013179343" lon="-118.459086902"/><trkpt lat="37.013385035" lon="-118.45925848"/><trkpt lat="37.013415629" lon="-118.459358225"/><trkpt lat="37.013463657" lon="-118.459482696"/><trkpt lat="37.013466088" lon="-118.459596774"/><trkpt lat="37.013491988" lon="-118.459654273"/><trkpt lat="37.013553008" lon="-118.459650669"/><trkpt lat="37.013603048" lon="-118.459608844"/><trkpt lat="37.013607826" lon="-118.45952821"/><trkpt lat="37.013619896" lon="-118.459476158"/><trkpt lat="37.013669098" lon="-118.459500885"/><trkpt lat="37.01372928" lon="-118.459568527"/><trkpt lat="37.013819637" lon="-118.459655782"/><trkpt lat="37.013952406" lon="-118.459696351"/><trkpt lat="37.014216688" lon="-118.459669361"/><trkpt lat="37.014454314" lon="-118.459661566"/><trkpt lat="37.0148113" lon="-118.459594427"/><trkpt lat="37.015138194" lon="-118.459563665"/><trkpt lat="37.015453773" lon="-118.459656034"/><trkpt lat="37.015876388" lon="-118.459886285"/><trkpt lat="37.016319288" lon="-118.460079823"/><trkpt lat="37.01662397" lon="-118.46024612"/><trkpt lat="37.017027643" lon="-118.460414261"/><trkpt lat="37.017352441" lon="-118.460556166"/><trkpt lat="37.017718311" lon="-118.460575528"/><trkpt lat="37.018094072" lon="-118.460595058"/><trkpt lat="37.018489446" lon="-118.460627329"/><trkpt lat="37.018894712" lon="-118.460659767"/><trkpt lat="37.019272484" lon="-118.460518951"/><trkpt lat="37.019561324" lon="-118.460364053"/><trkpt lat="37.019711863" lon="-118.460194236"/><trkpt lat="37.019783109" lon="-118.460035147"/><trkpt lat="37.019971367" lon="-118.460014109"/><trkpt lat="37.020120816" lon="-118.459930541"/><trkpt lat="37.020249562" lon="-118.45992065"/><trkpt lat="37.020349223" lon="-118.459860887"/><trkpt lat="37.020399766" lon="-118.459775476"/><trkpt lat="37.020271439" lon="-118.459748318"/><trkpt lat="37.020183597" lon="-118.459647903"/><trkpt lat="37.02013582" lon="-118.459511278"/><trkpt lat="37.02017664" lon="-118.459413378"/><trkpt lat="37.020286359" lon="-118.459341377"/><trkpt lat="37.020436144" lon="-118.45923325"/><trkpt lat="37.020557094" lon="-118.459050441"/><trkpt lat="37.020648206" lon="-118.45887945"/><trkpt lat="37.020770414" lon="-118.458597902"/><trkpt lat="37.020948948" lon="-118.458564375"/><trkpt lat="37.021196885" lon="-118.458519699"/><trkpt lat="37.021386065" lon="-118.458424648"/><trkpt lat="37.021546494" lon="-118.458254915"/><trkpt lat="37.021726202" lon="-118.458122648"/><trkpt lat="37.021786803" lon="-118.458025083"/><trkpt lat="37.021886297" lon="-118.457977641"/><trkpt lat="37.022065753" lon="-118.457870018"/><trkpt lat="37.022315199" lon="-118.457701961"/><trkpt lat="37.022644188" lon="-118.457498532"/><trkpt lat="37.022923641" lon="-118.457306419"/><trkpt lat="37.023192868" lon="-118.457138781"/><trkpt lat="37.023560666" lon="-118.456997713"/><trkpt lat="37.023917902" lon="-118.456918169"/><trkpt lat="37.024146309" lon="-118.456848515"/><trkpt lat="37.024405058" lon="-118.456730079"/><trkpt lat="37.024673028" lon="-118.456661096"/><trkpt lat="37.025069995" lon="-118.456569985"/><trkpt lat="37.025388507" lon="-118.456415674"/><trkpt lat="37.025709283" lon="-118.456076207"/><trkpt lat="37.026038943" lon="-118.455823408"/><trkpt lat="37.026387714" lon="-118.455620231"/><trkpt lat="37.026616037" lon="-118.455562899"/><trkpt lat="37.026727265" lon="-118.455367601"/><trkpt lat="37.027008059" lon="-118.455064427"/><trkpt lat="37.027337048" lon="-118.454860914"/><trkpt lat="37.027714821" lon="-118.454720015"/><trkpt lat="37.028052947" lon="-118.454578361"/><trkpt lat="37.028349247" lon="-118.454621108"/><trkpt lat="37.028628867" lon="-118.45441659"/><trkpt lat="37.029027091" lon="-118.454214418"/><trkpt lat="37.0294342" lon="-118.454098748"/><trkpt lat="37.029732093" lon="-118.45401803"/><trkpt lat="37.029868634" lon="-118.454022054"/><trkpt lat="37.030038703" lon="-118.454048038"/><trkpt lat="37.030169293" lon="-118.454061951"/><trkpt lat="37.030329471" lon="-118.454144681"/><trkpt lat="37.030462492" lon="-118.454215508"/><trkpt lat="37.030567685" lon="-118.454316091"/><trkpt lat="37.030587634" lon="-118.454430336"/><trkpt lat="37.030619401" lon="-118.454563692"/><trkpt lat="37.030632561" lon="-118.454734683"/><trkpt lat="37.030659132" lon="-118.454799727"/><trkpt lat="37.030702466" lon="-118.454736024"/><trkpt lat="37.030730965" lon="-118.4546455"/><trkpt lat="37.030765163" lon="-118.454589257"/><trkpt lat="37.030799026" lon="-118.454551958"/><trkpt lat="37.030817633" lon="-118.45452195"/><trkpt lat="37.030829033" lon="-118.454586659"/><trkpt lat="37.030855687" lon="-118.454644075"/><trkpt lat="37.030867087" lon="-118.454708867"/><trkpt lat="37.03088494" lon="-118.454743316"/><trkpt lat="37.030921988" lon="-118.454698473"/><trkpt lat="37.030940931" lon="-118.454641979"/><trkpt lat="37.030951157" lon="-118.454547264"/><trkpt lat="37.030955013" lon="-118.454482891"/><trkpt lat="37.030982841" lon="-118.454445424"/><trkpt lat="37.031031707" lon="-118.454431174"/><trkpt lat="37.031043274" lon="-118.454480795"/><trkpt lat="37.03106029" lon="-118.454579702"/><trkpt lat="37.031073868" lon="-118.454716578"/><trkpt lat="37.031092979" lon="-118.454891425"/><trkpt lat="37.031112006" lon="-118.455077754"/><trkpt lat="37.031124998" lon="-118.455256289"/><trkpt lat="37.031185683" lon="-118.455519229"/><trkpt lat="37.031181827" lon="-118.455834053"/><trkpt lat="37.031169003" lon="-118.456133539"/><trkpt lat="37.031141426" lon="-118.456398575"/><trkpt lat="37.031138828" lon="-118.4566072"/><trkpt lat="37.031098092" lon="-118.456955468"/><trkpt lat="37.030998599" lon="-118.457382275"/><trkpt lat="37.030947302" lon="-118.45759375"/><trkpt lat="37.030908074" lon="-118.457816876"/><trkpt lat="37.030847054" lon="-118.45807747"/><trkpt lat="37.030767761" lon="-118.458345355"/><trkpt lat="37.030707747" lon="-118.458526321"/><trkpt lat="37.030593166" lon="-118.458691025"/><trkpt lat="37.030460732" lon="-118.45882128"/><trkpt lat="37.030325197" lon="-118.45896285"/><trkpt lat="37.030217992" lon="-118.459021524"/><trkpt lat="37.030126043" lon="-118.459080448"/><trkpt lat="37.030009199" lon="-118.459180696"/><trkpt lat="37.029929068" lon="-118.459262587"/><trkpt lat="37.029843321" lon="-118.45931028"/><trkpt lat="37.029715246" lon="-118.459334336"/><trkpt lat="37.029599324" lon="-118.459366271"/><trkpt lat="37.029465213" lon="-118.459386472"/><trkpt lat="37.029388938" lon="-118.459407762"/><trkpt lat="37.029309394" lon="-118.459440451"/><trkpt lat="37.029382065" lon="-118.459472135"/><trkpt lat="37.029439565" lon="-118.459496023"/><trkpt lat="37.029502932" lon="-118.459531395"/><trkpt lat="37.029554229" lon="-118.459566515"/><trkpt lat="37.029584404" lon="-118.459589817"/><trkpt lat="37.029556576" lon="-118.459627284"/><trkpt lat="37.02951978" lon="-118.459649328"/><trkpt lat="37.029458843" lon="-118.459655782"/><trkpt lat="37.029373683" lon="-118.459654106"/><trkpt lat="37.029297659" lon="-118.459656453"/><trkpt lat="37.029221719" lon="-118.459643628"/><trkpt lat="37.029188275" lon="-118.459642958"/><trkpt lat="37.02925466" lon="-118.459689729"/><trkpt lat="37.029300006" lon="-118.459713366"/><trkpt lat="37.029375527" lon="-118.459756617"/><trkpt lat="37.029445181" lon="-118.459776901"/><trkpt lat="37.029508799" lon="-118.459800873"/><trkpt lat="37.029578369" lon="-118.459828785"/><trkpt lat="37.029529251" lon="-118.459865749"/><trkpt lat="37.029501591" lon="-118.459887961"/><trkpt lat="37.029449875" lon="-118.459890811"/><trkpt lat="37.029370833" lon="-118.459885446"/><trkpt lat="37.029307131" lon="-118.459876645"/><trkpt lat="37.029236974" lon="-118.459890475"/><trkpt lat="37.029185006" lon="-118.459912268"/><trkpt lat="37.029227251" lon="-118.459935822"/><trkpt lat="37.029269831" lon="-118.459940432"/><trkpt lat="37.029312328" lon="-118.459945042"/><trkpt lat="37.029351555" lon="-118.459972367"/><trkpt lat="37.029403187" lon="-118.459977144"/><trkpt lat="37.029448617" lon="-118.459993238"/><trkpt lat="37.02950025" lon="-118.459998015"/><trkpt lat="37.029548865" lon="-118.460006481"/><trkpt lat="37.02953604" lon="-118.460059371"/><trkpt lat="37.029490108" lon="-118.460081248"/><trkpt lat="37.029435122" lon="-118.460102957"/><trkpt lat="37.029364966" lon="-118.460116787"/><trkpt lat="37.029301012" lon="-118.460126929"/><trkpt lat="37.029239908" lon="-118.460148554"/><trkpt lat="37.029178971" lon="-118.460154925"/><trkpt lat="37.029139074" lon="-118.460180741"/><trkpt lat="37.029153658" lon="-118.460230362"/><trkpt lat="37.029220546" lon="-118.460235475"/><trkpt lat="37.029278213" lon="-118.46024788"/><trkpt lat="37.029323895" lon="-118.46024503"/><trkpt lat="37.029375443" lon="-118.46025358"/><trkpt lat="37.029421041" lon="-118.460254418"/><trkpt lat="37.029481977" lon="-118.460248047"/><trkpt lat="37.029570239" lon="-118.460245952"/><trkpt lat="37.029649531" lon="-118.460228518"/><trkpt lat="37.029768387" lon="-118.460207982"/><trkpt lat="37.029887326" lon="-118.46018753"/><trkpt lat="37.030000398" lon="-118.460144196"/><trkpt lat="37.030110117" lon="-118.460123492"/><trkpt lat="37.03021355" lon="-118.460125504"/><trkpt lat="37.030277252" lon="-118.460138077"/><trkpt lat="37.030255208" lon="-118.460198343"/><trkpt lat="37.030221177" lon="-118.460247042"/><trkpt lat="37.030175161" lon="-118.460280318"/><trkpt lat="37.03010492" lon="-118.46029792"/><trkpt lat="37.030046917" lon="-118.460319545"/><trkpt lat="37.029997464" lon="-118.46038308"/><trkpt lat="37.029959997" lon="-118.460462037"/><trkpt lat="37.029974582" lon="-118.460511658"/><trkpt lat="37.030026717" lon="-118.46047855"/><trkpt lat="37.030093521" lon="-118.460483579"/><trkpt lat="37.030154625" lon="-118.460462037"/><trkpt lat="37.03027063" lon="-118.460430102"/><trkpt lat="37.030353276" lon="-118.460389953"/><trkpt lat="37.030466432" lon="-118.460338991"/><trkpt lat="37.030573301" lon="-118.460306888"/><trkpt lat="37.030701544" lon="-118.460267661"/><trkpt lat="37.030894915" lon="-118.460187027"/><trkpt lat="37.031140421" lon="-118.460122822"/><trkpt lat="37.031345945" lon="-118.460097257"/><trkpt lat="37.031521127" lon="-118.459972618"/><trkpt lat="37.031663703" lon="-118.459926182"/><trkpt lat="37.031908454" lon="-118.459920986"/><trkpt lat="37.032066286" lon="-118.459924003"/><trkpt lat="37.032112638" lon="-118.459926266"/><trkpt lat="37.032165192" lon="-118.459946467"/><trkpt lat="37.032186901" lon="-118.459974378"/><trkpt lat="37.032151362" lon="-118.4600012"/><trkpt lat="37.032126635" lon="-118.460036404"/><trkpt lat="37.032097718" lon="-118.460060544"/><trkpt lat="37.032099478" lon="-118.460101783"/><trkpt lat="37.032130072" lon="-118.460116116"/><trkpt lat="37.032169634" lon="-118.460125085"/><trkpt lat="37.032242389" lon="-118.460118296"/><trkpt lat="37.032324197" lon="-118.46008963"/><trkpt lat="37.032410363" lon="-118.460069345"/><trkpt lat="37.032505246" lon="-118.460051911"/><trkpt lat="37.032683697" lon="-118.460044367"/><trkpt lat="37.032866841" lon="-118.460017629"/><trkpt lat="37.033008495" lon="-118.459959961"/><trkpt lat="37.033087872" lon="-118.459947724"/><trkpt lat="37.033178397" lon="-118.459932972"/><trkpt lat="37.033239836" lon="-118.459947892"/><trkpt lat="37.03327504" lon="-118.459948562"/><trkpt lat="37.033245871" lon="-118.45999198"/><trkpt lat="37.033230113" lon="-118.460024586"/><trkpt lat="37.033201028" lon="-118.46005979"/><trkpt lat="37.033158699" lon="-118.460102873"/><trkpt lat="37.033125255" lon="-118.460135227"/><trkpt lat="37.033162387" lon="-118.460160624"/><trkpt lat="37.03324805" lon="-118.460176047"/><trkpt lat="37.033311836" lon="-118.460182752"/><trkpt lat="37.033434883" lon="-118.460201612"/><trkpt lat="37.033564802" lon="-118.460206809"/><trkpt lat="37.033679131" lon="-118.460219968"/><trkpt lat="37.033804441" lon="-118.460238911"/><trkpt lat="37.033903515" lon="-118.460240755"/><trkpt lat="37.03402237" lon="-118.460243018"/><trkpt lat="37.034161091" lon="-118.460245701"/><trkpt lat="37.034264524" lon="-118.460250478"/><trkpt lat="37.034337111" lon="-118.460257351"/><trkpt lat="37.034383379" lon="-118.460252741"/><trkpt lat="37.034423025" lon="-118.460253496"/><trkpt lat="37.034402657" lon="-118.460299764"/><trkpt lat="37.034391258" lon="-118.460332537"/><trkpt lat="37.034360077" lon="-118.460356677"/><trkpt lat="37.034322526" lon="-118.460369669"/><trkpt lat="37.034258405" lon="-118.46038769"/><trkpt lat="37.034205431" lon="-118.460400347"/><trkpt lat="37.034154469" lon="-118.460426917"/><trkpt lat="37.034118762" lon="-118.46046187"/><trkpt lat="37.034098562" lon="-118.460494475"/><trkpt lat="37.034098143" lon="-118.460530182"/><trkpt lat="37.034131084" lon="-118.460533535"/><trkpt lat="37.034183806" lon="-118.460545521"/><trkpt lat="37.034271816" lon="-118.460549964"/><trkpt lat="37.034357814" lon="-118.460543426"/><trkpt lat="37.034413135" lon="-118.460519705"/><trkpt lat="37.034477005" lon="-118.460518196"/><trkpt lat="37.034547413" lon="-118.460525069"/><trkpt lat="37.034487315" lon="-118.460578881"/><trkpt lat="37.034471557" lon="-118.460603273"/><trkpt lat="37.034433838" lon="-118.460627245"/><trkpt lat="37.034393772" lon="-118.460662197"/><trkpt lat="37.034364939" lon="-118.460680889"/><trkpt lat="37.034329148" lon="-118.46072414"/><trkpt lat="37.034368878" lon="-118.460719446"/><trkpt lat="37.034404166" lon="-118.46071735"/><trkpt lat="37.034474574" lon="-118.460721457"/><trkpt lat="37.034531906" lon="-118.460714249"/><trkpt lat="37.034613378" lon="-118.460713075"/><trkpt lat="37.034679512" lon="-118.460706118"/><trkpt lat="37.034756457" lon="-118.460718608"/><trkpt lat="37.034795685" lon="-118.460755069"/><trkpt lat="37.034834577" lon="-118.460810725"/><trkpt lat="37.034853436" lon="-118.460893538"/><trkpt lat="37.034835247" lon="-118.460937124"/><trkpt lat="37.034808593" lon="-118.460953049"/><trkpt lat="37.034746651" lon="-118.460976603"/><trkpt lat="37.034698119" lon="-118.460986661"/><trkpt lat="37.034647325" lon="-118.460996719"/><trkpt lat="37.03462922" lon="-118.461034773"/><trkpt lat="37.034655288" lon="-118.461062768"/><trkpt lat="37.034705831" lon="-118.461074755"/><trkpt lat="37.034760648" lon="-118.461094955"/><trkpt lat="37.034826446" lon="-118.461118257"/><trkpt lat="37.034870116" lon="-118.461146504"/><trkpt lat="37.034898195" lon="-118.461191012"/><trkpt lat="37.034877911" lon="-118.461229065"/><trkpt lat="37.034838181" lon="-118.461233843"/><trkpt lat="37.034798367" lon="-118.461252283"/><trkpt lat="37.034738772" lon="-118.461259408"/><trkpt lat="37.034699125" lon="-118.461264102"/><trkpt lat="37.034692252" lon="-118.461283213"/><trkpt lat="37.034707339" lon="-118.461310957"/><trkpt lat="37.034744555" lon="-118.461325457"/><trkpt lat="37.034806078" lon="-118.461337611"/><trkpt lat="37.034854358" lon="-118.461352279"/><trkpt lat="37.034856286" lon="-118.46137424"/><trkpt lat="37.034827285" lon="-118.461406678"/><trkpt lat="37.034796104" lon="-118.461430818"/><trkpt lat="37.034749584" lon="-118.461454622"/><trkpt lat="37.034703149" lon="-118.461470213"/><trkpt lat="37.034676662" lon="-118.461477924"/><trkpt lat="37.034634501" lon="-118.46149913"/><trkpt lat="37.034594519" lon="-118.461528551"/><trkpt lat="37.034572056" lon="-118.461563839"/><trkpt lat="37.034582784" lon="-118.461591499"/><trkpt lat="37.03460902" lon="-118.461605748"/><trkpt lat="37.034655036" lon="-118.461625865"/><trkpt lat="37.034707842" lon="-118.461624105"/><trkpt lat="37.034784788" lon="-118.461636594"/><trkpt lat="37.034875145" lon="-118.461632822"/><trkpt lat="37.034937087" lon="-118.461609269"/><trkpt lat="37.035053596" lon="-118.461628044"/><trkpt lat="37.035198519" lon="-118.461660985"/><trkpt lat="37.035312764" lon="-118.461679677"/><trkpt lat="37.035439918" lon="-118.461726028"/><trkpt lat="37.035534382" lon="-118.461747151"/><trkpt lat="37.035611328" lon="-118.461754108"/><trkpt lat="37.035708474" lon="-118.461736757"/><trkpt lat="37.035772428" lon="-118.461729717"/><trkpt lat="37.035836382" lon="-118.461722676"/><trkpt lat="37.035895893" lon="-118.461715635"/><trkpt lat="37.035948364" lon="-118.461749582"/><trkpt lat="37.035969906" lon="-118.461785708"/><trkpt lat="37.035951968" lon="-118.461815547"/><trkpt lat="37.035905365" lon="-118.461842118"/><trkpt lat="37.035847781" lon="-118.461868521"/><trkpt lat="37.035772344" lon="-118.461913783"/><trkpt lat="37.035716772" lon="-118.461959381"/><trkpt lat="37.035709312" lon="-118.462025179"/><trkpt lat="37.035682574" lon="-118.462052085"/><trkpt lat="37.035633959" lon="-118.462064909"/><trkpt lat="37.03558526" lon="-118.462088713"/><trkpt lat="37.035509655" lon="-118.462144956"/><trkpt lat="37.0354628" lon="-118.462196253"/><trkpt lat="37.035451066" lon="-118.462250903"/><trkpt lat="37.035488114" lon="-118.462284598"/><trkpt lat="37.035536226" lon="-118.462310247"/><trkpt lat="37.035602024" lon="-118.462336231"/><trkpt lat="37.035625745" lon="-118.462372441"/><trkpt lat="37.035598755" lon="-118.462421307"/><trkpt lat="37.035554331" lon="-118.462450728"/><trkpt lat="37.035520971" lon="-118.462480232"/><trkpt lat="37.035467578" lon="-118.462520465"/><trkpt lat="37.035420975" lon="-118.462552484"/><trkpt lat="37.035339" lon="-118.462589364"/><trkpt lat="37.035283679" lon="-118.462610319"/><trkpt lat="37.035241602" lon="-118.462631442"/><trkpt lat="37.035159627" lon="-118.462673854"/><trkpt lat="37.035092991" lon="-118.462716518"/><trkpt lat="37.035033228" lon="-118.462742837"/><trkpt lat="37.034977488" lon="-118.462802181"/><trkpt lat="37.03491739" lon="-118.462847695"/><trkpt lat="37.034877492" lon="-118.462874433"/><trkpt lat="37.034870535" lon="-118.462901758"/><trkpt lat="37.034890065" lon="-118.462926904"/><trkpt lat="37.034914121" lon="-118.462935537"/><trkpt lat="37.034953767" lon="-118.462939057"/><trkpt lat="37.035004226" lon="-118.46295381"/><trkpt lat="37.035037" lon="-118.462973675"/><trkpt lat="37.035060804" lon="-118.463009801"/><trkpt lat="37.035077987" lon="-118.463043077"/><trkpt lat="37.035057787" lon="-118.463072916"/><trkpt lat="37.035024595" lon="-118.463085992"/><trkpt lat="37.034982601" lon="-118.463098984"/><trkpt lat="37.034951337" lon="-118.463131338"/><trkpt lat="37.034905069" lon="-118.463138631"/><trkpt lat="37.034876402" lon="-118.463140894"/><trkpt lat="37.034849916" lon="-118.463145839"/><trkpt lat="37.034842959" lon="-118.463170398"/><trkpt lat="37.034846814" lon="-118.463214487"/><trkpt lat="37.034868272" lon="-118.463261593"/><trkpt lat="37.034909511" lon="-118.463311801"/><trkpt lat="37.03496852" lon="-118.463348597"/><trkpt lat="37.035034066" lon="-118.463388328"/><trkpt lat="37.035093242" lon="-118.463411462"/><trkpt lat="37.03513029" lon="-118.463445157"/><trkpt lat="37.0351608" lon="-118.46347047"/><trkpt lat="37.035173792" lon="-118.463489916"/><trkpt lat="37.035177732" lon="-118.463522941"/><trkpt lat="37.035157448" lon="-118.463560995"/><trkpt lat="37.035139594" lon="-118.463585386"/><trkpt lat="37.035130374" lon="-118.463618159"/><trkpt lat="37.035140852" lon="-118.463656884"/><trkpt lat="37.03516474" lon="-118.463690244"/><trkpt lat="37.035204219" lon="-118.463699296"/><trkpt lat="37.035243781" lon="-118.463708265"/><trkpt lat="37.035307232" lon="-118.463739697"/><trkpt lat="37.035366492" lon="-118.463754617"/><trkpt lat="37.035419215" lon="-118.463766603"/><trkpt lat="37.035527425" lon="-118.463778589"/><trkpt lat="37.035642928" lon="-118.463780768"/><trkpt lat="37.035771422" lon="-118.463807926"/><trkpt lat="37.035873765" lon="-118.46380583"/><trkpt lat="37.035988932" lon="-118.463836843"/><trkpt lat="37.036100915" lon="-118.463863749"/><trkpt lat="37.03619957" lon="-118.46389032"/><trkpt lat="37.03628188" lon="-118.463912532"/><trkpt lat="37.036377434" lon="-118.463930804"/><trkpt lat="37.036456726" lon="-118.463924099"/><trkpt lat="37.036522608" lon="-118.46393357"/><trkpt lat="37.036562087" lon="-118.46394673"/><trkpt lat="37.036584634" lon="-118.463996602"/><trkpt lat="37.036554376" lon="-118.464037171"/><trkpt lat="37.03652068" lon="-118.464094168"/><trkpt lat="37.036457565" lon="-118.464125935"/><trkpt lat="37.036397634" lon="-118.46416181"/><trkpt lat="37.036321107" lon="-118.464213861"/><trkpt lat="37.036238126" lon="-118.4642494"/><trkpt lat="37.036185069" lon="-118.46426893"/><trkpt lat="37.036118684" lon="-118.4642924"/><trkpt lat="37.036065543" lon="-118.464320144"/><trkpt lat="37.036035284" lon="-118.464364903"/><trkpt lat="37.036041236" lon="-118.46441444"/><trkpt lat="37.036087252" lon="-118.464435898"/><trkpt lat="37.036169479" lon="-118.46445811"/><trkpt lat="37.036235444" lon="-118.464463474"/><trkpt lat="37.036307864" lon="-118.464485435"/><trkpt lat="37.03639688" lon="-118.464495409"/><trkpt lat="37.036498971" lon="-118.464513849"/><trkpt lat="37.036591088" lon="-118.464540336"/><trkpt lat="37.036699718" lon="-118.464567158"/><trkpt lat="37.036794936" lon="-118.464610158"/><trkpt lat="37.036873894" lon="-118.464636393"/><trkpt lat="37.036969448" lon="-118.464646451"/><trkpt lat="37.037038766" lon="-118.464651899"/><trkpt lat="37.037130967" lon="-118.464670172"/><trkpt lat="37.037203303" lon="-118.46469624"/><trkpt lat="37.037285781" lon="-118.464701939"/><trkpt lat="37.037358368" lon="-118.464707471"/><trkpt lat="37.037456604" lon="-118.464771174"/><trkpt lat="37.037535561" lon="-118.464797325"/><trkpt lat="37.037588451" lon="-118.464790117"/><trkpt lat="37.037638575" lon="-118.464737562"/><trkpt lat="37.037698422" lon="-118.464705795"/><trkpt lat="37.037751228" lon="-118.464710908"/><trkpt lat="37.037796993" lon="-118.464748878"/><trkpt lat="37.037829263" lon="-118.464807132"/><trkpt lat="37.037861282" lon="-118.464890113"/><trkpt lat="37.037917022" lon="-118.464920036"/><trkpt lat="37.038005786" lon="-118.464950547"/><trkpt lat="37.038065046" lon="-118.464964041"/><trkpt lat="37.038144087" lon="-118.464977955"/><trkpt lat="37.038213322" lon="-118.464987511"/><trkpt lat="37.038262691" lon="-118.465000838"/><trkpt lat="37.038295465" lon="-118.465017937"/><trkpt lat="37.038301583" lon="-118.46505926"/><trkpt lat="37.038297644" lon="-118.465108545"/><trkpt lat="37.038309714" lon="-118.465203512"/><trkpt lat="37.038322287" lon="-118.465257324"/><trkpt lat="37.038355144" lon="-118.465266209"/><trkpt lat="37.038394958" lon="-118.465250451"/><trkpt lat="37.038477603" lon="-118.465243829"/><trkpt lat="37.038567206" lon="-118.465204351"/><trkpt lat="37.038796954" lon="-118.465174008"/><trkpt lat="37.039198782" lon="-118.465168895"/><trkpt lat="37.03942501" lon="-118.465198902"/><trkpt lat="37.039568089" lon="-118.465291606"/><trkpt lat="37.039692141" lon="-118.46525548"/><trkpt lat="37.039898755" lon="-118.465208039"/><trkpt lat="37.040125569" lon="-118.465186665"/><trkpt lat="37.040342828" lon="-118.465113826"/><trkpt lat="37.040672153" lon="-118.465133021"/><trkpt lat="37.04104322" lon="-118.465114413"/><trkpt lat="37.041240195" lon="-118.465015423"/><trkpt lat="37.041415125" lon="-118.4650316"/><trkpt lat="37.041600281" lon="-118.465048028"/><trkpt lat="37.041764567" lon="-118.46508977"/><trkpt lat="37.042143848" lon="-118.465238381"/><trkpt lat="37.042461019" lon="-118.465411551"/><trkpt lat="37.042706609" lon="-118.46554474"/><trkpt lat="37.042902578" lon="-118.465522863"/><trkpt lat="37.043046914" lon="-118.465512805"/><trkpt lat="37.043107934" lon="-118.465578184"/><trkpt lat="37.043137439" lon="-118.465694441"/><trkpt lat="37.043280937" lon="-118.465748588"/><trkpt lat="37.043465003" lon="-118.465854954"/><trkpt lat="37.043565502" lon="-118.46606249"/><trkpt lat="37.043780163" lon="-118.466195092"/><trkpt lat="37.043993901" lon="-118.466404807"/><trkpt lat="37.044136981" lon="-118.466497511"/><trkpt lat="37.044192804" lon="-118.466541683"/><trkpt lat="37.044245861" lon="-118.466582336"/><trkpt lat="37.044322807" lon="-118.466613516"/><trkpt lat="37.044392042" lon="-118.466632208"/><trkpt lat="37.044421714" lon="-118.466640171"/><trkpt lat="37.044467144" lon="-118.466650899"/><trkpt lat="37.044578204" lon="-118.466655593"/><trkpt lat="37.044617683" lon="-118.466671184"/><trkpt lat="37.044667136" lon="-118.466681996"/><trkpt lat="37.044698568" lon="-118.466709824"/><trkpt lat="37.044715835" lon="-118.466754751"/><trkpt lat="37.044697646" lon="-118.466784088"/><trkpt lat="37.044659508" lon="-118.466820465"/><trkpt lat="37.044625562" lon="-118.466837145"/><trkpt lat="37.044597147" lon="-118.466891041"/><trkpt lat="37.044616342" lon="-118.46694083"/><trkpt lat="37.044659676" lon="-118.466966478"/><trkpt lat="37.044721115" lon="-118.466970082"/><trkpt lat="37.044792278" lon="-118.466986343"/><trkpt lat="37.044839719" lon="-118.466999587"/><trkpt lat="37.044906775" lon="-118.467035545"/><trkpt lat="37.044945918" lon="-118.467075862"/><trkpt lat="37.044947343" lon="-118.467122968"/><trkpt lat="37.044940302" lon="-118.4672119"/><trkpt lat="37.044941057" lon="-118.467310891"/><trkpt lat="37.044957653" lon="-118.467412647"/><trkpt lat="37.044982463" lon="-118.467487413"/><trkpt lat="37.045051195" lon="-118.467545584"/><trkpt lat="37.045104504" lon="-118.467568886"/><trkpt lat="37.04513602" lon="-118.467581877"/><trkpt lat="37.045139372" lon="-118.467631415"/><trkpt lat="37.045140713" lon="-118.467685897"/><trkpt lat="37.045149514" lon="-118.467775164"/><trkpt lat="37.04518497" lon="-118.467800561"/><trkpt lat="37.045244314" lon="-118.467809195"/><trkpt lat="37.045293851" lon="-118.467817577"/><trkpt lat="37.045339281" lon="-118.467828305"/><trkpt lat="37.045368785" lon="-118.467851188"/><trkpt lat="37.045384124" lon="-118.467891086"/><trkpt lat="37.045355877" lon="-118.467932576"/><trkpt lat="37.045321763" lon="-118.467964092"/><trkpt lat="37.045283709" lon="-118.467995524"/><trkpt lat="37.045267364" lon="-118.468032321"/><trkpt lat="37.045284547" lon="-118.468087139"/><trkpt lat="37.045323858" lon="-118.46811262"/><trkpt lat="37.045383034" lon="-118.46814095"/><trkpt lat="37.045610771" lon="-118.46817255"/><trkpt lat="37.045858875" lon="-118.468160061"/><trkpt lat="37.046072949" lon="-118.468171628"/><trkpt lat="37.046247292" lon="-118.468187302"/><trkpt lat="37.04641141" lon="-118.468230134"/><trkpt lat="37.04652247" lon="-118.46824212"/><trkpt lat="37.046602936" lon="-118.468259554"/><trkpt lat="37.046667812" lon="-118.468160229"/><trkpt lat="37.046740651" lon="-118.4681034"/><trkpt lat="37.04689756" lon="-118.468116978"/><trkpt lat="37.047016164" lon="-118.468129886"/><trkpt lat="37.047138792" lon="-118.468169281"/><trkpt lat="37.047248343" lon="-118.468229631"/><trkpt lat="37.047328474" lon="-118.468273552"/><trkpt lat="37.047417071" lon="-118.46831236"/><trkpt lat="37.047480606" lon="-118.468324095"/><trkpt lat="37.047508098" lon="-118.468359718"/><trkpt lat="37.047516732" lon="-118.468386121"/><trkpt lat="37.047501644" lon="-118.468397101"/><trkpt lat="37.04748203" lon="-118.468400454"/><trkpt lat="37.047452023" lon="-118.468403639"/><trkpt lat="37.047433751" lon="-118.468420068"/><trkpt lat="37.047437858" lon="-118.468455775"/><trkpt lat="37.047453867" lon="-118.468493493"/><trkpt lat="37.047488317" lon="-118.468501624"/><trkpt lat="37.047554282" lon="-118.468502965"/><trkpt lat="37.047608346" lon="-118.468500199"/><trkpt lat="37.047764501" lon="-118.468499528"/><trkpt lat="37.047972707" lon="-118.468529703"/><trkpt lat="37.048090808" lon="-118.468563817"/><trkpt lat="37.048271941" lon="-118.468606649"/><trkpt lat="37.048373697" lon="-118.468627352"/><trkpt lat="37.048449973" lon="-118.468649397"/><trkpt lat="37.048482494" lon="-118.468687451"/><trkpt lat="37.048487943" lon="-118.468732545"/><trkpt lat="37.04846045" lon="-118.468773197"/><trkpt lat="37.048418121" lon="-118.468794823"/><trkpt lat="37.048372943" lon="-118.468810832"/><trkpt lat="37.048333464" lon="-118.468847461"/><trkpt lat="37.048355509" lon="-118.468881575"/><trkpt lat="37.048400184" lon="-118.468910577"/><trkpt lat="37.048526751" lon="-118.468993474"/><trkpt lat="37.048590537" lon="-118.469056506"/><trkpt lat="37.048621131" lon="-118.469130099"/><trkpt lat="37.048698245" lon="-118.469204614"/><trkpt lat="37.048903517" lon="-118.469258426"/><trkpt lat="37.049107701" lon="-118.469290696"/><trkpt lat="37.049265867" lon="-118.469364624"/><trkpt lat="37.049417915" lon="-118.469473924"/><trkpt lat="37.049529981" lon="-118.469603676"/><trkpt lat="37.049665013" lon="-118.469712641"/><trkpt lat="37.049778253" lon="-118.469743235"/><trkpt lat="37.049919404" lon="-118.469816828"/><trkpt lat="37.049998194" lon="-118.469882123"/><trkpt lat="37.050082935" lon="-118.469919255"/><trkpt lat="37.050106237" lon="-118.469877094"/><trkpt lat="37.050084108" lon="-118.469827054"/><trkpt lat="37.050027782" lon="-118.469783468"/><trkpt lat="37.050000122" lon="-118.46972622"/><trkpt lat="37.049989561" lon="-118.469662182"/><trkpt lat="37.050068937" lon="-118.46967794"/><trkpt lat="37.05015921" lon="-118.469729321"/><trkpt lat="37.050277814" lon="-118.469788246"/><trkpt lat="37.050424414" lon="-118.469876172"/><trkpt lat="37.050554585" lon="-118.469921267"/><trkpt lat="37.05063371" lon="-118.469953118"/><trkpt lat="37.050761282" lon="-118.469997458"/><trkpt lat="37.050891789" lon="-118.470053282"/><trkpt lat="37.051062025" lon="-118.470106088"/><trkpt lat="37.051210469" lon="-118.470188901"/><trkpt lat="37.051377185" lon="-118.470279677"/><trkpt lat="37.051498219" lon="-118.470358131"/><trkpt lat="37.051609699" lon="-118.470474472"/><trkpt lat="37.051648339" lon="-118.470558962"/><trkpt lat="37.051657476" lon="-118.470806563"/><trkpt lat="37.051798711" lon="-118.470980572"/><trkpt lat="37.051995769" lon="-118.471079562"/><trkpt lat="37.052244125" lon="-118.471232783"/><trkpt lat="37.05246482" lon="-118.471396985"/><trkpt lat="37.052770341" lon="-118.47160846"/><trkpt lat="37.053075526" lon="-118.471846506"/><trkpt lat="37.053329917" lon="-118.471996123"/><trkpt lat="37.053490095" lon="-118.472124785"/><trkpt lat="37.053624792" lon="-118.472332992"/><trkpt lat="37.05375622" lon="-118.472560141"/><trkpt lat="37.053842973" lon="-118.472695006"/><trkpt lat="37.053915896" lon="-118.472723085"/><trkpt lat="37.053989321" lon="-118.472709255"/><trkpt lat="37.054108344" lon="-118.472703975"/><trkpt lat="37.054273551" lon="-118.472669106"/><trkpt lat="37.054442279" lon="-118.472839845"/><trkpt lat="37.054574378" lon="-118.473013686"/><trkpt lat="37.054897249" lon="-118.473301688"/><trkpt lat="37.055198327" lon="-118.473623469"/><trkpt lat="37.055474846" lon="-118.473960003"/><trkpt lat="37.055803081" lon="-118.474556375"/><trkpt lat="37.055984214" lon="-118.474959629"/><trkpt lat="37.056161156" lon="-118.475454161"/><trkpt lat="37.056350335" lon="-118.475697655"/><trkpt lat="37.056504562" lon="-118.475807207"/><trkpt lat="37.056584442" lon="-118.476006696"/><trkpt lat="37.056691647" lon="-118.476221943"/><trkpt lat="37.056748392" lon="-118.476314479"/><trkpt lat="37.05675669" lon="-118.476383127"/><trkpt lat="37.056719894" lon="-118.476401484"/><trkpt lat="37.056661807" lon="-118.476407938"/><trkpt lat="37.056612521" lon="-118.476448841"/><trkpt lat="37.05661051" lon="-118.47661254"/><trkpt lat="37.056660801" lon="-118.476739107"/><trkpt lat="37.056789966" lon="-118.476901464"/><trkpt lat="37.056913935" lon="-118.47698763"/><trkpt lat="37.057052488" lon="-118.477134984"/><trkpt lat="37.057131445" lon="-118.477406809"/><trkpt lat="37.057195399" lon="-118.4776669"/><trkpt lat="37.057247953" lon="-118.477850715"/><trkpt lat="37.057252815" lon="-118.477953561"/><trkpt lat="37.057215096" lon="-118.478044169"/><trkpt lat="37.057217192" lon="-118.478120361"/><trkpt lat="37.057274608" lon="-118.47816336"/><trkpt lat="37.057365719" lon="-118.478195546"/><trkpt lat="37.057462698" lon="-118.478246927"/><trkpt lat="37.057567975" lon="-118.478370812"/><trkpt lat="37.057668557" lon="-118.478380367"/><trkpt lat="37.05776629" lon="-118.478370896"/><trkpt lat="37.057832759" lon="-118.478421606"/><trkpt lat="37.057857821" lon="-118.478616318"/><trkpt lat="37.057940969" lon="-118.47879678"/><trkpt lat="37.05814356" lon="-118.478945391"/><trkpt lat="37.058316059" lon="-118.479059134"/><trkpt lat="37.058363082" lon="-118.479200955"/><trkpt lat="37.058458468" lon="-118.479381753"/><trkpt lat="37.058613701" lon="-118.479415197"/><trkpt lat="37.058657454" lon="-118.479572106"/><trkpt lat="37.058713194" lon="-118.479755921"/><trkpt lat="37.058831211" lon="-118.480078038"/><trkpt lat="37.058858788" lon="-118.480310803"/><trkpt lat="37.059007147" lon="-118.480648678"/><trkpt lat="37.059129858" lon="-118.480837606"/><trkpt lat="37.059231447" lon="-118.481254522"/><trkpt lat="37.059358517" lon="-118.481588205"/><trkpt lat="37.059562532" lon="-118.481862461"/><trkpt lat="37.059744084" lon="-118.481983999"/><trkpt lat="37.059892025" lon="-118.482108722"/><trkpt lat="37.060016412" lon="-118.482168233"/><trkpt lat="37.060032506" lon="-118.482343666"/><trkpt lat="37.060066452" lon="-118.482553717"/><trkpt lat="37.060177177" lon="-118.482727222"/><trkpt lat="37.060228223" lon="-118.482792936"/><trkpt lat="37.060274323" lon="-118.483014638"/><trkpt lat="37.060394688" lon="-118.483146401"/><trkpt lat="37.060513459" lon="-118.483164003"/><trkpt lat="37.060579509" lon="-118.483248996"/><trkpt lat="37.06060675" lon="-118.483516043"/><trkpt lat="37.060654946" lon="-118.48381008"/><trkpt lat="37.060682019" lon="-118.484084755"/><trkpt lat="37.060718229" lon="-118.484359514"/><trkpt lat="37.060758462" lon="-118.484558333"/><trkpt lat="37.060806993" lon="-118.484821944"/><trkpt lat="37.060813699" lon="-118.485020008"/><trkpt lat="37.060785955" lon="-118.485038532"/><trkpt lat="37.060749745" lon="-118.485011123"/><trkpt lat="37.060716888" lon="-118.484953456"/><trkpt lat="37.060665591" lon="-118.484906768"/><trkpt lat="37.060638266" lon="-118.484898554"/><trkpt lat="37.060622508" lon="-118.484940128"/><trkpt lat="37.060609348" lon="-118.485012213"/><trkpt lat="37.060578754" lon="-118.485019254"/><trkpt lat="37.060542461" lon="-118.484991845"/><trkpt lat="37.060512705" lon="-118.484934177"/><trkpt lat="37.060454786" lon="-118.484933088"/><trkpt lat="37.060381444" lon="-118.48493929"/><trkpt lat="37.060347581" lon="-118.484965274"/><trkpt lat="37.060343223" lon="-118.485067952"/><trkpt lat="37.060353952" lon="-118.485186137"/><trkpt lat="37.060360657" lon="-118.485384285"/><trkpt lat="37.060362417" lon="-118.485487048"/><trkpt lat="37.060364932" lon="-118.485529041"/><trkpt lat="37.060372476" lon="-118.485658625"/><trkpt lat="37.060375912" lon="-118.485868089"/><trkpt lat="37.060334589" lon="-118.486004295"/><trkpt lat="37.060332159" lon="-118.48619842"/><trkpt lat="37.060344983" lon="-118.486392796"/><trkpt lat="37.060306007" lon="-118.486582395"/><trkpt lat="37.060278263" lon="-118.486844497"/><trkpt lat="37.060229816" lon="-118.487060582"/><trkpt lat="37.060201485" lon="-118.487505913"/><trkpt lat="37.060179692" lon="-118.488027351"/><trkpt lat="37.06021213" lon="-118.488473939"/><trkpt lat="37.060298128" lon="-118.488893118"/><trkpt lat="37.060386976" lon="-118.489084644"/><trkpt lat="37.060506502" lon="-118.489257731"/><trkpt lat="37.060611276" lon="-118.489392595"/><trkpt lat="37.060608007" lon="-118.489648746"/><trkpt lat="37.060582861" lon="-118.48983801"/><trkpt lat="37.060504658" lon="-118.49000724"/><trkpt lat="37.06042612" lon="-118.490204969"/><trkpt lat="37.060507005" lon="-118.490424827"/><trkpt lat="37.060596608" lon="-118.490559356"/><trkpt lat="37.060678331" lon="-118.490712829"/><trkpt lat="37.060704147" lon="-118.490850711"/><trkpt lat="37.060720325" lon="-118.491022624"/><trkpt lat="37.06071387" lon="-118.491289336"/><trkpt lat="37.06065746" lon="-118.491406431"/><trkpt lat="37.060579928" lon="-118.491492597"/><trkpt lat="37.060496947" lon="-118.491532914"/><trkpt lat="37.060386389" lon="-118.491580356"/><trkpt lat="37.060288405" lon="-118.491597455"/><trkpt lat="37.060211794" lon="-118.491615057"/><trkpt lat="37.060134849" lon="-118.491655458"/><trkpt lat="37.060091011" lon="-118.491738439"/><trkpt lat="37.060068548" lon="-118.491825694"/><trkpt lat="37.060070224" lon="-118.491940107"/><trkpt lat="37.060035188" lon="-118.492049994"/><trkpt lat="37.059997385" lon="-118.49214077"/><trkpt lat="37.059935024" lon="-118.492242442"/><trkpt lat="37.059879368" lon="-118.492290974"/><trkpt lat="37.059839973" lon="-118.492267253"/><trkpt lat="37.059804015" lon="-118.492209418"/><trkpt lat="37.059758753" lon="-118.492162731"/><trkpt lat="37.05971634" lon="-118.492139094"/><trkpt lat="37.059682393" lon="-118.492161222"/><trkpt lat="37.059675604" lon="-118.492214531"/><trkpt lat="37.059680969" lon="-118.492275635"/><trkpt lat="37.059662277" lon="-118.492301954"/><trkpt lat="37.059637634" lon="-118.492320478"/><trkpt lat="37.059613327" lon="-118.492308576"/><trkpt lat="37.059592707" lon="-118.492250992"/><trkpt lat="37.059556497" lon="-118.492212184"/><trkpt lat="37.059513666" lon="-118.492215117"/><trkpt lat="37.059473265" lon="-118.492271528"/><trkpt lat="37.059408892" lon="-118.492285525"/><trkpt lat="37.059356924" lon="-118.492292147"/><trkpt lat="37.059325911" lon="-118.492325842"/><trkpt lat="37.059309818" lon="-118.492394155"/><trkpt lat="37.059272267" lon="-118.492462048"/><trkpt lat="37.059219712" lon="-118.49251058"/><trkpt lat="37.0591457" lon="-118.492566319"/><trkpt lat="37.059090296" lon="-118.492599512"/><trkpt lat="37.059040926" lon="-118.492636643"/><trkpt lat="37.058978816" lon="-118.492711661"/><trkpt lat="37.05892249" lon="-118.492821129"/><trkpt lat="37.05888167" lon="-118.492908049"/><trkpt lat="37.058835234" lon="-118.492956664"/><trkpt lat="37.058782429" lon="-118.493024306"/><trkpt lat="37.058726773" lon="-118.493076526"/><trkpt lat="37.058693245" lon="-118.493072083"/><trkpt lat="37.058648318" lon="-118.49299497"/><trkpt lat="37.058618981" lon="-118.492899081"/><trkpt lat="37.058592746" lon="-118.49279942"/><trkpt lat="37.058569109" lon="-118.492734125"/><trkpt lat="37.058563661" lon="-118.492684504"/><trkpt lat="37.058520829" lon="-118.492687438"/><trkpt lat="37.058480764" lon="-118.492713338"/><trkpt lat="37.058422342" lon="-118.492742758"/><trkpt lat="37.058348246" lon="-118.49280227"/><trkpt lat="37.058277335" lon="-118.492858093"/><trkpt lat="37.05819075" lon="-118.492940236"/><trkpt lat="37.058101064" lon="-118.493022379"/><trkpt lat="37.058039205" lon="-118.493082142"/><trkpt lat="37.057965109" lon="-118.493145509"/><trkpt lat="37.057894114" lon="-118.493201248"/><trkpt lat="37.057832675" lon="-118.493226729"/><trkpt lat="37.057796298" lon="-118.493206948"/><trkpt lat="37.057769727" lon="-118.49313017"/><trkpt lat="37.057758244" lon="-118.493068982"/><trkpt lat="37.057731003" lon="-118.493049368"/><trkpt lat="37.057693955" lon="-118.49308298"/><trkpt lat="37.057662942" lon="-118.493116675"/><trkpt lat="37.057610471" lon="-118.493157579"/><trkpt lat="37.057552217" lon="-118.493179288"/><trkpt lat="37.057498991" lon="-118.493277356"/><trkpt lat="37.057455573" lon="-118.493329911"/><trkpt lat="37.057418022" lon="-118.493397804"/><trkpt lat="37.057386087" lon="-118.493511546"/><trkpt lat="37.057353649" lon="-118.493655799"/><trkpt lat="37.057330431" lon="-118.493803991"/><trkpt lat="37.057295311" lon="-118.493925277"/><trkpt lat="37.057257928" lon="-118.493981771"/><trkpt lat="37.057199255" lon="-118.494030135"/><trkpt lat="37.057143683" lon="-118.494078666"/><trkpt lat="37.057072939" lon="-118.494115379"/><trkpt lat="37.05702927" lon="-118.494183104"/><trkpt lat="37.057015607" lon="-118.494301038"/><trkpt lat="37.056993395" lon="-118.494361639"/><trkpt lat="37.056941176" lon="-118.494387288"/><trkpt lat="37.056924244" lon="-118.494520392"/><trkpt lat="37.056925753" lon="-118.494638577"/><trkpt lat="37.056842018" lon="-118.494736059"/><trkpt lat="37.05675208" lon="-118.494844856"/><trkpt lat="37.056661891" lon="-118.494968908"/><trkpt lat="37.05653457" lon="-118.495130343"/><trkpt lat="37.056420576" lon="-118.495204272"/><trkpt lat="37.056368943" lon="-118.495184239"/><trkpt lat="37.056332482" lon="-118.495164458"/><trkpt lat="37.056268193" lon="-118.495178455"/><trkpt lat="37.056209352" lon="-118.495238302"/><trkpt lat="37.056168281" lon="-118.49534425"/><trkpt lat="37.056133915" lon="-118.495408371"/><trkpt lat="37.056090999" lon="-118.49541516"/><trkpt lat="37.05607038" lon="-118.495357577"/><trkpt lat="37.056065351" lon="-118.495269734"/><trkpt lat="37.056026291" lon="-118.495219443"/><trkpt lat="37.055974156" lon="-118.495229837"/><trkpt lat="37.055924367" lon="-118.495305106"/><trkpt lat="37.055853037" lon="-118.495387584"/><trkpt lat="37.055790676" lon="-118.495485485"/><trkpt lat="37.055719849" lon="-118.495533681"/><trkpt lat="37.055621278" lon="-118.495592689"/><trkpt lat="37.055535363" lon="-118.495625295"/><trkpt lat="37.055458333" lon="-118.495677179"/><trkpt lat="37.05535599" lon="-118.495797124"/><trkpt lat="37.055271836" lon="-118.495928971"/><trkpt lat="37.055209558" lon="-118.496015389"/><trkpt lat="37.055149795" lon="-118.496151427"/><trkpt lat="37.055086847" lon="-118.49630272"/><trkpt lat="37.055027839" lon="-118.496373966"/><trkpt lat="37.05494687" lon="-118.496498186"/><trkpt lat="37.054850645" lon="-118.496618299"/><trkpt lat="37.054757606" lon="-118.496727012"/><trkpt lat="37.054643445" lon="-118.496812424"/><trkpt lat="37.054535402" lon="-118.496901775"/><trkpt lat="37.054491565" lon="-118.496984839"/><trkpt lat="37.054490307" lon="-118.497087685"/><trkpt lat="37.054528948" lon="-118.497172343"/><trkpt lat="37.054613857" lon="-118.497223556"/><trkpt lat="37.054729611" lon="-118.497248702"/><trkpt lat="37.054863973" lon="-118.497255156"/><trkpt lat="37.054970926" lon="-118.497257335"/><trkpt lat="37.055102438" lon="-118.497244595"/><trkpt lat="37.055227915" lon="-118.497231854"/><trkpt lat="37.055307208" lon="-118.497241074"/><trkpt lat="37.055364624" lon="-118.497287929"/><trkpt lat="37.055378705" lon="-118.497387338"/><trkpt lat="37.055386417" lon="-118.497501835"/><trkpt lat="37.055419022" lon="-118.497582553"/><trkpt lat="37.05551005" lon="-118.49763385"/><trkpt lat="37.055570735" lon="-118.497665618"/><trkpt lat="37.055646423" lon="-118.497720435"/><trkpt lat="37.05567576" lon="-118.497820096"/><trkpt lat="37.055662014" lon="-118.497938029"/><trkpt lat="37.055639802" lon="-118.498002402"/><trkpt lat="37.05560267" lon="-118.498039786"/><trkpt lat="37.055566376" lon="-118.498008605"/><trkpt lat="37.055536872" lon="-118.497927971"/><trkpt lat="37.055503847" lon="-118.497877764"/><trkpt lat="37.055464536" lon="-118.497850271"/><trkpt lat="37.055433355" lon="-118.497895449"/><trkpt lat="37.055402342" lon="-118.497936772"/><trkpt lat="37.055395553" lon="-118.497986142"/><trkpt lat="37.055385662" lon="-118.498043139"/><trkpt lat="37.055364205" lon="-118.498050347"/><trkpt lat="37.055318691" lon="-118.498026626"/><trkpt lat="37.055285834" lon="-118.497968791"/><trkpt lat="37.055262197" lon="-118.497903496"/><trkpt lat="37.055241158" lon="-118.497872567"/><trkpt lat="37.055213582" lon="-118.497879691"/><trkpt lat="37.05520059" lon="-118.497940376"/><trkpt lat="37.055199752" lon="-118.498009024"/><trkpt lat="37.055202015" lon="-118.498070044"/><trkpt lat="37.055198327" lon="-118.498119498"/><trkpt lat="37.055173935" lon="-118.498119079"/><trkpt lat="37.055140492" lon="-118.498103153"/><trkpt lat="37.055116771" lon="-118.498049257"/><trkpt lat="37.055080477" lon="-118.498018077"/><trkpt lat="37.055040831" lon="-118.498013467"/><trkpt lat="37.055007135" lon="-118.498020424"/><trkpt lat="37.054970171" lon="-118.498042636"/><trkpt lat="37.054959945" lon="-118.498122431"/><trkpt lat="37.054974446" lon="-118.498183703"/><trkpt lat="37.054988947" lon="-118.49824883"/><trkpt lat="37.055012919" lon="-118.498283615"/><trkpt lat="37.055021469" lon="-118.498337176"/><trkpt lat="37.054987689" lon="-118.498347905"/><trkpt lat="37.054945277" lon="-118.498320412"/><trkpt lat="37.054909067" lon="-118.498285376"/><trkpt lat="37.054845281" lon="-118.498253608"/><trkpt lat="37.054769006" lon="-118.498244472"/><trkpt lat="37.054711003" lon="-118.498243382"/><trkpt lat="37.054634141" lon="-118.498279927"/><trkpt lat="37.05455753" lon="-118.498293674"/><trkpt lat="37.054490224" lon="-118.498300044"/><trkpt lat="37.05442057" lon="-118.498252854"/><trkpt lat="37.054375056" lon="-118.498225277"/><trkpt lat="37.054323424" lon="-118.498205245"/><trkpt lat="37.054295931" lon="-118.498204658"/><trkpt lat="37.05425025" lon="-118.498192336"/><trkpt lat="37.054210184" lon="-118.498218236"/><trkpt lat="37.054212363" lon="-118.49829074"/><trkpt lat="37.054214207" lon="-118.49838227"/><trkpt lat="37.054192163" lon="-118.49843516"/><trkpt lat="37.054152684" lon="-118.498415379"/><trkpt lat="37.054079929" lon="-118.498368189"/><trkpt lat="37.054019412" lon="-118.49832125"/><trkpt lat="37.053973647" lon="-118.498316556"/><trkpt lat="37.053983873" lon="-118.498348743"/><trkpt lat="37.054007091" lon="-118.498372044"/><trkpt lat="37.054022513" lon="-118.49839191"/><trkpt lat="37.054043217" lon="-118.498406913"/><trkpt lat="37.054057298" lon="-118.498426778"/><trkpt lat="37.054068781" lon="-118.49844656"/><trkpt lat="37.054071128" lon="-118.498467766"/><trkpt lat="37.054062998" lon="-118.498488804"/><trkpt lat="37.054047408" lon="-118.498486876"/><trkpt lat="37.054027962" lon="-118.498478327"/><trkpt lat="37.054001894" lon="-118.498469694"/><trkpt lat="37.05397591" lon="-118.498459384"/><trkpt lat="37.053944813" lon="-118.498445721"/><trkpt lat="37.053903071" lon="-118.498443291"/><trkpt lat="37.053875579" lon="-118.498447649"/><trkpt lat="37.053860994" lon="-118.498463659"/><trkpt lat="37.053863341" lon="-118.498488134"/><trkpt lat="37.053877423" lon="-118.498511184"/><trkpt lat="37.053899383" lon="-118.49852954"/><trkpt lat="37.053926541" lon="-118.498547981"/><trkpt lat="37.053949591" lon="-118.498584274"/><trkpt lat="37.053953195" lon="-118.49860548"/><trkpt lat="37.053941293" lon="-118.498619897"/><trkpt lat="37.053909861" lon="-118.498627441"/><trkpt lat="37.053888906" lon="-118.498631967"/><trkpt lat="37.053862838" lon="-118.49863138"/><trkpt lat="37.05383677" lon="-118.498627609"/><trkpt lat="37.05380802" lon="-118.498628698"/><trkpt lat="37.053784635" lon="-118.498621741"/><trkpt lat="37.053771643" lon="-118.498614952"/><trkpt lat="37.053759824" lon="-118.498617969"/><trkpt lat="37.053757058" lon="-118.49863423"/><trkpt lat="37.053767368" lon="-118.498644205"/><trkpt lat="37.053784216" lon="-118.498654263"/><trkpt lat="37.053803662" lon="-118.49866122"/><trkpt lat="37.053824533" lon="-118.498668093"/><trkpt lat="37.053849259" lon="-118.498671865"/><trkpt lat="37.053876501" lon="-118.498685444"/><trkpt lat="37.053894438" lon="-118.498708578"/><trkpt lat="37.053896701" lon="-118.498737914"/><trkpt lat="37.05388329" lon="-118.498767"/><trkpt lat="37.053862168" lon="-118.498789379"/><trkpt lat="37.053846326" lon="-118.498797175"/><trkpt lat="37.053822773" lon="-118.498801617"/><trkpt lat="37.053795448" lon="-118.498801114"/><trkpt lat="37.053762842" lon="-118.498798851"/><trkpt lat="37.053727638" lon="-118.498794911"/><trkpt lat="37.053700062" lon="-118.498802455"/><trkpt lat="37.05368422" lon="-118.498821734"/><trkpt lat="37.05369059" lon="-118.498833217"/><trkpt lat="37.053707438" lon="-118.498838414"/><trkpt lat="37.053743899" lon="-118.498847298"/><trkpt lat="37.053789413" lon="-118.498862889"/><trkpt lat="37.053840039" lon="-118.498886693"/><trkpt lat="37.053904999" lon="-118.49890748"/><trkpt lat="37.053949004" lon="-118.498937655"/><trkpt lat="37.054015137" lon="-118.498971518"/><trkpt lat="37.054079929" lon="-118.499011919"/><trkpt lat="37.054149918" lon="-118.499052403"/><trkpt lat="37.054201551" lon="-118.499095738"/><trkpt lat="37.054200461" lon="-118.499186933"/><trkpt lat="37.054158719" lon="-118.499282235"/><trkpt lat="37.054148493" lon="-118.499374855"/><trkpt lat="37.054167604" lon="-118.49951366"/><trkpt lat="37.054222422" lon="-118.499615751"/><trkpt lat="37.054266259" lon="-118.499660511"/><trkpt lat="37.05434991" lon="-118.499654057"/><trkpt lat="37.054418642" lon="-118.499583732"/><trkpt lat="37.054466503" lon="-118.499514665"/><trkpt lat="37.054538419" lon="-118.499503015"/><trkpt lat="37.054605307" lon="-118.49958742"/><trkpt lat="37.05461327" lon="-118.499680459"/><trkpt lat="37.054601368" lon="-118.499794202"/><trkpt lat="37.054589549" lon="-118.499904675"/><trkpt lat="37.054586699" lon="-118.500127802"/><trkpt lat="37.054586783" lon="-118.500220589"/><trkpt lat="37.054612599" lon="-118.500245567"/><trkpt lat="37.054659287" lon="-118.500269288"/><trkpt lat="37.054696921" lon="-118.500291165"/><trkpt lat="37.054706812" lon="-118.500330476"/><trkpt lat="37.054685187" lon="-118.50038873"/><trkpt lat="37.05465233" lon="-118.500405997"/><trkpt lat="37.054609079" lon="-118.500419743"/><trkpt lat="37.054573707" lon="-118.500433741"/><trkpt lat="37.05455468" lon="-118.500488726"/><trkpt lat="37.054553423" lon="-118.500591321"/><trkpt lat="37.054566666" lon="-118.500679499"/><trkpt lat="37.054621568" lon="-118.500757115"/><trkpt lat="37.054695161" lon="-118.500838168"/><trkpt lat="37.054781578" lon="-118.500921652"/><trkpt lat="37.054830194" lon="-118.500963477"/><trkpt lat="37.054842096" lon="-118.501029611"/><trkpt lat="37.054834217" lon="-118.501081746"/><trkpt lat="37.054810412" lon="-118.501092643"/><trkpt lat="37.054770347" lon="-118.501087278"/><trkpt lat="37.054723073" lon="-118.501079567"/><trkpt lat="37.054675715" lon="-118.501080908"/><trkpt lat="37.054669932" lon="-118.501105802"/><trkpt lat="37.054693317" lon="-118.501128936"/><trkpt lat="37.054727683" lon="-118.501152406"/><trkpt lat="37.054763893" lon="-118.501166739"/><trkpt lat="37.054798258" lon="-118.501185598"/><trkpt lat="37.054825248" lon="-118.501213342"/><trkpt lat="37.054826589" lon="-118.501249803"/><trkpt lat="37.054808149" lon="-118.501269836"/><trkpt lat="37.054773532" lon="-118.501266902"/><trkpt lat="37.054742686" lon="-118.501261706"/><trkpt lat="37.054713685" lon="-118.50124754"/><trkpt lat="37.054681079" lon="-118.501237817"/><trkpt lat="37.054648222" lon="-118.501241673"/><trkpt lat="37.054633386" lon="-118.501261873"/><trkpt lat="37.054653084" lon="-118.501289533"/><trkpt lat="37.054681918" lon="-118.501312835"/><trkpt lat="37.05471796" lon="-118.501343094"/><trkpt lat="37.05474671" lon="-118.501373185"/><trkpt lat="37.05474277" lon="-118.501400342"/><trkpt lat="37.054702621" lon="-118.501404114"/><trkpt lat="37.054648055" lon="-118.501398498"/><trkpt lat="37.054611593" lon="-118.501402354"/><trkpt lat="37.054613102" lon="-118.501425069"/><trkpt lat="37.054632716" lon="-118.501459518"/><trkpt lat="37.054657862" lon="-118.501489609"/><trkpt lat="37.054650234" lon="-118.501516683"/><trkpt lat="37.054630117" lon="-118.501520874"/><trkpt lat="37.054610169" lon="-118.501515929"/><trkpt lat="37.054584855" lon="-118.501501763"/><trkpt lat="37.054561386" lon="-118.501485419"/><trkpt lat="37.054543281" lon="-118.501471421"/><trkpt lat="37.054528613" lon="-118.501482485"/><trkpt lat="37.054537414" lon="-118.501507631"/><trkpt lat="37.054553423" lon="-118.501535291"/><trkpt lat="37.054576809" lon="-118.501556162"/><trkpt lat="37.054596674" lon="-118.50157477"/><trkpt lat="37.054618048" lon="-118.501609219"/><trkpt lat="37.054622993" lon="-118.501652554"/><trkpt lat="37.054602625" lon="-118.50167485"/><trkpt lat="37.054582424" lon="-118.501688093"/><trkpt lat="37.054551747" lon="-118.501671581"/><trkpt lat="37.054533642" lon="-118.501659846"/><trkpt lat="37.054506568" lon="-118.501638891"/><trkpt lat="37.054479495" lon="-118.501620116"/><trkpt lat="37.054455942" lon="-118.501608297"/><trkpt lat="37.054443033" lon="-118.501623971"/><trkpt lat="37.054446219" lon="-118.501660433"/><trkpt lat="37.054467509" lon="-118.501706282"/><trkpt lat="37.054490559" lon="-118.501754478"/><trkpt lat="37.054539174" lon="-118.501798566"/><trkpt lat="37.054575048" lon="-118.501844751"/><trkpt lat="37.054612515" lon="-118.501904598"/><trkpt lat="37.054640427" lon="-118.50200057"/><trkpt lat="37.05463917" lon="-118.50210283"/><trkpt lat="37.054637577" lon="-118.502229983"/><trkpt lat="37.054627938" lon="-118.502411619"/><trkpt lat="37.054597596" lon="-118.502511028"/><trkpt lat="37.054572031" lon="-118.502660478"/><trkpt lat="37.05455577" lon="-118.502794253"/><trkpt lat="37.054510172" lon="-118.502938757"/><trkpt lat="37.054477064" lon="-118.502963148"/><trkpt lat="37.054404477" lon="-118.502943534"/><trkpt lat="37.054367261" lon="-118.502865499"/><trkpt lat="37.054345133" lon="-118.502742369"/><trkpt lat="37.05434354" lon="-118.502581017"/><trkpt lat="37.054354688" lon="-118.50241757"/><trkpt lat="37.054345552" lon="-118.502274239"/><trkpt lat="37.0543308" lon="-118.502146667"/><trkpt lat="37.054286124" lon="-118.502077684"/><trkpt lat="37.054239186" lon="-118.502044911"/><trkpt lat="37.054171376" lon="-118.502075337"/><trkpt lat="37.054113206" lon="-118.502215147"/><trkpt lat="37.054038774" lon="-118.502338612"/><trkpt lat="37.053966103" lon="-118.502464425"/><trkpt lat="37.053910028" lon="-118.502576994"/><trkpt lat="37.053826712" lon="-118.502686713"/><trkpt lat="37.053781534" lon="-118.502806239"/><trkpt lat="37.053735433" lon="-118.502846221"/><trkpt lat="37.053715484" lon="-118.502839012"/><trkpt lat="37.053679693" lon="-118.502792828"/><trkpt lat="37.053636694" lon="-118.502737423"/><trkpt lat="37.053600401" lon="-118.50272309"/><trkpt lat="37.053551534" lon="-118.502701716"/><trkpt lat="37.053487748" lon="-118.502700459"/><trkpt lat="37.053414322" lon="-118.50274899"/><trkpt lat="37.053385489" lon="-118.502868852"/><trkpt lat="37.053396637" lon="-118.50299634"/><trkpt lat="37.053455897" lon="-118.503061133"/><trkpt lat="37.053575423" lon="-118.503115783"/><trkpt lat="37.053613309" lon="-118.503143778"/><trkpt lat="37.053612387" lon="-118.503216449"/><trkpt lat="37.053584475" lon="-118.503265902"/><trkpt lat="37.053535022" lon="-118.503285348"/><trkpt lat="37.053491268" lon="-118.503289036"/><trkpt lat="37.053442402" lon="-118.503265399"/><trkpt lat="37.05339144" lon="-118.50325752"/><trkpt lat="37.053360343" lon="-118.503272859"/><trkpt lat="37.053356068" lon="-118.503318205"/><trkpt lat="37.053395798" lon="-118.503350811"/><trkpt lat="37.053457154" lon="-118.503390625"/><trkpt lat="37.053524377" lon="-118.503405629"/><trkpt lat="37.053550864" lon="-118.503472013"/><trkpt lat="37.053576848" lon="-118.503577122"/><trkpt lat="37.053551953" lon="-118.503672006"/><trkpt lat="37.053508451" lon="-118.503800668"/><trkpt lat="37.053496465" lon="-118.503886834"/><trkpt lat="37.053539213" lon="-118.50395808"/><trkpt lat="37.053598389" lon="-118.504032008"/><trkpt lat="37.053668713" lon="-118.504090179"/><trkpt lat="37.053735601" lon="-118.504127897"/><trkpt lat="37.053804081" lon="-118.504188331"/><trkpt lat="37.053836184" lon="-118.504241221"/><trkpt lat="37.053875243" lon="-118.504321519"/><trkpt lat="37.053889241" lon="-118.504365021"/><trkpt lat="37.053867113" lon="-118.50438958"/><trkpt lat="37.0538361" lon="-118.504391173"/><trkpt lat="37.053799639" lon="-118.504397292"/><trkpt lat="37.053748341" lon="-118.504416738"/><trkpt lat="37.053738367" lon="-118.504484715"/><trkpt lat="37.053755969" lon="-118.504537353"/><trkpt lat="37.053758735" lon="-118.504607845"/><trkpt lat="37.053743983" lon="-118.504621172"/><trkpt lat="37.053709449" lon="-118.504615976"/><trkpt lat="37.053671312" lon="-118.504606085"/><trkpt lat="37.053643903" lon="-118.504610108"/><trkpt lat="37.053641556" lon="-118.504653275"/><trkpt lat="37.053659242" lon="-118.504696777"/><trkpt lat="37.053683968" lon="-118.504758636"/><trkpt lat="37.053659577" lon="-118.504812699"/><trkpt lat="37.053626468" lon="-118.504837006"/><trkpt lat="37.053564526" lon="-118.504838012"/><trkpt lat="37.053502919" lon="-118.504816387"/><trkpt lat="37.053454304" lon="-118.504767688"/><trkpt lat="37.053389009" lon="-118.504750505"/><trkpt lat="37.053328827" lon="-118.504756121"/><trkpt lat="37.053281134" lon="-118.504777914"/><trkpt lat="37.053265544" lon="-118.504859386"/><trkpt lat="37.053288175" lon="-118.504941696"/><trkpt lat="37.053356571" lon="-118.505011182"/><trkpt lat="37.05343226" lon="-118.505071783"/><trkpt lat="37.053507697" lon="-118.5051551"/><trkpt lat="37.053576261" lon="-118.505206397"/><trkpt lat="37.053642645" lon="-118.505287282"/><trkpt lat="37.053688914" lon="-118.505370012"/><trkpt lat="37.053708024" lon="-118.505447628"/><trkpt lat="37.053670892" lon="-118.50550144"/><trkpt lat="37.05363946" lon="-118.50553941"/><trkpt lat="37.053609453" lon="-118.505607052"/><trkpt lat="37.053632336" lon="-118.50567109"/><trkpt lat="37.05367215" lon="-118.50568777"/><trkpt lat="37.053728476" lon="-118.505702522"/><trkpt lat="37.053771811" lon="-118.505728422"/><trkpt lat="37.053771224" lon="-118.505778378"/><trkpt lat="37.053739289" lon="-118.505850462"/><trkpt lat="37.053691261" lon="-118.50590637"/><trkpt lat="37.053643316" lon="-118.505955404"/><trkpt lat="37.053596713" lon="-118.506036289"/><trkpt lat="37.053566957" lon="-118.506083395"/><trkpt lat="37.053578524" lon="-118.50617677"/><trkpt lat="37.053616159" lon="-118.506227564"/><trkpt lat="37.053641221" lon="-118.506259834"/><trkpt lat="37.053653374" lon="-118.506305516"/><trkpt lat="37.053629486" lon="-118.506327812"/><trkpt lat="37.053594785" lon="-118.506336194"/><trkpt lat="37.053571232" lon="-118.506322112"/><trkpt lat="37.053538626" lon="-118.506310126"/><trkpt lat="37.053504093" lon="-118.506304845"/><trkpt lat="37.053478528" lon="-118.506306605"/><trkpt lat="37.053478025" lon="-118.506349772"/><trkpt lat="37.053501327" lon="-118.506379779"/><trkpt lat="37.053537369" lon="-118.506410038"/><trkpt lat="37.053571567" lon="-118.506440297"/><trkpt lat="37.053604005" lon="-118.506465945"/><trkpt lat="37.053630743" lon="-118.506511878"/><trkpt lat="37.053615907" lon="-118.506534342"/><trkpt lat="37.053583134" lon="-118.506535934"/><trkpt lat="37.053548433" lon="-118.50653979"/><trkpt lat="37.053506691" lon="-118.506532162"/><trkpt lat="37.053461261" lon="-118.506519925"/><trkpt lat="37.053437456" lon="-118.506528474"/><trkpt lat="37.053446174" lon="-118.506565019"/><trkpt lat="37.053485569" lon="-118.506615814"/><trkpt lat="37.053528232" lon="-118.506698459"/><trkpt lat="37.05357668" lon="-118.506758474"/><trkpt lat="37.053639125" lon="-118.506859727"/><trkpt lat="37.053697882" lon="-118.506967686"/><trkpt lat="37.053754795" lon="-118.507075645"/><trkpt lat="37.053812882" lon="-118.50723356"/><trkpt lat="37.053886307" lon="-118.507332718"/><trkpt lat="37.053963253" lon="-118.507438833"/><trkpt lat="37.054051179" lon="-118.507545115"/><trkpt lat="37.054152181" lon="-118.507624324"/><trkpt lat="37.054263577" lon="-118.507744772"/><trkpt lat="37.054293333" lon="-118.507836219"/><trkpt lat="37.054302972" lon="-118.507940909"/><trkpt lat="37.054253267" lon="-118.507978627"/><trkpt lat="37.054197276" lon="-118.507945687"/><trkpt lat="37.054143464" lon="-118.507876452"/><trkpt lat="37.054082276" lon="-118.507822976"/><trkpt lat="37.054036846" lon="-118.507812917"/><trkpt lat="37.054008432" lon="-118.507898748"/><trkpt lat="37.054022346" lon="-118.508094465"/><trkpt lat="37.054043887" lon="-118.508260762"/><trkpt lat="37.054094682" lon="-118.50842312"/><trkpt lat="37.054140111" lon="-118.508573994"/><trkpt lat="37.054171208" lon="-118.508708691"/><trkpt lat="37.054205155" lon="-118.508900302"/><trkpt lat="37.054268857" lon="-118.509046985"/><trkpt lat="37.054343456" lon="-118.509200709"/><trkpt lat="37.054428952" lon="-118.509352338"/><trkpt lat="37.054488715" lon="-118.509519473"/><trkpt lat="37.054510675" lon="-118.509658528"/><trkpt lat="37.05450858" lon="-118.509822059"/><trkpt lat="37.054528864" lon="-118.509947453"/><trkpt lat="37.054541018" lon="-118.510136297"/><trkpt lat="37.054474046" lon="-118.510244088"/><trkpt lat="37.054435741" lon="-118.510251967"/><trkpt lat="37.054357622" lon="-118.510250458"/><trkpt lat="37.054273132" lon="-118.510237969"/><trkpt lat="37.054190906" lon="-118.510220032"/><trkpt lat="37.054139022" lon="-118.510202765"/><trkpt lat="37.054121085" lon="-118.510251129"/><trkpt lat="37.054131143" lon="-118.510310976"/><trkpt lat="37.054153439" lon="-118.510433268"/><trkpt lat="37.05422393" lon="-118.510526726"/><trkpt lat="37.054299284" lon="-118.510571485"/><trkpt lat="37.054357119" lon="-118.510634936"/><trkpt lat="37.054358544" lon="-118.510689167"/><trkpt lat="37.054314287" lon="-118.510758653"/><trkpt lat="37.054269612" lon="-118.510860661"/><trkpt lat="37.054224936" lon="-118.510957304"/><trkpt lat="37.054223092" lon="-118.511103485"/><trkpt lat="37.054249914" lon="-118.5112096"/><trkpt lat="37.054328034" lon="-118.511381764"/><trkpt lat="37.054376984" lon="-118.511458542"/><trkpt lat="37.054446889" lon="-118.511592569"/><trkpt lat="37.054475639" lon="-118.511720477"/><trkpt lat="37.054519393" lon="-118.511867495"/><trkpt lat="37.054537665" lon="-118.511968078"/><trkpt lat="37.054557279" lon="-118.512128256"/><trkpt lat="37.054588292" lon="-118.512253398"/><trkpt lat="37.054627519" lon="-118.512411229"/><trkpt lat="37.054662807" lon="-118.512533773"/><trkpt lat="37.054680409" lon="-118.51268582"/><trkpt lat="37.054641852" lon="-118.512820434"/><trkpt lat="37.054592147" lon="-118.512971057"/><trkpt lat="37.054518471" lon="-118.513129391"/><trkpt lat="37.054456025" lon="-118.513266183"/><trkpt lat="37.05442627" lon="-118.51338747"/><trkpt lat="37.054398861" lon="-118.513495261"/><trkpt lat="37.0544401" lon="-118.513663989"/><trkpt lat="37.054472454" lon="-118.513848726"/><trkpt lat="37.054535067" lon="-118.514042264"/><trkpt lat="37.054602373" lon="-118.514211494"/><trkpt lat="37.054660963" lon="-118.51438324"/><trkpt lat="37.05473003" lon="-118.514584992"/><trkpt lat="37.054775795" lon="-118.514737543"/><trkpt lat="37.054786021" lon="-118.514959747"/><trkpt lat="37.054722821" lon="-118.515153453"/><trkpt lat="37.054682085" lon="-118.515279936"/><trkpt lat="37.054638667" lon="-118.515449669"/><trkpt lat="37.054623328" lon="-118.515636167"/><trkpt lat="37.054664148" lon="-118.51583465"/><trkpt lat="37.054716283" lon="-118.516006311"/><trkpt lat="37.054758361" lon="-118.516107313"/><trkpt lat="37.054773448" lon="-118.516289033"/><trkpt lat="37.054800773" lon="-118.516522469"/><trkpt lat="37.054824494" lon="-118.516707122"/><trkpt lat="37.054852657" lon="-118.516880963"/><trkpt lat="37.054887777" lon="-118.517019767"/><trkpt lat="37.054887693" lon="-118.517198469"/><trkpt lat="37.054850059" lon="-118.517422434"/><trkpt lat="37.054806473" lon="-118.517608428"/><trkpt lat="37.054752074" lon="-118.517791489"/><trkpt lat="37.054691473" lon="-118.517944627"/><trkpt lat="37.054628693" lon="-118.518103128"/><trkpt lat="37.054554764" lon="-118.518288536"/><trkpt lat="37.054518135" lon="-118.518433962"/><trkpt lat="37.054486871" lon="-118.518674355"/><trkpt lat="37.054505311" lon="-118.518929249"/><trkpt lat="37.054555267" lon="-118.519092696"/><trkpt lat="37.054595416" lon="-118.519180203"/><trkpt lat="37.054697927" lon="-118.519309536"/><trkpt lat="37.054800605" lon="-118.519427972"/><trkpt lat="37.054901691" lon="-118.519500392"/><trkpt lat="37.054969752" lon="-118.519610111"/><trkpt lat="37.05504016" lon="-118.519703569"/><trkpt lat="37.055115262" lon="-118.51977272"/><trkpt lat="37.055168739" lon="-118.519830722"/><trkpt lat="37.055252641" lon="-118.519886546"/><trkpt lat="37.055321541" lon="-118.519931221"/><trkpt lat="37.05542489" lon="-118.519998277"/><trkpt lat="37.055467889" lon="-118.520031637"/><trkpt lat="37.055545589" lon="-118.520062985"/><trkpt lat="37.055619014" lon="-118.520091483"/><trkpt lat="37.055674838" lon="-118.520138673"/><trkpt lat="37.055702666" lon="-118.520169016"/><trkpt lat="37.055805763" lon="-118.520252332"/><trkpt lat="37.055971138" lon="-118.520388287"/><trkpt lat="37.056049425" lon="-118.520546956"/><trkpt lat="37.056069626" lon="-118.520666482"/><trkpt lat="37.056097873" lon="-118.520832192"/><trkpt lat="37.056191582" lon="-118.520969488"/><trkpt lat="37.056265175" lon="-118.521157829"/><trkpt lat="37.056358214" lon="-118.521349188"/><trkpt lat="37.05641957" lon="-118.521472318"/><trkpt lat="37.056507664" lon="-118.521710532"/><trkpt lat="37.05660766" lon="-118.521985039"/><trkpt lat="37.05671981" lon="-118.522202466"/><trkpt lat="37.056832127" lon="-118.522405475"/><trkpt lat="37.056839252" lon="-118.522749804"/><trkpt lat="37.056797929" lon="-118.523279624"/><trkpt lat="37.056735568" lon="-118.523665611"/><trkpt lat="37.056639344" lon="-118.523993595"/><trkpt lat="37.056602882" lon="-118.524150588"/><trkpt lat="37.056462737" lon="-118.524319902"/><trkpt lat="37.056299876" lon="-118.524474381"/><trkpt lat="37.056192756" lon="-118.524759114"/><trkpt lat="37.05610902" lon="-118.5250156"/><trkpt lat="37.056034924" lon="-118.525415668"/><trkpt lat="37.055869214" lon="-118.525785226"/><trkpt lat="37.055727812" lon="-118.526054872"/><trkpt lat="37.05557459" lon="-118.526353016"/><trkpt lat="37.055547936" lon="-118.526639258"/><trkpt lat="37.055522371" lon="-118.526839586"/><trkpt lat="37.0555072" lon="-118.527126079"/><trkpt lat="37.055501416" lon="-118.527570572"/><trkpt lat="37.055487167" lon="-118.5277854"/><trkpt lat="37.055565203" lon="-118.527973406"/><trkpt lat="37.055711718" lon="-118.528205836"/><trkpt lat="37.055824371" lon="-118.52838018"/><trkpt lat="37.055901904" lon="-118.528611269"/><trkpt lat="37.055910956" lon="-118.52879785"/><trkpt lat="37.055793274" lon="-118.529010667"/><trkpt lat="37.055686908" lon="-118.529237984"/><trkpt lat="37.055546427" lon="-118.52943588"/><trkpt lat="37.055520108" lon="-118.52969354"/><trkpt lat="37.055528322" lon="-118.52995187"/><trkpt lat="37.05553662" lon="-118.530195868"/><trkpt lat="37.055534609" lon="-118.530353531"/><trkpt lat="37.055520527" lon="-118.530554026"/><trkpt lat="37.055517929" lon="-118.530754773"/><trkpt lat="37.05545716" lon="-118.531011762"/><trkpt lat="37.055291114" lon="-118.531409986"/><trkpt lat="37.055195142" lon="-118.531723553"/><trkpt lat="37.055151472" lon="-118.531858502"/><trkpt lat="37.055100342" lon="-118.531981213"/><trkpt lat="37.055067485" lon="-118.532046005"/><trkpt lat="37.054991126" lon="-118.532088082"/><trkpt lat="37.054905966" lon="-118.532130076"/><trkpt lat="37.054815022" lon="-118.532175506"/><trkpt lat="37.05477898" lon="-118.532254798"/><trkpt lat="37.054785518" lon="-118.532425957"/><trkpt lat="37.054832289" lon="-118.532645144"/><trkpt lat="37.054869505" lon="-118.532926021"/><trkpt lat="37.05490429" lon="-118.533166833"/><trkpt lat="37.054901104" lon="-118.533410579"/><trkpt lat="37.054933375" lon="-118.533622222"/><trkpt lat="37.054960197" lon="-118.533804696"/><trkpt lat="37.054974865" lon="-118.534023212"/><trkpt lat="37.054963382" lon="-118.534234017"/><trkpt lat="37.054946031" lon="-118.534448342"/><trkpt lat="37.054941924" lon="-118.534542806"/><trkpt lat="37.054879982" lon="-118.534596115"/><trkpt lat="37.054794403" lon="-118.534674486"/><trkpt lat="37.054714859" lon="-118.534738356"/><trkpt lat="37.054591728" lon="-118.534790408"/><trkpt lat="37.054544622" lon="-118.534829468"/><trkpt lat="37.054482428" lon="-118.534900965"/><trkpt lat="37.054466084" lon="-118.535035243"/><trkpt lat="37.054421073" lon="-118.535136245"/><trkpt lat="37.05433717" lon="-118.535312768"/><trkpt lat="37.054238096" lon="-118.535532709"/><trkpt lat="37.054198785" lon="-118.535637399"/><trkpt lat="37.054141788" lon="-118.535763631"/><trkpt lat="37.054063585" lon="-118.535951218"/><trkpt lat="37.053976916" lon="-118.536113156"/><trkpt lat="37.0539081" lon="-118.536246344"/><trkpt lat="37.053850852" lon="-118.536390765"/><trkpt lat="37.053814139" lon="-118.536524624"/><trkpt lat="37.05378606" lon="-118.536665943"/><trkpt lat="37.053755131" lon="-118.536799885"/><trkpt lat="37.053744905" lon="-118.536916142"/><trkpt lat="37.053732164" lon="-118.537003146"/><trkpt lat="37.053687489" lon="-118.537074979"/><trkpt lat="37.053616159" lon="-118.537175478"/><trkpt lat="37.053538878" lon="-118.53729031"/><trkpt lat="37.053449526" lon="-118.537437664"/><trkpt lat="37.05336554" lon="-118.537617875"/><trkpt lat="37.053293372" lon="-118.537783753"/><trkpt lat="37.053230423" lon="-118.537917025"/><trkpt lat="37.053181892" lon="-118.538061613"/><trkpt lat="37.053168481" lon="-118.538195975"/><trkpt lat="37.053126153" lon="-118.538315166"/><trkpt lat="37.053089272" lon="-118.538463525"/><trkpt lat="37.053067144" lon="-118.538594032"/><trkpt lat="37.05307167" lon="-118.538692351"/><trkpt lat="37.053020792" lon="-118.538796874"/><trkpt lat="37.052984163" lon="-118.538919836"/><trkpt lat="37.052950384" lon="-118.539053695"/><trkpt lat="37.052918952" lon="-118.539227704"/><trkpt lat="37.052878719" lon="-118.539408753"/><trkpt lat="37.052849634" lon="-118.539626515"/><trkpt lat="37.052820129" lon="-118.53988057"/><trkpt lat="37.052811328" lon="-118.540109564"/><trkpt lat="37.0528208" lon="-118.540277118"/><trkpt lat="37.052922891" lon="-118.540722951"/><trkpt lat="37.053015344" lon="-118.541015899"/><trkpt lat="37.053055996" lon="-118.54125319"/><trkpt lat="37.05305432" lon="-118.541609673"/><trkpt lat="37.052977374" lon="-118.541920977"/><trkpt lat="37.052850388" lon="-118.542267652"/><trkpt lat="37.052783081" lon="-118.542510057"/><trkpt lat="37.052683672" lon="-118.542755395"/><trkpt lat="37.052682834" lon="-118.543046415"/><trkpt lat="37.052652156" lon="-118.543162169"/><trkpt lat="37.052580155" lon="-118.54331715"/><trkpt lat="37.052490972" lon="-118.54344992"/><trkpt lat="37.052451828" lon="-118.543547401"/><trkpt lat="37.052426264" lon="-118.543717889"/><trkpt lat="37.052379493" lon="-118.543953337"/><trkpt lat="37.052355269" lon="-118.544243937"/><trkpt lat="37.052345965" lon="-118.544512913"/><trkpt lat="37.052354431" lon="-118.544756826"/><trkpt lat="37.052367507" lon="-118.545099059"/><trkpt lat="37.052393071" lon="-118.545372477"/><trkpt lat="37.052390222" lon="-118.545590658"/><trkpt lat="37.05237899" lon="-118.545783274"/><trkpt lat="37.052326016" lon="-118.546047723"/><trkpt lat="37.052278826" lon="-118.546308735"/><trkpt lat="37.052256614" lon="-118.546672007"/><trkpt lat="37.052270528" lon="-118.546948778"/><trkpt lat="37.052250328" lon="-118.547159415"/><trkpt lat="37.052209927" lon="-118.547347756"/><trkpt lat="37.052212693" lon="-118.547584293"/><trkpt lat="37.052262481" lon="-118.547788979"/><trkpt lat="37.052329285" lon="-118.548034066"/><trkpt lat="37.052347139" lon="-118.548230873"/><trkpt lat="37.052356526" lon="-118.548409324"/><trkpt lat="37.052306822" lon="-118.548641168"/><trkpt lat="37.052269187" lon="-118.548840489"/><trkpt lat="37.052216884" lon="-118.54905406"/><trkpt lat="37.05218235" lon="-118.549242569"/><trkpt lat="37.052100627" lon="-118.549473658"/><trkpt lat="37.052034829" lon="-118.549599638"/><trkpt lat="37.052001553" lon="-118.549693599"/><trkpt lat="37.052017814" lon="-118.549784878"/><trkpt lat="37.052051593" lon="-118.549876492"/><trkpt lat="37.052011946" lon="-118.550013956"/><trkpt lat="37.051958889" lon="-118.550052848"/><trkpt lat="37.051870711" lon="-118.550109258"/><trkpt lat="37.051781863" lon="-118.55021663"/><trkpt lat="37.051734086" lon="-118.550299276"/><trkpt lat="37.051723776" lon="-118.550419137"/><trkpt lat="37.051706342" lon="-118.550640671"/><trkpt lat="37.05169511" lon="-118.550829599"/><trkpt lat="37.051694943" lon="-118.551062448"/><trkpt lat="37.051694356" lon="-118.551331675"/><trkpt lat="37.051694524" lon="-118.551546251"/><trkpt lat="37.051737858" lon="-118.551798211"/><trkpt lat="37.051793598" lon="-118.551995773"/><trkpt lat="37.051843386" lon="-118.552200543"/><trkpt lat="37.051890241" lon="-118.552408833"/><trkpt lat="37.051937766" lon="-118.552566245"/><trkpt lat="37.051959308" lon="-118.552701278"/><trkpt lat="37.051978335" lon="-118.552807141"/><trkpt lat="37.051982861" lon="-118.552912753"/><trkpt lat="37.051977832" lon="-118.553069076"/><trkpt lat="37.051955452" lon="-118.553225063"/><trkpt lat="37.051927373" lon="-118.553362694"/><trkpt lat="37.051866688" lon="-118.553543407"/><trkpt lat="37.051818324" lon="-118.553673327"/><trkpt lat="37.05175831" lon="-118.553803079"/><trkpt lat="37.0517221" lon="-118.553896956"/><trkpt lat="37.051659822" lon="-118.553975662"/><trkpt lat="37.051621852" lon="-118.5539822"/><trkpt lat="37.051581284" lon="-118.553963173"/><trkpt lat="37.051552534" lon="-118.553933501"/><trkpt lat="37.051517917" lon="-118.553903662"/><trkpt lat="37.051483048" lon="-118.553895699"/><trkpt lat="37.05144139" lon="-118.553960323"/><trkpt lat="37.051411215" lon="-118.554032492"/><trkpt lat="37.051377939" lon="-118.554126369"/><trkpt lat="37.051359164" lon="-118.554227874"/><trkpt lat="37.051323038" lon="-118.554314375"/><trkpt lat="37.051274925" lon="-118.55442619"/><trkpt lat="37.051250534" lon="-118.554505734"/><trkpt lat="37.051269813" lon="-118.554593408"/><trkpt lat="37.051311973" lon="-118.554710671"/><trkpt lat="37.051360002" lon="-118.554831706"/><trkpt lat="37.051425464" lon="-118.554949472"/><trkpt lat="37.051462261" lon="-118.555037566"/><trkpt lat="37.051495453" lon="-118.555172849"/><trkpt lat="37.051537698" lon="-118.555290112"/><trkpt lat="37.051574243" lon="-118.555392707"/><trkpt lat="37.051592432" lon="-118.555560429"/><trkpt lat="37.051616404" lon="-118.555735527"/><trkpt lat="37.051645825" lon="-118.555939877"/><trkpt lat="37.05165471" lon="-118.556151018"/><trkpt lat="37.051676" lon="-118.556307927"/><trkpt lat="37.051714053" lon="-118.556516049"/><trkpt lat="37.051766692" lon="-118.556731716"/><trkpt lat="37.051855037" lon="-118.556886362"/><trkpt lat="37.05194992" lon="-118.556986526"/><trkpt lat="37.052012449" lon="-118.5571115"/><trkpt lat="37.052101046" lon="-118.557247873"/><trkpt lat="37.05220079" lon="-118.557424564"/><trkpt lat="37.052300703" lon="-118.557590274"/><trkpt lat="37.05236868" lon="-118.557740897"/><trkpt lat="37.052482087" lon="-118.557986906"/><trkpt lat="37.052567247" lon="-118.558163261"/><trkpt lat="37.052603206" lon="-118.558309525"/><trkpt lat="37.052647043" lon="-118.558525108"/><trkpt lat="37.052691048" lon="-118.558726022"/><trkpt lat="37.052706471" lon="-118.558886452"/><trkpt lat="37.052707225" lon="-118.559053838"/><trkpt lat="37.052712925" lon="-118.559283083"/><trkpt lat="37.052707728" lon="-118.559457595"/><trkpt lat="37.052705297" lon="-118.559643086"/><trkpt lat="37.052697586" lon="-118.559788428"/><trkpt lat="37.052657269" lon="-118.559969561"/><trkpt lat="37.052669339" lon="-118.560158992"/><trkpt lat="37.052734634" lon="-118.560298551"/><trkpt lat="37.05280018" lon="-118.560409024"/><trkpt lat="37.052859357" lon="-118.560566688"/><trkpt lat="37.052845191" lon="-118.56075922"/><trkpt lat="37.052818872" lon="-118.560987795"/><trkpt lat="37.052827338" lon="-118.561231792"/><trkpt lat="37.052838318" lon="-118.561504791"/><trkpt lat="37.052869918" lon="-118.561763791"/><trkpt lat="37.052893806" lon="-118.561938889"/><trkpt lat="37.052889196" lon="-118.562073419"/><trkpt lat="37.0528524" lon="-118.562207194"/><trkpt lat="37.052785847" lon="-118.562391428"/><trkpt lat="37.052762294" lon="-118.562630983"/><trkpt lat="37.05277361" lon="-118.56287498"/><trkpt lat="37.052837647" lon="-118.563105483"/><trkpt lat="37.052946528" lon="-118.56325686"/><trkpt lat="37.053000173" lon="-118.563385354"/><trkpt lat="37.05304225" lon="-118.563513514"/><trkpt lat="37.053080304" lon="-118.563721636"/><trkpt lat="37.053110227" lon="-118.563886005"/><trkpt lat="37.053101761" lon="-118.564085914"/><trkpt lat="37.053114586" lon="-118.564224383"/><trkpt lat="37.053159093" lon="-118.564385399"/><trkpt lat="37.053191783" lon="-118.564557061"/><trkpt lat="37.05321894" lon="-118.564714054"/><trkpt lat="37.053213576" lon="-118.564899461"/><trkpt lat="37.053164793" lon="-118.56505855"/><trkpt lat="37.053117016" lon="-118.565144883"/><trkpt lat="37.053065551" lon="-118.565285699"/><trkpt lat="37.053033616" lon="-118.565496001"/><trkpt lat="37.053003274" lon="-118.565586358"/><trkpt lat="37.052986845" lon="-118.565727845"/><trkpt lat="37.05299682" lon="-118.565859022"/><trkpt lat="37.053064294" lon="-118.566045938"/><trkpt lat="37.053155322" lon="-118.566222461"/><trkpt lat="37.053255318" lon="-118.566377359"/><trkpt lat="37.05333218" lon="-118.566517169"/><trkpt lat="37.053423878" lon="-118.56664273"/><trkpt lat="37.053529406" lon="-118.566819504"/><trkpt lat="37.053632587" lon="-118.566956213"/><trkpt lat="37.053750604" lon="-118.567071464"/><trkpt lat="37.053833921" lon="-118.567164168"/><trkpt lat="37.053934839" lon="-118.567249915"/><trkpt lat="37.054020753" lon="-118.567371704"/><trkpt lat="37.054098034" lon="-118.567482429"/><trkpt lat="37.054195516" lon="-118.567608157"/><trkpt lat="37.054307666" lon="-118.567726845"/><trkpt lat="37.054396765" lon="-118.567819633"/><trkpt lat="37.054482847" lon="-118.567926921"/><trkpt lat="37.054573875" lon="-118.568099756"/><trkpt lat="37.054603966" lon="-118.56824954"/><trkpt lat="37.054620981" lon="-118.568511894"/><trkpt lat="37.054658784" lon="-118.568738205"/><trkpt lat="37.054691724" lon="-118.568895282"/><trkpt lat="37.054750901" lon="-118.569049342"/><trkpt lat="37.054850897" lon="-118.569204155"/><trkpt lat="37.054928513" lon="-118.569285795"/><trkpt lat="37.055003028" lon="-118.569385624"/><trkpt lat="37.055025492" lon="-118.569455193"/><trkpt lat="37.054992551" lon="-118.569519985"/><trkpt lat="37.054959526" lon="-118.56959207"/><trkpt lat="37.054891046" lon="-118.569696173"/><trkpt lat="37.054820051" lon="-118.569774712"/><trkpt lat="37.054736819" lon="-118.569896668"/><trkpt lat="37.054679403" lon="-118.570044693"/><trkpt lat="37.054621819" lon="-118.570210822"/><trkpt lat="37.054588376" lon="-118.570315596"/><trkpt lat="37.054575467" lon="-118.570409976"/><trkpt lat="37.054543113" lon="-118.570431098"/><trkpt lat="37.054488044" lon="-118.570408132"/><trkpt lat="37.054433562" lon="-118.570337892"/><trkpt lat="37.054370949" lon="-118.57022021"/><trkpt lat="37.054323005" lon="-118.570095487"/><trkpt lat="37.05427967" lon="-118.570069168"/><trkpt lat="37.054221164" lon="-118.570082495"/><trkpt lat="37.054188475" lon="-118.570129098"/><trkpt lat="37.054161066" lon="-118.570215851"/><trkpt lat="37.05416006" lon="-118.57029221"/><trkpt lat="37.054144302" lon="-118.570379214"/><trkpt lat="37.054120749" lon="-118.570400588"/><trkpt lat="37.054068111" lon="-118.570406791"/><trkpt lat="37.05400994" lon="-118.570398325"/><trkpt lat="37.053957386" lon="-118.57040084"/><trkpt lat="37.053875662" lon="-118.570406456"/><trkpt lat="37.053808188" lon="-118.570441408"/><trkpt lat="37.053775163" lon="-118.570509888"/><trkpt lat="37.053799722" lon="-118.570637712"/><trkpt lat="37.053883122" lon="-118.570726728"/><trkpt lat="37.053987393" lon="-118.570783474"/><trkpt lat="37.054047491" lon="-118.570868382"/><trkpt lat="37.054071715" lon="-118.571017999"/><trkpt lat="37.054090239" lon="-118.571163928"/><trkpt lat="37.054093173" lon="-118.571382277"/><trkpt lat="37.054095268" lon="-118.571666088"/><trkpt lat="37.054116977" lon="-118.571782932"/><trkpt lat="37.054189984" lon="-118.571995413"/><trkpt lat="37.054222925" lon="-118.572156178"/><trkpt lat="37.054217393" lon="-118.572348878"/><trkpt lat="37.054206496" lon="-118.572512409"/><trkpt lat="37.054129634" lon="-118.572594468"/><trkpt lat="37.05404439" lon="-118.572643669"/><trkpt lat="37.053950513" lon="-118.572685327"/><trkpt lat="37.053902736" lon="-118.572771661"/><trkpt lat="37.053917907" lon="-118.572950279"/><trkpt lat="37.054036343" lon="-118.573032757"/><trkpt lat="37.054113876" lon="-118.573125293"/><trkpt lat="37.054180261" lon="-118.573173992"/><trkpt lat="37.054241281" lon="-118.57318975"/><trkpt lat="37.054270115" lon="-118.573212214"/><trkpt lat="37.05427154" lon="-118.573325034"/><trkpt lat="37.054267433" lon="-118.573419498"/><trkpt lat="37.054204568" lon="-118.57353827"/><trkpt lat="37.054130137" lon="-118.573653102"/><trkpt lat="37.05407666" lon="-118.573732059"/><trkpt lat="37.054037182" lon="-118.573851334"/><trkpt lat="37.054000134" lon="-118.574003298"/><trkpt lat="37.054005833" lon="-118.574236315"/><trkpt lat="37.054000804" lon="-118.574396241"/><trkpt lat="37.053963086" lon="-118.574599167"/><trkpt lat="37.0539195" lon="-118.574809302"/><trkpt lat="37.053885385" lon="-118.574965037"/><trkpt lat="37.053873483" lon="-118.575201239"/><trkpt lat="37.053849008" lon="-118.575506341"/><trkpt lat="37.053804751" lon="-118.575763665"/><trkpt lat="37.053754712" lon="-118.57602099"/><trkpt lat="37.053666869" lon="-118.576270184"/><trkpt lat="37.053621607" lon="-118.576385602"/><trkpt lat="37.053552959" lon="-118.57650429"/><trkpt lat="37.053479198" lon="-118.576571848"/><trkpt lat="37.053432176" lon="-118.576596323"/><trkpt lat="37.053338718" lon="-118.576605292"/><trkpt lat="37.053204775" lon="-118.57659163"/><trkpt lat="37.053073766" lon="-118.576578051"/><trkpt lat="37.052977374" lon="-118.57659054"/><trkpt lat="37.052868828" lon="-118.576642927"/><trkpt lat="37.052774532" lon="-118.57671367"/><trkpt lat="37.052700687" lon="-118.57678852"/><trkpt lat="37.052638326" lon="-118.576870915"/><trkpt lat="37.052581748" lon="-118.576960685"/><trkpt lat="37.052570935" lon="-118.577116923"/><trkpt lat="37.052568924" lon="-118.577269642"/><trkpt lat="37.052613599" lon="-118.577416074"/><trkpt lat="37.052676128" lon="-118.577541132"/><trkpt lat="37.052744105" lon="-118.577691671"/><trkpt lat="37.052785847" lon="-118.577838019"/><trkpt lat="37.052780986" lon="-118.577987133"/><trkpt lat="37.052732371" lon="-118.578135241"/><trkpt lat="37.052665902" lon="-118.578308495"/><trkpt lat="37.052602367" lon="-118.578481749"/><trkpt lat="37.052585268" lon="-118.578670593"/><trkpt lat="37.052634889" lon="-118.578889947"/><trkpt lat="37.052702699" lon="-118.579051383"/><trkpt lat="37.052787775" lon="-118.579231426"/><trkpt lat="37.052873103" lon="-118.579393281"/><trkpt lat="37.052892381" lon="-118.57969922"/><trkpt lat="37.052862039" lon="-118.580004154"/><trkpt lat="37.052816944" lon="-118.58010876"/><trkpt lat="37.052759863" lon="-118.580234908"/><trkpt lat="37.052692221" lon="-118.580277152"/><trkpt lat="37.052662047" lon="-118.580352925"/><trkpt lat="37.052678224" lon="-118.580451496"/><trkpt lat="37.052764306" lon="-118.580558784"/><trkpt lat="37.052865978" lon="-118.580589965"/><trkpt lat="37.052999418" lon="-118.580636401"/><trkpt lat="37.053162446" lon="-118.58066163"/><trkpt lat="37.053327821" lon="-118.580723237"/><trkpt lat="37.053451957" lon="-118.580816779"/><trkpt lat="37.053590845" lon="-118.580896072"/><trkpt lat="37.053735768" lon="-118.580960948"/><trkpt lat="37.05389536" lon="-118.581022471"/><trkpt lat="37.054008683" lon="-118.581046611"/><trkpt lat="37.054124856" lon="-118.581081815"/><trkpt lat="37.054170622" lon="-118.581151888"/><trkpt lat="37.054186799" lon="-118.581250459"/><trkpt lat="37.054193504" lon="-118.581403345"/><trkpt lat="37.054256871" lon="-118.581459252"/><trkpt lat="37.054434065" lon="-118.581513902"/><trkpt lat="37.054632381" lon="-118.581507113"/><trkpt lat="37.05478996" lon="-118.58150309"/><trkpt lat="37.054973356" lon="-118.581521446"/><trkpt lat="37.055133283" lon="-118.581553884"/><trkpt lat="37.05529606" lon="-118.581593614"/><trkpt lat="37.055414747" lon="-118.581657987"/><trkpt lat="37.055599736" lon="-118.581781872"/><trkpt lat="37.055700487" lon="-118.581882203"/><trkpt lat="37.055762429" lon="-118.582043555"/><trkpt lat="37.055827389" lon="-118.582201302"/><trkpt lat="37.055886732" lon="-118.582344465"/><trkpt lat="37.055935599" lon="-118.582400037"/><trkpt lat="37.056034673" lon="-118.582405737"/><trkpt lat="37.056154618" lon="-118.582375478"/><trkpt lat="37.056259559" lon="-118.582377657"/><trkpt lat="37.056381935" lon="-118.582380172"/><trkpt lat="37.056504311" lon="-118.582390063"/><trkpt lat="37.056611516" lon="-118.582439516"/><trkpt lat="37.056672452" lon="-118.58246265"/><trkpt lat="37.056734897" lon="-118.582591312"/><trkpt lat="37.056771275" lon="-118.582704803"/><trkpt lat="37.05680782" lon="-118.582811086"/><trkpt lat="37.056870852" lon="-118.582892474"/><trkpt lat="37.056937823" lon="-118.582901107"/><trkpt lat="37.057057265" lon="-118.582907226"/><trkpt lat="37.057115184" lon="-118.582937568"/><trkpt lat="37.057166733" lon="-118.583007725"/><trkpt lat="37.057264131" lon="-118.583137058"/><trkpt lat="37.057372928" lon="-118.583288519"/><trkpt lat="37.057467392" lon="-118.583421456"/><trkpt lat="37.057547104" lon="-118.583568642"/><trkpt lat="37.057635365" lon="-118.583726892"/><trkpt lat="37.057712143" lon="-118.583874078"/><trkpt lat="37.057757657" lon="-118.583958652"/><trkpt lat="37.057785317" lon="-118.584072059"/><trkpt lat="37.057813061" lon="-118.584174486"/><trkpt lat="37.05784726" lon="-118.584237015"/><trkpt lat="37.057915572" lon="-118.584358552"/><trkpt lat="37.058047336" lon="-118.584535914"/><trkpt lat="37.058141632" lon="-118.584679747"/><trkpt lat="37.058236431" lon="-118.584787203"/><trkpt lat="37.058337098" lon="-118.584891222"/><trkpt lat="37.058460983" lon="-118.585006557"/><trkpt lat="37.058578748" lon="-118.585136393"/><trkpt lat="37.05869073" lon="-118.585269665"/><trkpt lat="37.058820231" lon="-118.585396064"/><trkpt lat="37.058972698" lon="-118.585552052"/><trkpt lat="37.059050314" lon="-118.585637379"/><trkpt lat="37.059180485" lon="-118.585716505"/><trkpt lat="37.059313422" lon="-118.585802922"/><trkpt lat="37.059446443" lon="-118.585889339"/><trkpt lat="37.05955633" lon="-118.585953545"/><trkpt lat="37.059668899" lon="-118.586039543"/><trkpt lat="37.059807703" lon="-118.586126128"/><trkpt lat="37.059957907" lon="-118.586234758"/><trkpt lat="37.060108781" lon="-118.586292509"/><trkpt lat="37.060393263" lon="-118.58636912"/><trkpt lat="37.0605925" lon="-118.586428715"/><trkpt lat="37.060772041" lon="-118.58629385"/><trkpt lat="37.060980164" lon="-118.58624272"/><trkpt lat="37.061187616" lon="-118.586237775"/><trkpt lat="37.061386267" lon="-118.586343639"/><trkpt lat="37.061605705" lon="-118.586551594"/><trkpt lat="37.061780468" lon="-118.586777067"/><trkpt lat="37.061925642" lon="-118.587001953"/><trkpt lat="37.062093532" lon="-118.587190295"/><trkpt lat="37.062358316" lon="-118.587334463"/><trkpt lat="37.062658807" lon="-118.587571839"/><trkpt lat="37.062848825" lon="-118.587769903"/><trkpt lat="37.063016128" lon="-118.587995293"/><trkpt lat="37.063226597" lon="-118.588323193"/><trkpt lat="37.063355008" lon="-118.588695601"/><trkpt lat="37.063461123" lon="-118.589067589"/><trkpt lat="37.063584924" lon="-118.589227265"/><trkpt lat="37.063754741" lon="-118.589267833"/><trkpt lat="37.064043079" lon="-118.589310832"/><trkpt lat="37.064220943" lon="-118.5893053"/><trkpt lat="37.064377265" lon="-118.589253081"/><trkpt lat="37.064481368" lon="-118.589218296"/><trkpt lat="37.064584633" lon="-118.58925744"/><trkpt lat="37.064702064" lon="-118.589333799"/><trkpt lat="37.06486241" lon="-118.589531276"/><trkpt lat="37.065015128" lon="-118.58974711"/><trkpt lat="37.065160722" lon="-118.589935033"/><trkpt lat="37.065314194" lon="-118.590095378"/><trkpt lat="37.065476384" lon="-118.590154219"/><trkpt lat="37.065653326" lon="-118.590213396"/><trkpt lat="37.065845691" lon="-118.590235943"/><trkpt lat="37.06597846" lon="-118.590275673"/><trkpt lat="37.066059345" lon="-118.590330994"/><trkpt lat="37.066168226" lon="-118.590456471"/><trkpt lat="37.066257242" lon="-118.59058639"/><trkpt lat="37.066342654" lon="-118.590691583"/><trkpt lat="37.06645472" lon="-118.590876237"/><trkpt lat="37.066516243" lon="-118.590995762"/><trkpt lat="37.06661297" lon="-118.591140602"/><trkpt lat="37.06671766" lon="-118.591285609"/><trkpt lat="37.066806676" lon="-118.591415612"/><trkpt lat="37.066915641" lon="-118.59153606"/><trkpt lat="37.067032987" lon="-118.591612419"/><trkpt lat="37.067127032" lon="-118.591668578"/><trkpt lat="37.06723717" lon="-118.591695484"/><trkpt lat="37.067347057" lon="-118.591742171"/><trkpt lat="37.067464907" lon="-118.591788942"/><trkpt lat="37.067570854" lon="-118.591835545"/><trkpt lat="37.067707814" lon="-118.59192213"/><trkpt lat="37.067829017" lon="-118.592013326"/><trkpt lat="37.067962037" lon="-118.592099827"/><trkpt lat="37.068091035" lon="-118.59219119"/><trkpt lat="37.06824719" lon="-118.592322534"/><trkpt lat="37.068387587" lon="-118.592453543"/><trkpt lat="37.068504766" lon="-118.592544738"/><trkpt lat="37.068598727" lon="-118.592605758"/><trkpt lat="37.068685563" lon="-118.592602657"/><trkpt lat="37.068811459" lon="-118.592634844"/><trkpt lat="37.068905337" lon="-118.592700893"/><trkpt lat="37.068987312" lon="-118.592766607"/><trkpt lat="37.069128128" lon="-118.592863167"/><trkpt lat="37.06925327" lon="-118.592954446"/><trkpt lat="37.06936257" lon="-118.593045389"/><trkpt lat="37.069456363" lon="-118.593116384"/><trkpt lat="37.069573458" lon="-118.593212441"/><trkpt lat="37.069702623" lon="-118.593293913"/><trkpt lat="37.069827849" lon="-118.593375385"/><trkpt lat="37.069953075" lon="-118.593461718"/><trkpt lat="37.0700783" lon="-118.593543191"/><trkpt lat="37.070175949" lon="-118.593619131"/><trkpt lat="37.070277371" lon="-118.593709907"/><trkpt lat="37.07041827" lon="-118.593801521"/><trkpt lat="37.07053897" lon="-118.593922304"/><trkpt lat="37.070620861" lon="-118.593997909"/><trkpt lat="37.07072245" lon="-118.594078878"/><trkpt lat="37.070859075" lon="-118.594190106"/><trkpt lat="37.070987904" lon="-118.594296221"/><trkpt lat="37.071128888" lon="-118.594382973"/><trkpt lat="37.071234249" lon="-118.594473833"/><trkpt lat="37.07134841" lon="-118.594495961"/><trkpt lat="37.071512444" lon="-118.594627474"/><trkpt lat="37.071661055" lon="-118.594729062"/><trkpt lat="37.071797848" lon="-118.594835429"/><trkpt lat="37.071914775" lon="-118.594946237"/><trkpt lat="37.072019381" lon="-118.595091328"/><trkpt lat="37.072146703" lon="-118.595310682"/><trkpt lat="37.072310401" lon="-118.595466837"/><trkpt lat="37.072419114" lon="-118.595602121"/><trkpt lat="37.072493378" lon="-118.595657945"/><trkpt lat="37.072615335" lon="-118.595690047"/><trkpt lat="37.07273352" lon="-118.595707314"/><trkpt lat="37.072916077" lon="-118.595632296"/><trkpt lat="37.073098635" lon="-118.595562223"/><trkpt lat="37.073201984" lon="-118.595510172"/><trkpt lat="37.073336095" lon="-118.595517967"/><trkpt lat="37.073425362" lon="-118.595628189"/><trkpt lat="37.073518904" lon="-118.595718881"/><trkpt lat="37.073553856" lon="-118.59575903"/><trkpt lat="37.073596856" lon="-118.595794402"/><trkpt lat="37.073702216" lon="-118.595885262"/><trkpt lat="37.073831465" lon="-118.595956927"/><trkpt lat="37.073977059" lon="-118.595994478"/><trkpt lat="37.074118964" lon="-118.596012248"/><trkpt lat="37.074257014" lon="-118.596015181"/><trkpt lat="37.074410655" lon="-118.596038064"/><trkpt lat="37.074477794" lon="-118.596039489"/><trkpt lat="37.074567648" lon="-118.596110316"/><trkpt lat="37.074680384" lon="-118.596235877"/><trkpt lat="37.074833103" lon="-118.596327743"/><trkpt lat="37.074958412" lon="-118.596404269"/><trkpt lat="37.07506788" lon="-118.596480461"/><trkpt lat="37.075190339" lon="-118.596478114"/><trkpt lat="37.075360324" lon="-118.596462021"/><trkpt lat="37.075439868" lon="-118.596414411"/><trkpt lat="37.075511366" lon="-118.596381387"/><trkpt lat="37.075605663" lon="-118.596412903"/><trkpt lat="37.075742371" lon="-118.596524214"/><trkpt lat="37.07587556" lon="-118.596595963"/><trkpt lat="37.076036576" lon="-118.596658492"/><trkpt lat="37.076194407" lon="-118.596666707"/><trkpt lat="37.076355843" lon="-118.596694702"/><trkpt lat="37.076513842" lon="-118.596688164"/><trkpt lat="37.076624567" lon="-118.596675759"/><trkpt lat="37.076723557" lon="-118.596653212"/><trkpt lat="37.076850459" lon="-118.59661147"/><trkpt lat="37.07695364" lon="-118.596569309"/><trkpt lat="37.077080039" lon="-118.596562101"/><trkpt lat="37.077190261" lon="-118.596584145"/><trkpt lat="37.077344069" lon="-118.596592359"/><trkpt lat="37.077454878" lon="-118.596574925"/><trkpt lat="37.077569542" lon="-118.596557658"/><trkpt lat="37.077727374" lon="-118.596565872"/><trkpt lat="37.077834075" lon="-118.596558245"/><trkpt lat="37.07797992" lon="-118.596571153"/><trkpt lat="37.078189384" lon="-118.596555898"/><trkpt lat="37.078359202" lon="-118.596549612"/><trkpt lat="37.078498257" lon="-118.596478617"/><trkpt lat="37.078621052" lon="-118.596451627"/><trkpt lat="37.078794809" lon="-118.596445424"/><trkpt lat="37.078917436" lon="-118.59642338"/><trkpt lat="37.079091109" lon="-118.596426984"/><trkpt lat="37.079190435" lon="-118.596379878"/><trkpt lat="37.079297304" lon="-118.596357414"/><trkpt lat="37.079380453" lon="-118.596339477"/><trkpt lat="37.079498889" lon="-118.596337046"/><trkpt lat="37.079621432" lon="-118.596324809"/><trkpt lat="37.079779599" lon="-118.596303519"/><trkpt lat="37.079938268" lon="-118.596247779"/><trkpt lat="37.080092579" lon="-118.59622146"/><trkpt lat="37.080243202" lon="-118.596175276"/><trkpt lat="37.080330458" lon="-118.596147615"/><trkpt lat="37.080516201" lon="-118.596131774"/><trkpt lat="37.080616113" lon="-118.596040243"/><trkpt lat="37.080739578" lon="-118.595954161"/><trkpt lat="37.080763718" lon="-118.59592516"/><trkpt lat="37.080882238" lon="-118.595917784"/><trkpt lat="37.080917945" lon="-118.595903702"/><trkpt lat="37.080989443" lon="-118.595870761"/><trkpt lat="37.081056414" lon="-118.595881993"/><trkpt lat="37.081174599" lon="-118.595894314"/><trkpt lat="37.081340477" lon="-118.595887944"/><trkpt lat="37.081458997" lon="-118.595885513"/><trkpt lat="37.081542313" lon="-118.595852824"/><trkpt lat="37.081657145" lon="-118.595825667"/><trkpt lat="37.081744317" lon="-118.595802868"/><trkpt lat="37.08184314" lon="-118.595790127"/><trkpt lat="37.081933832" lon="-118.595801862"/><trkpt lat="37.082032235" lon="-118.59581871"/><trkpt lat="37.082142122" lon="-118.595870342"/><trkpt lat="37.082240442" lon="-118.595892051"/><trkpt lat="37.082330799" lon="-118.595928429"/><trkpt lat="37.082425179" lon="-118.595955083"/><trkpt lat="37.082515955" lon="-118.595957011"/><trkpt lat="37.082602791" lon="-118.59595391"/><trkpt lat="37.08268594" lon="-118.595935889"/><trkpt lat="37.082800688" lon="-118.595918622"/><trkpt lat="37.082896074" lon="-118.595866403"/><trkpt lat="37.082971511" lon="-118.595833546"/><trkpt lat="37.083035298" lon="-118.595790546"/><trkpt lat="37.083134959" lon="-118.595718713"/><trkpt lat="37.083191369" lon="-118.595631206"/><trkpt lat="37.083251886" lon="-118.595533976"/><trkpt lat="37.083324809" lon="-118.595392574"/><trkpt lat="37.083373591" lon="-118.595290147"/><trkpt lat="37.083449783" lon="-118.595203059"/><trkpt lat="37.083529327" lon="-118.595160395"/><trkpt lat="37.083600825" lon="-118.59512737"/><trkpt lat="37.083684225" lon="-118.59508479"/><trkpt lat="37.083763601" lon="-118.595056878"/><trkpt lat="37.083862005" lon="-118.595073726"/><trkpt lat="37.083955882" lon="-118.595139775"/><trkpt lat="37.084045904" lon="-118.59519585"/><trkpt lat="37.084139781" lon="-118.5952619"/><trkpt lat="37.084214296" lon="-118.595297942"/><trkpt lat="37.084288811" lon="-118.595333984"/><trkpt lat="37.084366931" lon="-118.595394753"/><trkpt lat="37.084441781" lon="-118.595406152"/><trkpt lat="37.084516799" lon="-118.595407745"/><trkpt lat="37.0846033" lon="-118.595429286"/><trkpt lat="37.084713774" lon="-118.595436495"/><trkpt lat="37.084804885" lon="-118.59541378"/><trkpt lat="37.084915359" lon="-118.595416127"/><trkpt lat="37.085033711" lon="-118.595418641"/><trkpt lat="37.085140496" lon="-118.595406068"/><trkpt lat="37.085239571" lon="-118.595378576"/><trkpt lat="37.085354486" lon="-118.595346473"/><trkpt lat="37.085453561" lon="-118.595314119"/><trkpt lat="37.08555649" lon="-118.595291656"/><trkpt lat="37.085639639" lon="-118.595273634"/><trkpt lat="37.085738378" lon="-118.595270785"/><trkpt lat="37.085844828" lon="-118.595282855"/><trkpt lat="37.085951529" lon="-118.595270365"/><trkpt lat="37.086070385" lon="-118.595238347"/><trkpt lat="37.086161077" lon="-118.59524522"/><trkpt lat="37.086247411" lon="-118.595286459"/><trkpt lat="37.086318154" lon="-118.595307581"/><trkpt lat="37.086385125" lon="-118.595318897"/><trkpt lat="37.086444302" lon="-118.595320154"/><trkpt lat="37.086461149" lon="-118.595241616"/><trkpt lat="37.086466346" lon="-118.595148157"/><trkpt lat="37.086471878" lon="-118.595029972"/><trkpt lat="37.086481014" lon="-118.594936598"/><trkpt lat="37.086529545" lon="-118.594853785"/><trkpt lat="37.086625015" lon="-118.594796704"/><trkpt lat="37.086735824" lon="-118.594774408"/><trkpt lat="37.086854428" lon="-118.594767032"/><trkpt lat="37.086968673" lon="-118.594784215"/><trkpt lat="37.087091133" lon="-118.594776923"/><trkpt lat="37.08717755" lon="-118.594808271"/><trkpt lat="37.087303195" lon="-118.594855294"/><trkpt lat="37.087393384" lon="-118.594901478"/><trkpt lat="37.087499499" lon="-118.594933329"/><trkpt lat="37.087637382" lon="-118.594955876"/><trkpt lat="37.087759506" lon="-118.594978172"/><trkpt lat="37.087877523" lon="-118.59500533"/><trkpt lat="37.087972322" lon="-118.595002396"/><trkpt lat="37.088071145" lon="-118.594989656"/><trkpt lat="37.088205256" lon="-118.594997367"/><trkpt lat="37.088323692" lon="-118.594999881"/><trkpt lat="37.088437937" lon="-118.595012119"/><trkpt lat="37.088540029" lon="-118.595053693"/><trkpt lat="37.088673636" lon="-118.595100883"/><trkpt lat="37.088748151" lon="-118.595136926"/><trkpt lat="37.088861894" lon="-118.595193503"/><trkpt lat="37.088959962" lon="-118.595234994"/><trkpt lat="37.089058617" lon="-118.595237006"/><trkpt lat="37.089172611" lon="-118.595273886"/><trkpt lat="37.089267075" lon="-118.595295595"/><trkpt lat="37.089381823" lon="-118.595278328"/><trkpt lat="37.089481065" lon="-118.595236083"/><trkpt lat="37.0895762" lon="-118.595208507"/><trkpt lat="37.089706706" lon="-118.595186546"/><trkpt lat="37.089817179" lon="-118.595188893"/><trkpt lat="37.089904267" lon="-118.595175985"/><trkpt lat="37.089963527" lon="-118.595167352"/><trkpt lat="37.090066792" lon="-118.595125191"/><trkpt lat="37.0901429" lon="-118.595038103"/><trkpt lat="37.090222444" lon="-118.594995355"/><trkpt lat="37.090301905" lon="-118.594957637"/><trkpt lat="37.09037072" lon="-118.594830986"/><trkpt lat="37.090403577" lon="-118.594733085"/><trkpt lat="37.090515224" lon="-118.594651697"/><trkpt lat="37.090645982" lon="-118.594614984"/><trkpt lat="37.090769447" lon="-118.594533848"/><trkpt lat="37.090908084" lon="-118.594497303"/><trkpt lat="37.091043368" lon="-118.594421363"/><trkpt lat="37.091147136" lon="-118.594334777"/><trkpt lat="37.091278899" lon="-118.59422422"/><trkpt lat="37.091406053" lon="-118.594162865"/><trkpt lat="37.091520969" lon="-118.594125817"/><trkpt lat="37.091671759" lon="-118.594069909"/><trkpt lat="37.091818526" lon="-118.59401878"/><trkpt lat="37.091976693" lon="-118.593997406"/><trkpt lat="37.092091609" lon="-118.593965387"/><trkpt lat="37.092131758" lon="-118.593911994"/><trkpt lat="37.092195209" lon="-118.593893638"/><trkpt lat="37.092266371" lon="-118.593885256"/><trkpt lat="37.092392938" lon="-118.593868157"/><trkpt lat="37.092519086" lon="-118.59388073"/><trkpt lat="37.092649089" lon="-118.593898164"/><trkpt lat="37.092727795" lon="-118.593914676"/><trkpt lat="37.092810273" lon="-118.593945941"/><trkpt lat="37.092912029" lon="-118.594012158"/><trkpt lat="37.093037255" lon="-118.59409363"/><trkpt lat="37.093123337" lon="-118.594149621"/><trkpt lat="37.093237163" lon="-118.594201254"/><trkpt lat="37.093359036" lon="-118.594238302"/><trkpt lat="37.093496835" lon="-118.594265878"/><trkpt lat="37.093630275" lon="-118.59431793"/><trkpt lat="37.093800092" lon="-118.594316589"/><trkpt lat="37.093985584" lon="-118.594320444"/><trkpt lat="37.094119359" lon="-118.594347937"/><trkpt lat="37.094285153" lon="-118.594351374"/><trkpt lat="37.094438793" lon="-118.59437434"/><trkpt lat="37.094580531" lon="-118.594401916"/><trkpt lat="37.094675247" lon="-118.594403928"/><trkpt lat="37.094828971" lon="-118.594417004"/><trkpt lat="37.09496635" lon="-118.59447903"/><trkpt lat="37.0950842" lon="-118.59452094"/><trkpt lat="37.09521018" lon="-118.594543235"/><trkpt lat="37.095316211" lon="-118.594589839"/><trkpt lat="37.095433641" lon="-118.594661336"/><trkpt lat="37.09548804" lon="-118.594726464"/><trkpt lat="37.095577642" lon="-118.594817072"/><trkpt lat="37.095655343" lon="-118.594907429"/><trkpt lat="37.095696079" lon="-118.595031733"/><trkpt lat="37.095698677" lon="-118.595183026"/><trkpt lat="37.095688703" lon="-118.595235161"/><trkpt lat="37.095641261" lon="-118.595298193"/><trkpt lat="37.095574457" lon="-118.595413109"/><trkpt lat="37.095531374" lon="-118.595499443"/><trkpt lat="37.095539253" lon="-118.5956043"/><trkpt lat="37.095599351" lon="-118.595640427"/><trkpt lat="37.095674537" lon="-118.5955955"/><trkpt lat="37.095740419" lon="-118.595544538"/><trkpt lat="37.095824992" lon="-118.595493995"/><trkpt lat="37.095904704" lon="-118.595454935"/><trkpt lat="37.095983913" lon="-118.595456611"/><trkpt lat="37.096044011" lon="-118.595492737"/><trkpt lat="37.096047616" lon="-118.595574293"/><trkpt lat="37.095999923" lon="-118.595654676"/><trkpt lat="37.095970754" lon="-118.595741345"/><trkpt lat="37.095997743" lon="-118.595817536"/><trkpt lat="37.096081227" lon="-118.595842514"/><trkpt lat="37.096202262" lon="-118.595850896"/><trkpt lat="37.096336875" lon="-118.595888615"/><trkpt lat="37.096489929" lon="-118.595944187"/><trkpt lat="37.09663284" lon="-118.596057678"/><trkpt lat="37.096780781" lon="-118.596142251"/><trkpt lat="37.096952023" lon="-118.596233111"/><trkpt lat="37.097118404" lon="-118.59632967"/><trkpt lat="37.097316971" lon="-118.596461769"/><trkpt lat="37.097535068" lon="-118.596530333"/><trkpt lat="37.097748974" lon="-118.596563945"/><trkpt lat="37.097976543" lon="-118.596621109"/><trkpt lat="37.098198999" lon="-118.596707191"/><trkpt lat="37.098397985" lon="-118.596810289"/><trkpt lat="37.098591859" lon="-118.596942304"/><trkpt lat="37.098804256" lon="-118.597092172"/><trkpt lat="37.098956052" lon="-118.597235"/><trkpt lat="37.099153865" lon="-118.597425269"/><trkpt lat="37.0993842" lon="-118.597622076"/><trkpt lat="37.099559801" lon="-118.597730454"/><trkpt lat="37.099694414" lon="-118.597768173"/><trkpt lat="37.099983087" lon="-118.597785942"/><trkpt lat="37.100281063" lon="-118.597798012"/><trkpt lat="37.100536879" lon="-118.597832462"/><trkpt lat="37.100820607" lon="-118.597873366"/><trkpt lat="37.101117829" lon="-118.597943606"/><trkpt lat="37.101396024" lon="-118.598048296"/><trkpt lat="37.101707328" lon="-118.598113004"/><trkpt lat="37.101947973" lon="-118.598234458"/><trkpt lat="37.102220971" lon="-118.598374017"/><trkpt lat="37.10246983" lon="-118.59858281"/><trkpt lat="37.10272816" lon="-118.59877442"/><trkpt lat="37.102967296" lon="-118.599006347"/><trkpt lat="37.103220681" lon="-118.599221092"/><trkpt lat="37.103609685" lon="-118.59939795"/><trkpt lat="37.103744131" lon="-118.599447319"/><trkpt lat="37.103919983" lon="-118.599538263"/><trkpt lat="37.104008161" lon="-118.599563409"/><trkpt lat="37.104156436" lon="-118.59962468"/><trkpt lat="37.104328433" lon="-118.599657454"/><trkpt lat="37.104509817" lon="-118.599684527"/><trkpt lat="37.10458844" lon="-118.599726856"/><trkpt lat="37.104638815" lon="-118.599791899"/><trkpt lat="37.104670079" lon="-118.599891476"/><trkpt lat="37.1047052" lon="-118.600049308"/><trkpt lat="37.104753982" lon="-118.600236475"/><trkpt lat="37.104770578" lon="-118.600388104"/><trkpt lat="37.104797317" lon="-118.600475863"/><trkpt lat="37.104841322" lon="-118.600432193"/><trkpt lat="37.104882058" lon="-118.600369832"/><trkpt lat="37.104928996" lon="-118.600299926"/><trkpt lat="37.104971157" lon="-118.600250976"/><trkpt lat="37.105018683" lon="-118.60025391"/><trkpt lat="37.105021114" lon="-118.600299926"/><trkpt lat="37.105011223" lon="-118.600353403"/><trkpt lat="37.104988676" lon="-118.600427667"/><trkpt lat="37.104984485" lon="-118.600511905"/><trkpt lat="37.105005356" lon="-118.600560268"/><trkpt lat="37.105040811" lon="-118.600551467"/><trkpt lat="37.105107447" lon="-118.60050302"/><trkpt lat="37.105140304" lon="-118.600453902"/><trkpt lat="37.105174754" lon="-118.600406712"/><trkpt lat="37.10519948" lon="-118.600391876"/><trkpt lat="37.105221944" lon="-118.600432612"/><trkpt lat="37.105212891" lon="-118.600537805"/><trkpt lat="37.105184225" lon="-118.600615757"/><trkpt lat="37.105166037" lon="-118.600711226"/><trkpt lat="37.105183303" lon="-118.600799739"/><trkpt lat="37.105215322" lon="-118.600810049"/><trkpt lat="37.105254298" lon="-118.60077057"/><trkpt lat="37.105282377" lon="-118.60073478"/><trkpt lat="37.10533971" lon="-118.600697648"/><trkpt lat="37.105429731" lon="-118.600622881"/><trkpt lat="37.105538193" lon="-118.600546606"/><trkpt lat="37.105618827" lon="-118.600488855"/><trkpt lat="37.105696192" lon="-118.600440659"/><trkpt lat="37.105738102" lon="-118.600407047"/><trkpt lat="37.105785962" lon="-118.600390786"/><trkpt lat="37.105813371" lon="-118.600406712"/><trkpt lat="37.105830805" lon="-118.600479886"/><trkpt lat="37.105814377" lon="-118.600556245"/><trkpt lat="37.105787219" lon="-118.600636125"/><trkpt lat="37.105743382" lon="-118.600702342"/><trkpt lat="37.105707088" lon="-118.60077057"/><trkpt lat="37.105698287" lon="-118.600856569"/><trkpt lat="37.105711363" lon="-118.600914404"/><trkpt lat="37.105763415" lon="-118.600921193"/><trkpt lat="37.10583332" lon="-118.600857574"/><trkpt lat="37.105910769" lon="-118.600811223"/><trkpt lat="37.10598914" lon="-118.600686416"/><trkpt lat="37.106025936" lon="-118.600579882"/><trkpt lat="37.106087459" lon="-118.600456584"/><trkpt lat="37.106143869" lon="-118.600373436"/><trkpt lat="37.106178068" lon="-118.600339657"/><trkpt lat="37.106221234" lon="-118.60032524"/><trkpt lat="37.10627446" lon="-118.600360863"/><trkpt lat="37.106330367" lon="-118.600427164"/><trkpt lat="37.106379736" lon="-118.600522131"/><trkpt lat="37.106410414" lon="-118.600641657"/><trkpt lat="37.106468417" lon="-118.600778952"/><trkpt lat="37.10651896" lon="-118.600898813"/><trkpt lat="37.106572269" lon="-118.600961426"/><trkpt lat="37.106655417" lon="-118.601052454"/><trkpt lat="37.106731273" lon="-118.601134177"/><trkpt lat="37.106807297" lon="-118.601211375"/><trkpt lat="37.106881896" lon="-118.601251859"/><trkpt lat="37.107031848" lon="-118.601282453"/><trkpt lat="37.107136287" lon="-118.601289243"/><trkpt lat="37.107236451" lon="-118.601341713"/><trkpt lat="37.107327394" lon="-118.601396279"/><trkpt lat="37.107438538" lon="-118.601446738"/><trkpt lat="37.107543312" lon="-118.601430645"/><trkpt lat="37.107669795" lon="-118.601433244"/><trkpt lat="37.107777921" lon="-118.601437854"/><trkpt lat="37.107896945" lon="-118.601449504"/><trkpt lat="37.107984703" lon="-118.601469705"/><trkpt lat="37.108057123" lon="-118.601537598"/><trkpt lat="37.108136248" lon="-118.601653771"/><trkpt lat="37.108200872" lon="-118.601755863"/><trkpt lat="37.108259965" lon="-118.601860134"/><trkpt lat="37.10832132" lon="-118.601930123"/><trkpt lat="37.108397344" lon="-118.60200271"/><trkpt lat="37.108473284" lon="-118.602084434"/><trkpt lat="37.108567832" lon="-118.602145957"/><trkpt lat="37.108656932" lon="-118.602198176"/><trkpt lat="37.108760867" lon="-118.602246121"/><trkpt lat="37.108850302" lon="-118.602273194"/><trkpt lat="37.108911658" lon="-118.602345446"/><trkpt lat="37.108972259" lon="-118.602474947"/><trkpt lat="37.109045517" lon="-118.602616182"/><trkpt lat="37.10909564" lon="-118.602706539"/><trkpt lat="37.109137131" lon="-118.602757752"/><trkpt lat="37.109201169" lon="-118.602770576"/><trkpt lat="37.109263614" lon="-118.602765044"/><trkpt lat="37.10933662" lon="-118.602789436"/><trkpt lat="37.109398395" lon="-118.602831932"/><trkpt lat="37.109488919" lon="-118.602913991"/><trkpt lat="37.109578857" lon="-118.603046425"/><trkpt lat="37.109627388" lon="-118.603120688"/><trkpt lat="37.109683966" lon="-118.603140218"/><trkpt lat="37.109743645" lon="-118.603196377"/><trkpt lat="37.109769797" lon="-118.603299977"/><trkpt lat="37.109771054" lon="-118.603338953"/><trkpt lat="37.109785136" lon="-118.603382707"/><trkpt lat="37.109827297" lon="-118.603385892"/><trkpt lat="37.109902566" lon="-118.603380611"/><trkpt lat="37.10997968" lon="-118.603370804"/><trkpt lat="37.110097781" lon="-118.603316071"/><trkpt lat="37.110182941" lon="-118.603256056"/><trkpt lat="37.11025863" lon="-118.60321641"/><trkpt lat="37.110352004" lon="-118.603232168"/><trkpt lat="37.110405145" lon="-118.603230994"/><trkpt lat="37.110483851" lon="-118.603241807"/><trkpt lat="37.110556187" lon="-118.603318837"/><trkpt lat="37.110602874" lon="-118.603390837"/><trkpt lat="37.110596253" lon="-118.603473147"/><trkpt lat="37.110587871" lon="-118.603553111"/><trkpt lat="37.110618381" lon="-118.603599546"/><trkpt lat="37.110716617" lon="-118.60366107"/><trkpt lat="37.110813595" lon="-118.603674565"/><trkpt lat="37.110936306" lon="-118.603686383"/><trkpt lat="37.110977042" lon="-118.603657465"/><trkpt lat="37.111048792" lon="-118.603636092"/><trkpt lat="37.111118529" lon="-118.60363299"/><trkpt lat="37.11120788" lon="-118.6036692"/><trkpt lat="37.111340398" lon="-118.603770453"/><trkpt lat="37.111509964" lon="-118.603868857"/><trkpt lat="37.111719595" lon="-118.603980923"/><trkpt lat="37.111908188" lon="-118.604111178"/><trkpt lat="37.112122597" lon="-118.604308823"/><trkpt lat="37.112349076" lon="-118.6044918"/><trkpt lat="37.112543453" lon="-118.604633287"/><trkpt lat="37.112696338" lon="-118.604766475"/><trkpt lat="37.112794491" lon="-118.604983985"/><trkpt lat="37.112862719" lon="-118.605215661"/><trkpt lat="37.112907562" lon="-118.605420766"/><trkpt lat="37.112873197" lon="-118.605542639"/><trkpt lat="37.112858025" lon="-118.605783619"/><trkpt lat="37.112814859" lon="-118.606116967"/><trkpt lat="37.112799687" lon="-118.606357947"/><trkpt lat="37.112776721" lon="-118.606520891"/><trkpt lat="37.112717377" lon="-118.606731277"/><trkpt lat="37.112694411" lon="-118.606890449"/><trkpt lat="37.112669265" lon="-118.606986506"/><trkpt lat="37.112659626" lon="-118.607038222"/><trkpt lat="37.11265007" lon="-118.607090022"/><trkpt lat="37.112636073" lon="-118.607245674"/><trkpt lat="37.112610172" lon="-118.607401159"/><trkpt lat="37.112539681" lon="-118.607551865"/><trkpt lat="37.112462986" lon="-118.607724784"/><trkpt lat="37.112377658" lon="-118.607878927"/><trkpt lat="37.112388136" lon="-118.607986802"/><trkpt lat="37.11237615" lon="-118.608209342"/><trkpt lat="37.112432979" lon="-118.608407406"/><trkpt lat="37.112519313" lon="-118.608620893"/><trkpt lat="37.112591146" lon="-118.608804373"/><trkpt lat="37.112656692" lon="-118.609017357"/><trkpt lat="37.112689633" lon="-118.609218607"/><trkpt lat="37.112763813" lon="-118.609446678"/><trkpt lat="37.112845117" lon="-118.609596966"/><trkpt lat="37.112959614" lon="-118.609703332"/><trkpt lat="37.1131125" lon="-118.609836521"/><trkpt lat="37.11325625" lon="-118.609980689"/><trkpt lat="37.113389103" lon="-118.610050343"/><trkpt lat="37.113539139" lon="-118.610172383"/><trkpt lat="37.113629663" lon="-118.610293083"/><trkpt lat="37.113641063" lon="-118.610549569"/><trkpt lat="37.113623628" lon="-118.610738581"/><trkpt lat="37.113610972" lon="-118.611016776"/><trkpt lat="37.113592783" lon="-118.611257756"/><trkpt lat="37.113604685" lon="-118.611477111"/><trkpt lat="37.11358876" lon="-118.611558499"/><trkpt lat="37.11350075" lon="-118.611686574"/><trkpt lat="37.113412488" lon="-118.611833258"/><trkpt lat="37.113348367" lon="-118.611958148"/><trkpt lat="37.113344762" lon="-118.612225447"/><trkpt lat="37.11336052" lon="-118.612377997"/><trkpt lat="37.113400418" lon="-118.612505067"/><trkpt lat="37.113392539" lon="-118.612649739"/><trkpt lat="37.113337051" lon="-118.612789633"/><trkpt lat="37.113274857" lon="-118.612992559"/><trkpt lat="37.113214089" lon="-118.613306964"/><trkpt lat="37.113196738" lon="-118.613488516"/><trkpt lat="37.113180812" lon="-118.613785235"/><trkpt lat="37.113179723" lon="-118.61408229"/><trkpt lat="37.113192044" lon="-118.614271889"/><trkpt lat="37.113201013" lon="-118.614487471"/><trkpt lat="37.113223309" lon="-118.614599369"/><trkpt lat="37.113272594" lon="-118.614693247"/><trkpt lat="37.113287849" lon="-118.614879241"/><trkpt lat="37.113253232" lon="-118.615023326"/><trkpt lat="37.113161869" lon="-118.615177302"/><trkpt lat="37.113082744" lon="-118.615313005"/><trkpt lat="37.113008816" lon="-118.615497155"/><trkpt lat="37.11295425" lon="-118.615577621"/><trkpt lat="37.112935055" lon="-118.615673762"/><trkpt lat="37.112936564" lon="-118.615781469"/><trkpt lat="37.112870011" lon="-118.615865456"/><trkpt lat="37.112802789" lon="-118.615997722"/><trkpt lat="37.112734979" lon="-118.616174497"/><trkpt lat="37.112673707" lon="-118.616303159"/><trkpt lat="37.112665744" lon="-118.616451602"/><trkpt lat="37.11271679" lon="-118.616638351"/><trkpt lat="37.112759957" lon="-118.616743209"/><trkpt lat="37.112791641" lon="-118.616814455"/><trkpt lat="37.112805806" lon="-118.616866758"/><trkpt lat="37.112833802" lon="-118.616997264"/><trkpt lat="37.112870766" lon="-118.617124334"/><trkpt lat="37.112877639" lon="-118.617273029"/><trkpt lat="37.112881662" lon="-118.61741418"/><trkpt lat="37.112916196" lon="-118.617500346"/><trkpt lat="37.1129975" lon="-118.617643174"/><trkpt lat="37.113078972" lon="-118.617771165"/><trkpt lat="37.11310789" lon="-118.61783118"/><trkpt lat="37.113127252" lon="-118.617942994"/><trkpt lat="37.113125492" lon="-118.618072914"/><trkpt lat="37.113076542" lon="-118.618172156"/><trkpt lat="37.113036225" lon="-118.618293777"/><trkpt lat="37.113005798" lon="-118.618345158"/><trkpt lat="37.112986185" lon="-118.618474742"/><trkpt lat="37.112988364" lon="-118.618749501"/><trkpt lat="37.112958943" lon="-118.618942033"/><trkpt lat="37.112876298" lon="-118.619114785"/><trkpt lat="37.112806393" lon="-118.619224671"/><trkpt lat="37.112766244" lon="-118.619335229"/><trkpt lat="37.112755766" lon="-118.619450061"/><trkpt lat="37.112768255" lon="-118.619624907"/><trkpt lat="37.112752162" lon="-118.61971736"/><trkpt lat="37.112724334" lon="-118.619794725"/><trkpt lat="37.112672282" lon="-118.619901342"/><trkpt lat="37.112589637" lon="-118.620074093"/><trkpt lat="37.11251948" lon="-118.620206276"/><trkpt lat="37.112484695" lon="-118.620357737"/><trkpt lat="37.112479834" lon="-118.620491344"/><trkpt lat="37.112487042" lon="-118.620617744"/><trkpt lat="37.112481594" lon="-118.620799631"/><trkpt lat="37.11250037" lon="-118.620952265"/><trkpt lat="37.112519313" lon="-118.621086292"/><trkpt lat="37.112547057" lon="-118.621231718"/><trkpt lat="37.112592654" lon="-118.621377479"/><trkpt lat="37.11262065" lon="-118.621504381"/><trkpt lat="37.112645125" lon="-118.621672019"/><trkpt lat="37.112637078" lon="-118.621827755"/><trkpt lat="37.112652333" lon="-118.622017438"/><trkpt lat="37.112676892" lon="-118.6221777"/><trkpt lat="37.112713605" lon="-118.622323293"/><trkpt lat="37.112743026" lon="-118.622561591"/><trkpt lat="37.112766495" lon="-118.622803409"/><trkpt lat="37.112793736" lon="-118.622985967"/><trkpt lat="37.112838747" lon="-118.62317632"/><trkpt lat="37.11287437" lon="-118.623399865"/><trkpt lat="37.112907814" lon="-118.623563983"/><trkpt lat="37.112943521" lon="-118.623780068"/><trkpt lat="37.112962464" lon="-118.623917866"/><trkpt lat="37.112986436" lon="-118.624118948"/><trkpt lat="37.112977635" lon="-118.624326652"/><trkpt lat="37.11298761" lon="-118.624467971"/><trkpt lat="37.113054581" lon="-118.624573415"/><trkpt lat="37.11313027" lon="-118.624693863"/><trkpt lat="37.113208724" lon="-118.624829231"/><trkpt lat="37.113260776" lon="-118.624934256"/><trkpt lat="37.113279887" lon="-118.625060907"/><trkpt lat="37.113301596" lon="-118.625213625"/><trkpt lat="37.113336129" lon="-118.625296103"/><trkpt lat="37.113353228" lon="-118.625348406"/><trkpt lat="37.113351971" lon="-118.625441277"/><trkpt lat="37.113294806" lon="-118.6254883"/><trkpt lat="37.113228841" lon="-118.625527695"/><trkpt lat="37.113210065" lon="-118.625597851"/><trkpt lat="37.113188021" lon="-118.62569022"/><trkpt lat="37.113168491" lon="-118.625812344"/><trkpt lat="37.113146614" lon="-118.625889877"/><trkpt lat="37.113133958" lon="-118.625945281"/><trkpt lat="37.113100933" lon="-118.626005715"/><trkpt lat="37.113081152" lon="-118.626084253"/><trkpt lat="37.11306816" lon="-118.626177628"/><trkpt lat="37.113084337" lon="-118.626195481"/><trkpt lat="37.113117529" lon="-118.626166983"/><trkpt lat="37.113165054" lon="-118.62611535"/><trkpt lat="37.11320797" lon="-118.62606355"/><trkpt lat="37.113259938" lon="-118.626032537"/><trkpt lat="37.11330411" lon="-118.626056844"/><trkpt lat="37.113309894" lon="-118.626144771"/><trkpt lat="37.113301679" lon="-118.626235211"/><trkpt lat="37.113319533" lon="-118.626300003"/><trkpt lat="37.113357168" lon="-118.626286173"/><trkpt lat="37.11339782" lon="-118.626228506"/><trkpt lat="37.113442412" lon="-118.626220711"/><trkpt lat="37.113478957" lon="-118.626288772"/><trkpt lat="37.113470407" lon="-118.626399748"/><trkpt lat="37.113456577" lon="-118.626551544"/><trkpt lat="37.113453476" lon="-118.626779616"/><trkpt lat="37.113479627" lon="-118.626926467"/><trkpt lat="37.113489853" lon="-118.627031995"/><trkpt lat="37.113473928" lon="-118.627169123"/><trkpt lat="37.113446519" lon="-118.627285548"/><trkpt lat="37.113451883" lon="-118.627411444"/><trkpt lat="37.113459175" lon="-118.627563743"/><trkpt lat="37.113455404" lon="-118.627666002"/><trkpt lat="37.113511143" lon="-118.627702296"/><trkpt lat="37.113575432" lon="-118.627624679"/><trkpt lat="37.113640057" lon="-118.627523761"/><trkpt lat="37.113694958" lon="-118.627451761"/><trkpt lat="37.113761008" lon="-118.627415132"/><trkpt lat="37.113842564" lon="-118.627452012"/><trkpt lat="37.113901991" lon="-118.627555696"/><trkpt lat="37.113889167" lon="-118.627806986"/><trkpt lat="37.113810126" lon="-118.628109489"/><trkpt lat="37.113731503" lon="-118.628374022"/><trkpt lat="37.113681464" lon="-118.628604021"/><trkpt lat="37.113531008" lon="-118.628940471"/><trkpt lat="37.113374099" lon="-118.629460735"/><trkpt lat="37.113236636" lon="-118.630018886"/><trkpt lat="37.113141334" lon="-118.630415769"/><trkpt lat="37.113116439" lon="-118.630776778"/><trkpt lat="37.113181148" lon="-118.631152203"/><trkpt lat="37.113237977" lon="-118.631377844"/><trkpt lat="37.113295645" lon="-118.631541124"/><trkpt lat="37.113404442" lon="-118.631618321"/><trkpt lat="37.113535367" lon="-118.631533831"/><trkpt lat="37.11363486" lon="-118.631560905"/><trkpt lat="37.113722954" lon="-118.631687472"/><trkpt lat="37.113599237" lon="-118.631971534"/><trkpt lat="37.113435455" lon="-118.632267248"/><trkpt lat="37.113376027" lon="-118.632332878"/><trkpt lat="37.113323053" lon="-118.632428516"/><trkpt lat="37.113304529" lon="-118.632521303"/><trkpt lat="37.113344343" lon="-118.632547287"/><trkpt lat="37.113390528" lon="-118.632530356"/><trkpt lat="37.113451296" lon="-118.632495822"/><trkpt lat="37.113483232" lon="-118.632471347"/><trkpt lat="37.113520782" lon="-118.632454248"/><trkpt lat="37.113540396" lon="-118.632490542"/><trkpt lat="37.113525141" lon="-118.632554747"/><trkpt lat="37.113484237" lon="-118.632604033"/><trkpt lat="37.113461103" lon="-118.632621467"/><trkpt lat="37.113411734" lon="-118.632659856"/><trkpt lat="37.113362532" lon="-118.632691037"/><trkpt lat="37.11332758" lon="-118.632726157"/><trkpt lat="37.113298243" lon="-118.63277209"/><trkpt lat="37.113288855" lon="-118.63282565"/><trkpt lat="37.113314336" lon="-118.632854903"/><trkpt lat="37.113389019" lon="-118.632849287"/><trkpt lat="37.113438305" lon="-118.632818107"/><trkpt lat="37.11348189" lon="-118.632776029"/><trkpt lat="37.113525895" lon="-118.63270889"/><trkpt lat="37.113578115" lon="-118.632666981"/><trkpt lat="37.113629663" lon="-118.632675279"/><trkpt lat="37.11366076" lon="-118.632715344"/><trkpt lat="37.113631424" lon="-118.632757757"/><trkpt lat="37.113587754" lon="-118.632803438"/><trkpt lat="37.113552885" lon="-118.63283135"/><trkpt lat="37.113503767" lon="-118.632858926"/><trkpt lat="37.113451464" lon="-118.632900836"/><trkpt lat="37.113396144" lon="-118.632956995"/><trkpt lat="37.113386588" lon="-118.633028492"/><trkpt lat="37.113420283" lon="-118.63307937"/><trkpt lat="37.113500666" lon="-118.633081131"/><trkpt lat="37.113569984" lon="-118.633050369"/><trkpt lat="37.113622455" lon="-118.632994127"/><trkpt lat="37.113680122" lon="-118.632977447"/><trkpt lat="37.113746256" lon="-118.632964538"/><trkpt lat="37.113797804" lon="-118.632976441"/><trkpt lat="37.113788333" lon="-118.633037126"/><trkpt lat="37.113747513" lon="-118.633086411"/><trkpt lat="37.113680793" lon="-118.633135194"/><trkpt lat="37.11362849" lon="-118.633180624"/><trkpt lat="37.113581887" lon="-118.633229826"/><trkpt lat="37.113589514" lon="-118.633298138"/><trkpt lat="37.113632178" lon="-118.633327726"/><trkpt lat="37.113692695" lon="-118.633314651"/><trkpt lat="37.113770396" lon="-118.63329839"/><trkpt lat="37.11383108" lon="-118.633271065"/><trkpt lat="37.113868296" lon="-118.633279027"/><trkpt lat="37.113864189" lon="-118.633368546"/><trkpt lat="37.11382295" lon="-118.633442894"/><trkpt lat="37.113775676" lon="-118.633542303"/><trkpt lat="37.11373385" lon="-118.63365965"/><trkpt lat="37.113711555" lon="-118.633820498"/><trkpt lat="37.113696048" lon="-118.633902641"/><trkpt lat="37.113699652" lon="-118.634060388"/><trkpt lat="37.113692192" lon="-118.634182094"/><trkpt lat="37.113696048" lon="-118.634321988"/><trkpt lat="37.113708453" lon="-118.634465653"/><trkpt lat="37.11372111" lon="-118.634587778"/><trkpt lat="37.113776011" lon="-118.634560285"/><trkpt lat="37.113831583" lon="-118.634486189"/><trkpt lat="37.113895705" lon="-118.634415949"/><trkpt lat="37.113946415" lon="-118.634485099"/><trkpt lat="37.113933424" lon="-118.634595908"/><trkpt lat="37.113937782" lon="-118.634692803"/><trkpt lat="37.113983631" lon="-118.634701017"/><trkpt lat="37.1140242" lon="-118.634676794"/><trkpt lat="37.114064014" lon="-118.634702694"/><trkpt lat="37.114065941" lon="-118.634770839"/><trkpt lat="37.114013219" lon="-118.634845018"/><trkpt lat="37.113940632" lon="-118.634904362"/><trkpt lat="37.113911128" lon="-118.634964712"/><trkpt lat="37.113944571" lon="-118.635037048"/><trkpt lat="37.114030151" lon="-118.635074766"/><trkpt lat="37.114109946" lon="-118.635115921"/><trkpt lat="37.114131404" lon="-118.635227485"/><trkpt lat="37.114069294" lon="-118.635358829"/><trkpt lat="37.114019087" lon="-118.635465279"/><trkpt lat="37.11396276" lon="-118.635589499"/><trkpt lat="37.113921689" lon="-118.635656722"/><trkpt lat="37.113932753" lon="-118.635893511"/><trkpt lat="37.11396452" lon="-118.636091407"/><trkpt lat="37.114012884" lon="-118.636329034"/><trkpt lat="37.114055967" lon="-118.636537828"/><trkpt lat="37.114122603" lon="-118.636700604"/><trkpt lat="37.114223773" lon="-118.636856927"/><trkpt lat="37.114333073" lon="-118.637049207"/><trkpt lat="37.114362326" lon="-118.637218354"/><trkpt lat="37.114302143" lon="-118.637421364"/><trkpt lat="37.114248583" lon="-118.637556396"/><trkpt lat="37.114264257" lon="-118.637667876"/><trkpt lat="37.114381688" lon="-118.637688328"/><trkpt lat="37.114542536" lon="-118.63768464"/><trkpt lat="37.114686538" lon="-118.637648346"/><trkpt lat="37.114796173" lon="-118.637611214"/><trkpt lat="37.114902874" lon="-118.637574082"/><trkpt lat="37.114989711" lon="-118.637525802"/><trkpt lat="37.115115859" lon="-118.637535693"/><trkpt lat="37.115290705" lon="-118.637553798"/><trkpt lat="37.115436802" lon="-118.637578441"/><trkpt lat="37.115628831" lon="-118.637600485"/><trkpt lat="37.115711309" lon="-118.637656057"/><trkpt lat="37.115729162" lon="-118.637817744"/><trkpt lat="37.115725642" lon="-118.638075823"/><trkpt lat="37.115769479" lon="-118.638227284"/><trkpt lat="37.115788506" lon="-118.638306577"/><trkpt lat="37.115851371" lon="-118.638325855"/><trkpt lat="37.115898142" lon="-118.63826232"/><trkpt lat="37.115933597" lon="-118.638191409"/><trkpt lat="37.115984978" lon="-118.638210436"/><trkpt lat="37.115980955" lon="-118.638296351"/><trkpt lat="37.115945667" lon="-118.638356533"/><trkpt lat="37.115970477" lon="-118.638428785"/><trkpt lat="37.116007358" lon="-118.638465414"/><trkpt lat="37.116070725" lon="-118.638448901"/><trkpt lat="37.116125207" lon="-118.638450075"/><trkpt lat="37.116150269" lon="-118.63850791"/><trkpt lat="37.116100732" lon="-118.638560632"/><trkpt lat="37.116048681" lon="-118.638588209"/><trkpt lat="37.116027977" lon="-118.638630789"/><trkpt lat="37.116053626" lon="-118.638649229"/><trkpt lat="37.116099559" lon="-118.638646631"/><trkpt lat="37.116151275" lon="-118.638640596"/><trkpt lat="37.116202489" lon="-118.63867756"/><trkpt lat="37.116224365" lon="-118.638756853"/><trkpt lat="37.116208775" lon="-118.63884612"/><trkpt lat="37.116142139" lon="-118.638891298"/><trkpt lat="37.116087405" lon="-118.638900854"/><trkpt lat="37.115998054" lon="-118.638931196"/><trkpt lat="37.115945164" lon="-118.639016105"/><trkpt lat="37.115961593" lon="-118.639077377"/><trkpt lat="37.116032001" lon="-118.639172092"/><trkpt lat="37.116073156" lon="-118.63930922"/><trkpt lat="37.11615094" lon="-118.63949731"/><trkpt lat="37.116200728" lon="-118.639634605"/><trkpt lat="37.116254037" lon="-118.639725382"/><trkpt lat="37.11631598" lon="-118.639812721"/><trkpt lat="37.11638689" lon="-118.63987877"/><trkpt lat="37.116438355" lon="-118.639890673"/><trkpt lat="37.116447575" lon="-118.639844237"/><trkpt lat="37.116440032" lon="-118.6397688"/><trkpt lat="37.116447156" lon="-118.639668636"/><trkpt lat="37.116499292" lon="-118.639637455"/><trkpt lat="37.116553523" lon="-118.639656566"/><trkpt lat="37.116615633" lon="-118.639733177"/><trkpt lat="37.116675563" lon="-118.63975958"/><trkpt lat="37.116696183" lon="-118.639724208"/><trkpt lat="37.116694087" lon="-118.639663188"/><trkpt lat="37.116712444" lon="-118.639584733"/><trkpt lat="37.116756113" lon="-118.639542656"/><trkpt lat="37.11679006" lon="-118.639575597"/><trkpt lat="37.11681487" lon="-118.639647849"/><trkpt lat="37.116865916" lon="-118.639695542"/><trkpt lat="37.116912352" lon="-118.639657153"/><trkpt lat="37.116959374" lon="-118.639582889"/><trkpt lat="37.116989298" lon="-118.639493873"/><trkpt lat="37.117061298" lon="-118.639473924"/><trkpt lat="37.117129443" lon="-118.639532765"/><trkpt lat="37.117185937" lon="-118.639594959"/><trkpt lat="37.117231954" lon="-118.639588756"/><trkpt lat="37.117235726" lon="-118.6395243"/><trkpt lat="37.11721695" lon="-118.639430758"/><trkpt lat="37.117252992" lon="-118.639316764"/><trkpt lat="37.117310241" lon="-118.63932875"/><trkpt lat="37.117354833" lon="-118.639426483"/><trkpt lat="37.117399508" lon="-118.639517091"/><trkpt lat="37.117460696" lon="-118.639450287"/><trkpt lat="37.117499085" lon="-118.639372252"/><trkpt lat="37.11751543" lon="-118.639229257"/><trkpt lat="37.117545605" lon="-118.639118783"/><trkpt lat="37.117634788" lon="-118.639109982"/><trkpt lat="37.117745345" lon="-118.63920914"/><trkpt lat="37.117852801" lon="-118.639329756"/><trkpt lat="37.118017254" lon="-118.63947669"/><trkpt lat="37.118118005" lon="-118.639661679"/><trkpt lat="37.118258988" lon="-118.63985111"/><trkpt lat="37.118362589" lon="-118.640039787"/><trkpt lat="37.118505836" lon="-118.640265092"/><trkpt lat="37.118726531" lon="-118.640499283"/><trkpt lat="37.118899534" lon="-118.640653593"/><trkpt lat="37.119097346" lon="-118.640880156"/><trkpt lat="37.11921134" lon="-118.640943523"/><trkpt lat="37.119330615" lon="-118.641075874"/><trkpt lat="37.119353581" lon="-118.641392039"/><trkpt lat="37.119404376" lon="-118.641674677"/><trkpt lat="37.119471263" lon="-118.641778445"/><trkpt lat="37.119580982" lon="-118.641746761"/><trkpt lat="37.119650217" lon="-118.641679958"/><trkpt lat="37.119751973" lon="-118.64173335"/><trkpt lat="37.119914163" lon="-118.641864862"/><trkpt lat="37.120029079" lon="-118.641952621"/><trkpt lat="37.120124465" lon="-118.641971815"/><trkpt lat="37.120180372" lon="-118.641879112"/><trkpt lat="37.120249439" lon="-118.641829407"/><trkpt lat="37.120337617" lon="-118.641873999"/><trkpt lat="37.120439708" lon="-118.641901826"/><trkpt lat="37.120542889" lon="-118.641852876"/><trkpt lat="37.120606927" lon="-118.641666546"/><trkpt lat="37.120684041" lon="-118.641523132"/><trkpt lat="37.12076107" lon="-118.641388351"/><trkpt lat="37.120884787" lon="-118.64133982"/><trkpt lat="37.120986376" lon="-118.641401678"/><trkpt lat="37.121067597" lon="-118.641454652"/><trkpt lat="37.121156529" lon="-118.64144803"/><trkpt lat="37.121239677" lon="-118.641364546"/><trkpt lat="37.121342858" lon="-118.641315596"/><trkpt lat="37.121479483" lon="-118.64131853"/><trkpt lat="37.121675871" lon="-118.641442247"/><trkpt lat="37.121919617" lon="-118.641601084"/><trkpt lat="37.122128913" lon="-118.641784815"/><trkpt lat="37.122352542" lon="-118.641917584"/><trkpt lat="37.122541303" lon="-118.642100813"/><trkpt lat="37.122641634" lon="-118.642256632"/><trkpt lat="37.122766692" lon="-118.642600626"/><trkpt lat="37.12287046" lon="-118.643003879"/><trkpt lat="37.122981688" lon="-118.643356087"/><trkpt lat="37.123059053" lon="-118.643690525"/><trkpt lat="37.123124097" lon="-118.643930834"/><trkpt lat="37.123202048" lon="-118.644222608"/><trkpt lat="37.123309756" lon="-118.644335847"/><trkpt lat="37.123390054" lon="-118.64445705"/><trkpt lat="37.123431293" lon="-118.644556291"/><trkpt lat="37.123469934" lon="-118.644668609"/><trkpt lat="37.123492816" lon="-118.644788973"/><trkpt lat="37.123553753" lon="-118.644899027"/><trkpt lat="37.123621898" lon="-118.644978572"/><trkpt lat="37.123694401" lon="-118.645063816"/><trkpt lat="37.123789033" lon="-118.645160627"/><trkpt lat="37.123846533" lon="-118.645198094"/><trkpt lat="37.123906463" lon="-118.645224497"/><trkpt lat="37.123955162" lon="-118.645250648"/><trkpt lat="37.123949965" lon="-118.645303538"/><trkpt lat="37.123911744" lon="-118.645324996"/><trkpt lat="37.123864889" lon="-118.645326756"/><trkpt lat="37.123789201" lon="-118.6453084"/><trkpt lat="37.123717703" lon="-118.645312423"/><trkpt lat="37.123646038" lon="-118.645327594"/><trkpt lat="37.123636315" lon="-118.645385932"/><trkpt lat="37.123670848" lon="-118.645470338"/><trkpt lat="37.123746453" lon="-118.64549146"/><trkpt lat="37.123828679" lon="-118.645518366"/><trkpt lat="37.123863632" lon="-118.64557486"/><trkpt lat="37.123842929" lon="-118.645621799"/><trkpt lat="37.123795738" lon="-118.645640239"/><trkpt lat="37.123702029" lon="-118.645638227"/><trkpt lat="37.123638997" lon="-118.645678712"/><trkpt lat="37.123569762" lon="-118.64583889"/><trkpt lat="37.123535816" lon="-118.646036033"/><trkpt lat="37.123509664" lon="-118.646308696"/><trkpt lat="37.123552244" lon="-118.646457391"/><trkpt lat="37.123615276" lon="-118.646584209"/><trkpt lat="37.123715859" lon="-118.646734161"/><trkpt lat="37.123776544" lon="-118.646863662"/><trkpt lat="37.123826416" lon="-118.646973465"/><trkpt lat="37.123872349" lon="-118.647038592"/><trkpt lat="37.123907888" lon="-118.647050494"/><trkpt lat="37.123930603" lon="-118.647023169"/><trkpt lat="37.123940494" lon="-118.646953683"/><trkpt lat="37.123937979" lon="-118.646814208"/><trkpt lat="37.123950301" lon="-118.646569205"/><trkpt lat="37.123963796" lon="-118.646399388"/><trkpt lat="37.123959521" lon="-118.646229235"/><trkpt lat="37.123970753" lon="-118.646059418"/><trkpt lat="37.123987097" lon="-118.646006864"/><trkpt lat="37.124054572" lon="-118.645974845"/><trkpt lat="37.124144174" lon="-118.645951711"/><trkpt lat="37.124254061" lon="-118.645912232"/><trkpt lat="37.124305526" lon="-118.645905023"/><trkpt lat="37.124348022" lon="-118.645897564"/><trkpt lat="37.124360595" lon="-118.645959171"/><trkpt lat="37.124336623" lon="-118.646075763"/><trkpt lat="37.124291109" lon="-118.646141645"/><trkpt lat="37.124258336" lon="-118.646252453"/><trkpt lat="37.124269987" lon="-118.646375416"/><trkpt lat="37.124339053" lon="-118.646387989"/><trkpt lat="37.124436283" lon="-118.646457056"/><trkpt lat="37.124495544" lon="-118.646530816"/><trkpt lat="37.124523036" lon="-118.646642882"/><trkpt lat="37.124534016" lon="-118.646813203"/><trkpt lat="37.124552038" lon="-118.646964161"/><trkpt lat="37.124533262" lon="-118.64718955"/><trkpt lat="37.124513146" lon="-118.64735635"/><trkpt lat="37.124479366" lon="-118.647536896"/><trkpt lat="37.12440066" lon="-118.647735883"/><trkpt lat="37.124287086" lon="-118.647881141"/><trkpt lat="37.124187844" lon="-118.647954315"/><trkpt lat="37.124160603" lon="-118.647984322"/><trkpt lat="37.124117604" lon="-118.648030842"/><trkpt lat="37.124103187" lon="-118.64810301"/><trkpt lat="37.124059936" lon="-118.64816336"/><trkpt lat="37.124043424" lon="-118.648227146"/><trkpt lat="37.124094302" lon="-118.648261679"/><trkpt lat="37.124172337" lon="-118.648268972"/><trkpt lat="37.124263784" lon="-118.648270983"/><trkpt lat="37.12434601" lon="-118.648300571"/><trkpt lat="37.124346765" lon="-118.648406519"/><trkpt lat="37.124288511" lon="-118.648419259"/><trkpt lat="37.124218941" lon="-118.648448428"/><trkpt lat="37.12415155" lon="-118.648474831"/><trkpt lat="37.124141576" lon="-118.648552615"/><trkpt lat="37.124192202" lon="-118.648601146"/><trkpt lat="37.12427686" lon="-118.648614138"/><trkpt lat="37.124368055" lon="-118.648638446"/><trkpt lat="37.124454305" lon="-118.648698796"/><trkpt lat="37.124527227" lon="-118.648753362"/><trkpt lat="37.124612974" lon="-118.648844473"/><trkpt lat="37.124667289" lon="-118.64895436"/><trkpt lat="37.124694949" lon="-118.649052512"/><trkpt lat="37.124695452" lon="-118.649177989"/><trkpt lat="37.124649854" lon="-118.649243871"/><trkpt lat="37.124589086" lon="-118.649278823"/><trkpt lat="37.124515744" lon="-118.649257701"/><trkpt lat="37.124442151" lon="-118.649250576"/><trkpt lat="37.124363948" lon="-118.649259964"/><trkpt lat="37.124318602" lon="-118.649309166"/><trkpt lat="37.124255402" lon="-118.649355182"/><trkpt lat="37.124199579" lon="-118.649359541"/><trkpt lat="37.124121711" lon="-118.649338335"/><trkpt lat="37.124044346" lon="-118.649286535"/><trkpt lat="37.123984834" lon="-118.64923222"/><trkpt lat="37.123897998" lon="-118.649213612"/><trkpt lat="37.123830775" lon="-118.649231717"/><trkpt lat="37.123772437" lon="-118.649252756"/><trkpt lat="37.123723067" lon="-118.649273962"/><trkpt lat="37.12372005" lon="-118.649329618"/><trkpt lat="37.123752488" lon="-118.649402792"/><trkpt lat="37.123789871" lon="-118.649442689"/><trkpt lat="37.123782076" lon="-118.649523323"/><trkpt lat="37.123737149" lon="-118.649541847"/><trkpt lat="37.123661544" lon="-118.649523491"/><trkpt lat="37.12357454" lon="-118.649516031"/><trkpt lat="37.123454008" lon="-118.649518965"/><trkpt lat="37.123317551" lon="-118.649535561"/><trkpt lat="37.123181093" lon="-118.649560455"/><trkpt lat="37.12306249" lon="-118.649580153"/><trkpt lat="37.122921171" lon="-118.649630109"/><trkpt lat="37.122815391" lon="-118.649691883"/><trkpt lat="37.122713551" lon="-118.649790036"/><trkpt lat="37.122638198" lon="-118.64991107"/><trkpt lat="37.122596037" lon="-118.650055071"/><trkpt lat="37.122568376" lon="-118.650274761"/><trkpt lat="37.122587487" lon="-118.650506521"/><trkpt lat="37.122616321" lon="-118.650680026"/><trkpt lat="37.122629732" lon="-118.65084473"/><trkpt lat="37.122620596" lon="-118.651017398"/><trkpt lat="37.122602658" lon="-118.651184281"/><trkpt lat="37.122576591" lon="-118.651454095"/><trkpt lat="37.122584553" lon="-118.651680071"/><trkpt lat="37.12259369" lon="-118.651828095"/><trkpt lat="37.12266284" lon="-118.651991207"/><trkpt lat="37.122747246" lon="-118.652185416"/><trkpt lat="37.122822851" lon="-118.652365459"/><trkpt lat="37.122883033" lon="-118.652531253"/><trkpt lat="37.122816229" lon="-118.652680367"/><trkpt lat="37.122731907" lon="-118.652806766"/><trkpt lat="37.122622859" lon="-118.652940961"/><trkpt lat="37.122496041" lon="-118.653072054"/><trkpt lat="37.122407528" lon="-118.653176073"/><trkpt lat="37.122309878" lon="-118.653296605"/><trkpt lat="37.122238968" lon="-118.653414873"/><trkpt lat="37.122172751" lon="-118.653525012"/><trkpt lat="37.122098738" lon="-118.653548481"/><trkpt lat="37.122009806" lon="-118.653524173"/><trkpt lat="37.121862955" lon="-118.65347011"/><trkpt lat="37.121599093" lon="-118.65349425"/><trkpt lat="37.121518292" lon="-118.65347933"/><trkpt lat="37.12145308" lon="-118.653477905"/><trkpt lat="37.121393401" lon="-118.653503722"/><trkpt lat="37.12131503" lon="-118.653593408"/><trkpt lat="37.121247975" lon="-118.65372031"/><trkpt lat="37.12120791" lon="-118.653899683"/><trkpt lat="37.121139346" lon="-118.653996997"/><trkpt lat="37.121040691" lon="-118.65412809"/><trkpt lat="37.120958297" lon="-118.654220123"/><trkpt lat="37.120901803" lon="-118.654302852"/><trkpt lat="37.120914208" lon="-118.654406872"/><trkpt lat="37.120958297" lon="-118.654506532"/><trkpt lat="37.120986544" lon="-118.654608373"/><trkpt lat="37.120970115" lon="-118.654650031"/><trkpt lat="37.120932564" lon="-118.654649192"/><trkpt lat="37.120850002" lon="-118.654612815"/><trkpt lat="37.120788982" lon="-118.654594207"/><trkpt lat="37.120751347" lon="-118.654600829"/><trkpt lat="37.12075646" lon="-118.654660173"/><trkpt lat="37.120781103" lon="-118.654737286"/><trkpt lat="37.120835921" lon="-118.654772993"/><trkpt lat="37.120904569" lon="-118.654813981"/><trkpt lat="37.120933738" lon="-118.654849185"/><trkpt lat="37.120911442" lon="-118.654888244"/><trkpt lat="37.120859809" lon="-118.654906852"/><trkpt lat="37.120780852" lon="-118.654892771"/><trkpt lat="37.120705666" lon="-118.654898554"/><trkpt lat="37.120624026" lon="-118.654943733"/><trkpt lat="37.120566107" lon="-118.654984385"/><trkpt lat="37.120489161" lon="-118.654972818"/><trkpt lat="37.120382963" lon="-118.654930992"/><trkpt lat="37.120272657" lon="-118.654898973"/><trkpt lat="37.120199902" lon="-118.654872738"/><trkpt lat="37.120129578" lon="-118.654809454"/><trkpt lat="37.120090853" lon="-118.654754302"/><trkpt lat="37.120032264" lon="-118.65470116"/><trkpt lat="37.1199264" lon="-118.654632177"/><trkpt lat="37.119870996" lon="-118.654640894"/><trkpt lat="37.119782567" lon="-118.654740136"/><trkpt lat="37.11969615" lon="-118.654839545"/><trkpt lat="37.119625658" lon="-118.654936776"/><trkpt lat="37.119615767" lon="-118.655074826"/><trkpt lat="37.11962088" lon="-118.655274902"/><trkpt lat="37.119615264" lon="-118.655393254"/><trkpt lat="37.119628424" lon="-118.655588636"/><trkpt lat="37.11962482" lon="-118.655704558"/><trkpt lat="37.119581318" lon="-118.655844368"/><trkpt lat="37.119553406" lon="-118.656004211"/><trkpt lat="37.119551562" lon="-118.656137483"/><trkpt lat="37.119523399" lon="-118.656314677"/><trkpt lat="37.119464222" lon="-118.656446692"/><trkpt lat="37.119378224" lon="-118.656654647"/><trkpt lat="37.119306643" lon="-118.656828403"/><trkpt lat="37.119297842" lon="-118.656889927"/><trkpt lat="37.119340003" lon="-118.656989587"/><trkpt lat="37.119400268" lon="-118.657060079"/><trkpt lat="37.119432539" lon="-118.657157058"/><trkpt lat="37.11939197" lon="-118.657227801"/><trkpt lat="37.119327346" lon="-118.657325115"/><trkpt lat="37.119284598" lon="-118.657413041"/><trkpt lat="37.119270097" lon="-118.657605322"/><trkpt lat="37.119279066" lon="-118.657812942"/><trkpt lat="37.119243694" lon="-118.657935569"/><trkpt lat="37.119184518" lon="-118.658067584"/><trkpt lat="37.119143698" lon="-118.65816297"/><trkpt lat="37.119134227" lon="-118.658273863"/><trkpt lat="37.119184351" lon="-118.658366315"/><trkpt lat="37.119230786" lon="-118.658438986"/><trkpt lat="37.119232798" lon="-118.658574773"/><trkpt lat="37.119187284" lon="-118.658719445"/><trkpt lat="37.119093658" lon="-118.658914911"/><trkpt lat="37.119005146" lon="-118.659162344"/><trkpt lat="37.118917471" lon="-118.659350518"/><trkpt lat="37.118850667" lon="-118.659462668"/><trkpt lat="37.118766429" lon="-118.659552187"/><trkpt lat="37.118637431" lon="-118.659724602"/><trkpt lat="37.118549002" lon="-118.659831304"/><trkpt lat="37.118487144" lon="-118.659867011"/><trkpt lat="37.11836569" lon="-118.659928534"/><trkpt lat="37.118217163" lon="-118.659949992"/><trkpt lat="37.117986325" lon="-118.660051078"/><trkpt lat="37.11786286" lon="-118.660119977"/><trkpt lat="37.117714584" lon="-118.660255009"/><trkpt lat="37.117628586" lon="-118.660327177"/><trkpt lat="37.117607463" lon="-118.660425497"/><trkpt lat="37.117611319" lon="-118.660571259"/><trkpt lat="37.11761618" lon="-118.660793547"/><trkpt lat="37.117581144" lon="-118.660894046"/><trkpt lat="37.117493637" lon="-118.660926651"/><trkpt lat="37.117388779" lon="-118.660934279"/><trkpt lat="37.117254417" lon="-118.660928831"/><trkpt lat="37.117145704" lon="-118.660926484"/><trkpt lat="37.117091892" lon="-118.660957413"/><trkpt lat="37.117031962" lon="-118.66100301"/><trkpt lat="37.11694764" lon="-118.66109496"/><trkpt lat="37.116876813" lon="-118.661211887"/><trkpt lat="37.116846638" lon="-118.661386566"/><trkpt lat="37.116789306" lon="-118.661528472"/><trkpt lat="37.116708588" lon="-118.661645232"/><trkpt lat="37.116599707" lon="-118.661795855"/><trkpt lat="37.116533658" lon="-118.661851259"/><trkpt lat="37.116418574" lon="-118.661966342"/><trkpt lat="37.116265101" lon="-118.662156444"/><trkpt lat="37.116120765" lon="-118.662275467"/><trkpt lat="37.115947763" lon="-118.662398933"/><trkpt lat="37.115816083" lon="-118.662487697"/><trkpt lat="37.115723295" lon="-118.662704621"/><trkpt lat="37.115626065" lon="-118.662951887"/><trkpt lat="37.115535038" lon="-118.663046686"/><trkpt lat="37.115400257" lon="-118.663064037"/><trkpt lat="37.115253992" lon="-118.663030341"/><trkpt lat="37.115037655" lon="-118.663045932"/><trkpt lat="37.114857277" lon="-118.663118351"/><trkpt lat="37.114618309" lon="-118.663296383"/><trkpt lat="37.114503225" lon="-118.663360085"/><trkpt lat="37.114339527" lon="-118.663407359"/><trkpt lat="37.114180187" lon="-118.66342932"/><trkpt lat="37.114008609" lon="-118.663451029"/><trkpt lat="37.113820268" lon="-118.663508026"/><trkpt lat="37.113619354" lon="-118.663590169"/><trkpt lat="37.113454482" lon="-118.663718915"/><trkpt lat="37.113306038" lon="-118.663837854"/><trkpt lat="37.113251304" lon="-118.663958805"/><trkpt lat="37.113265721" lon="-118.664096603"/><trkpt lat="37.113362281" lon="-118.6641852"/><trkpt lat="37.113459343" lon="-118.66424337"/><trkpt lat="37.113538971" lon="-118.664382594"/><trkpt lat="37.113484992" lon="-118.664452666"/><trkpt lat="37.113361778" lon="-118.664516117"/><trkpt lat="37.11325868" lon="-118.664595326"/><trkpt lat="37.113245102" lon="-118.664691718"/><trkpt lat="37.113304697" lon="-118.664805042"/><trkpt lat="37.113426151" lon="-118.664868828"/><trkpt lat="37.113556238" lon="-118.664892046"/><trkpt lat="37.113666125" lon="-118.664909732"/><trkpt lat="37.113783974" lon="-118.664937727"/><trkpt lat="37.113885731" lon="-118.664950132"/><trkpt lat="37.113970807" lon="-118.664987683"/><trkpt lat="37.114017829" lon="-118.665121039"/><trkpt lat="37.113970388" lon="-118.665308375"/><trkpt lat="37.11387014" lon="-118.665479282"/><trkpt lat="37.11373494" lon="-118.665527226"/><trkpt lat="37.113616168" lon="-118.665560251"/><trkpt lat="37.113537798" lon="-118.665624708"/><trkpt lat="37.113401005" lon="-118.665789664"/><trkpt lat="37.113243006" lon="-118.666005163"/><trkpt lat="37.113109985" lon="-118.66619057"/><trkpt lat="37.112961123" lon="-118.66634002"/><trkpt lat="37.112800693" lon="-118.666438339"/><trkpt lat="37.112640599" lon="-118.666516291"/><trkpt lat="37.112472123" lon="-118.666609246"/><trkpt lat="37.112349328" lon="-118.666642187"/><trkpt lat="37.112210607" lon="-118.666649396"/><trkpt lat="37.112083957" lon="-118.666666914"/><trkpt lat="37.111952528" lon="-118.66673531"/><trkpt lat="37.11181649" lon="-118.666844359"/><trkpt lat="37.111680033" lon="-118.666983917"/><trkpt lat="37.111550616" lon="-118.66719489"/><trkpt lat="37.11149211" lon="-118.667295389"/><trkpt lat="37.111559333" lon="-118.667444503"/><trkpt lat="37.111663688" lon="-118.667563861"/><trkpt lat="37.11176821" lon="-118.667667964"/><trkpt lat="37.111861585" lon="-118.66770057"/><trkpt lat="37.11195915" lon="-118.667718004"/><trkpt lat="37.112032743" lon="-118.667704342"/><trkpt lat="37.112093763" lon="-118.667715825"/><trkpt lat="37.112170877" lon="-118.667737953"/><trkpt lat="37.112129135" lon="-118.667808278"/><trkpt lat="37.112079179" lon="-118.667883547"/><trkpt lat="37.111992678" lon="-118.667942723"/><trkpt lat="37.111918163" lon="-118.668022519"/><trkpt lat="37.111941883" lon="-118.668079013"/><trkpt lat="37.112027211" lon="-118.668096196"/><trkpt lat="37.112145647" lon="-118.668083539"/><trkpt lat="37.112239357" lon="-118.668085551"/><trkpt lat="37.112308508" lon="-118.668097286"/><trkpt lat="37.112331893" lon="-118.668174148"/><trkpt lat="37.112294594" lon="-118.668219158"/><trkpt lat="37.112212535" lon="-118.66825805"/><trkpt lat="37.112122597" lon="-118.668271378"/><trkpt lat="37.112023858" lon="-118.668335415"/><trkpt lat="37.111969963" lon="-118.668400375"/><trkpt lat="37.111988738" lon="-118.668517889"/><trkpt lat="37.112094015" lon="-118.668566002"/><trkpt lat="37.112203483" lon="-118.668609168"/><trkpt lat="37.112276657" lon="-118.668626016"/><trkpt lat="37.112321164" lon="-118.66864739"/><trkpt lat="37.11233642" lon="-118.668724084"/><trkpt lat="37.112261904" lon="-118.66880388"/><trkpt lat="37.11217029" lon="-118.668944445"/><trkpt lat="37.112005251" lon="-118.669083333"/><trkpt lat="37.111884383" lon="-118.669268992"/><trkpt lat="37.111821687" lon="-118.669379633"/><trkpt lat="37.111738957" lon="-118.669464374"/><trkpt lat="37.111643991" lon="-118.66954878"/><trkpt lat="37.111585652" lon="-118.669634108"/><trkpt lat="37.111584563" lon="-118.669715496"/><trkpt lat="37.111653211" lon="-118.669762854"/><trkpt lat="37.111747088" lon="-118.669754723"/><trkpt lat="37.11181649" lon="-118.66974609"/><trkpt lat="37.111894023" lon="-118.669742653"/><trkpt lat="37.111959485" lon="-118.66972371"/><trkpt lat="37.112008184" lon="-118.669745168"/><trkpt lat="37.112019332" lon="-118.669816665"/><trkpt lat="37.111944901" lon="-118.669896545"/><trkpt lat="37.111858316" lon="-118.66996075"/><trkpt lat="37.111792266" lon="-118.670020429"/><trkpt lat="37.11175899" lon="-118.670065524"/><trkpt lat="37.111807102" lon="-118.670122521"/><trkpt lat="37.111888491" lon="-118.670134507"/><trkpt lat="37.111994354" lon="-118.67014708"/><trkpt lat="37.112071803" lon="-118.670148756"/><trkpt lat="37.112132739" lon="-118.67016024"/><trkpt lat="37.112164591" lon="-118.670216985"/><trkpt lat="37.112130895" lon="-118.67029259"/><trkpt lat="37.112044059" lon="-118.670382276"/><trkpt lat="37.111965604" lon="-118.670451846"/><trkpt lat="37.111968705" lon="-118.670523176"/><trkpt lat="37.112036431" lon="-118.670631554"/><trkpt lat="37.112079682" lon="-118.670749655"/><trkpt lat="37.112085717" lon="-118.670897428"/><trkpt lat="37.112112204" lon="-118.671040507"/><trkpt lat="37.112184372" lon="-118.671128685"/><trkpt lat="37.112265676" lon="-118.6711457"/><trkpt lat="37.11233072" lon="-118.67116238"/><trkpt lat="37.112379083" lon="-118.671199093"/><trkpt lat="37.11236936" lon="-118.671310907"/><trkpt lat="37.112319404" lon="-118.671386177"/><trkpt lat="37.112273388" lon="-118.671466559"/><trkpt lat="37.112297025" lon="-118.671528166"/><trkpt lat="37.112361398" lon="-118.671590695"/><trkpt lat="37.112433901" lon="-118.671648279"/><trkpt lat="37.112539345" lon="-118.671691362"/><trkpt lat="37.112636827" lon="-118.671713825"/><trkpt lat="37.112835897" lon="-118.671769146"/><trkpt lat="37.113074614" lon="-118.671896551"/><trkpt lat="37.113252478" lon="-118.672007443"/><trkpt lat="37.113393126" lon="-118.672153037"/><trkpt lat="37.11353696" lon="-118.672359819"/><trkpt lat="37.113672411" lon="-118.672586801"/><trkpt lat="37.113836696" lon="-118.672788972"/><trkpt lat="37.113992767" lon="-118.673001202"/><trkpt lat="37.114167949" lon="-118.673300268"/><trkpt lat="37.11420265" lon="-118.673438486"/><trkpt lat="37.114203321" lon="-118.673682902"/><trkpt lat="37.114257384" lon="-118.673892785"/><trkpt lat="37.114384873" lon="-118.674104344"/><trkpt lat="37.114456119" lon="-118.674258655"/><trkpt lat="37.114563826" lon="-118.674429059"/><trkpt lat="37.114606742" lon="-118.674562331"/><trkpt lat="37.114593415" lon="-118.674643468"/><trkpt lat="37.114544213" lon="-118.674662746"/><trkpt lat="37.114479002" lon="-118.674661322"/><trkpt lat="37.114405995" lon="-118.674629135"/><trkpt lat="37.114308681" lon="-118.674596446"/><trkpt lat="37.11424347" lon="-118.674595021"/><trkpt lat="37.11420198" lon="-118.674645061"/><trkpt lat="37.114225533" lon="-118.674706668"/><trkpt lat="37.114302227" lon="-118.674764335"/><trkpt lat="37.114422927" lon="-118.674879"/><trkpt lat="37.114552679" lon="-118.674927698"/><trkpt lat="37.114677317" lon="-118.675052589"/><trkpt lat="37.114859037" lon="-118.67517882"/><trkpt lat="37.115044445" lon="-118.675330533"/><trkpt lat="37.115184506" lon="-118.675516862"/><trkpt lat="37.115293639" lon="-118.675580397"/><trkpt lat="37.115341248" lon="-118.675678214"/><trkpt lat="37.115331022" lon="-118.675820539"/><trkpt lat="37.11526908" lon="-118.675880218"/><trkpt lat="37.115137652" lon="-118.675943501"/><trkpt lat="37.115063136" lon="-118.67602841"/><trkpt lat="37.114980826" lon="-118.676082557"/><trkpt lat="37.114926511" lon="-118.676172998"/><trkpt lat="37.114929445" lon="-118.676254554"/><trkpt lat="37.115017204" lon="-118.676393945"/><trkpt lat="37.115165815" lon="-118.676549932"/><trkpt lat="37.115273606" lon="-118.67671011"/><trkpt lat="37.115367986" lon="-118.676956622"/><trkpt lat="37.115477957" lon="-118.677254263"/><trkpt lat="37.115575187" lon="-118.67758736"/><trkpt lat="37.115668226" lon="-118.677930515"/><trkpt lat="37.115715668" lon="-118.678188007"/><trkpt lat="37.115765791" lon="-118.67849512"/><trkpt lat="37.115775682" lon="-118.678758899"/><trkpt lat="37.115894454" lon="-118.679025024"/><trkpt lat="37.11603988" lon="-118.679334233"/><trkpt lat="37.116119424" lon="-118.679489046"/><trkpt lat="37.116274741" lon="-118.679577475"/><trkpt lat="37.116312962" lon="-118.679765398"/><trkpt lat="37.116482444" lon="-118.679811582"/><trkpt lat="37.116658716" lon="-118.679866567"/><trkpt lat="37.116744798" lon="-118.68003848"/><trkpt lat="37.116741864" lon="-118.680242412"/><trkpt lat="37.116638264" lon="-118.680350622"/><trkpt lat="37.116521839" lon="-118.68039907"/><trkpt lat="37.116465596" lon="-118.680525301"/><trkpt lat="37.116565844" lon="-118.680655053"/><trkpt lat="37.116706995" lon="-118.680785727"/><trkpt lat="37.116995417" lon="-118.681089655"/><trkpt lat="37.117298087" lon="-118.681351338"/><trkpt lat="37.117635123" lon="-118.681588378"/><trkpt lat="37.117944919" lon="-118.681824747"/><trkpt lat="37.11819889" lon="-118.682161951"/><trkpt lat="37.11835471" lon="-118.682216434"/><trkpt lat="37.1186003" lon="-118.682179302"/><trkpt lat="37.118770201" lon="-118.682200089"/><trkpt lat="37.118966337" lon="-118.68228944"/><trkpt lat="37.119332794" lon="-118.682374097"/><trkpt lat="37.119699335" lon="-118.682450205"/><trkpt lat="37.119828081" lon="-118.682495551"/><trkpt lat="37.119847024" lon="-118.682598062"/><trkpt lat="37.119757924" lon="-118.682638546"/><trkpt lat="37.11967486" lon="-118.68273871"/><trkpt lat="37.119571092" lon="-118.68285547"/><trkpt lat="37.119480986" lon="-118.682964016"/><trkpt lat="37.11935794" lon="-118.683003746"/><trkpt lat="37.119234223" lon="-118.683086056"/><trkpt lat="37.119150739" lon="-118.683211701"/><trkpt lat="37.119160714" lon="-118.68346693"/><trkpt lat="37.119314941" lon="-118.683631886"/><trkpt lat="37.119609984" lon="-118.683952997"/><trkpt lat="37.119798325" lon="-118.684110241"/><trkpt lat="37.119891699" lon="-118.684248291"/><trkpt lat="37.120083142" lon="-118.684669146"/><trkpt lat="37.120254217" lon="-118.685089499"/><trkpt lat="37.120438283" lon="-118.685552683"/><trkpt lat="37.120671384" lon="-118.685914865"/><trkpt lat="37.120814715" lon="-118.686368661"/><trkpt lat="37.121047648" lon="-118.686747858"/><trkpt lat="37.121266583" lon="-118.687152369"/><trkpt lat="37.121567829" lon="-118.687507594"/><trkpt lat="37.121808389" lon="-118.687827531"/><trkpt lat="37.122049788" lon="-118.688087957"/><trkpt lat="37.122229412" lon="-118.688380988"/><trkpt lat="37.122468883" lon="-118.688777369"/><trkpt lat="37.122555049" lon="-118.688940816"/><trkpt lat="37.122722939" lon="-118.689106107"/><trkpt lat="37.122788904" lon="-118.68925212"/><trkpt lat="37.122847661" lon="-118.689431911"/><trkpt lat="37.122899629" lon="-118.689603154"/><trkpt lat="37.123021167" lon="-118.689673897"/><trkpt lat="37.123197438" lon="-118.689728798"/><trkpt lat="37.123346804" lon="-118.689757632"/><trkpt lat="37.123448057" lon="-118.689819407"/><trkpt lat="37.123600105" lon="-118.690137332"/><trkpt lat="37.123826249" lon="-118.69050798"/><trkpt lat="37.124080388" lon="-118.690828169"/><trkpt lat="37.124389177" lon="-118.691141149"/><trkpt lat="37.124698805" lon="-118.691386068"/><trkpt lat="37.124872645" lon="-118.691611039"/><trkpt lat="37.124946658" lon="-118.691672143"/><trkpt lat="37.125082025" lon="-118.691726206"/><trkpt lat="37.125236839" lon="-118.691848665"/><trkpt lat="37.125322083" lon="-118.692080174"/><trkpt lat="37.125463067" lon="-118.692219313"/><trkpt lat="37.125638332" lon="-118.692342276"/><trkpt lat="37.125854921" lon="-118.69243213"/><trkpt lat="37.125928178" lon="-118.69254428"/><trkpt lat="37.126137307" lon="-118.692676462"/><trkpt lat="37.126257336" lon="-118.692857679"/><trkpt lat="37.126431176" lon="-118.6930741"/><trkpt lat="37.12650259" lon="-118.693322288"/><trkpt lat="37.126635527" lon="-118.693546336"/><trkpt lat="37.126784893" lon="-118.69357517"/><trkpt lat="37.126849936" lon="-118.69378916"/><trkpt lat="37.126854295" lon="-118.693959313"/><trkpt lat="37.126966948" lon="-118.694174392"/><trkpt lat="37.127075158" lon="-118.694227785"/><trkpt lat="37.127245395" lon="-118.694223091"/><trkpt lat="37.127318317" lon="-118.694360722"/><trkpt lat="37.127452511" lon="-118.694499778"/><trkpt lat="37.127538929" lon="-118.694646209"/><trkpt lat="37.127583856" lon="-118.694834299"/><trkpt lat="37.127709333" lon="-118.695109142"/><trkpt lat="37.127802288" lon="-118.695272757"/><trkpt lat="37.127902955" lon="-118.695377028"/><trkpt lat="37.127981912" lon="-118.695565872"/><trkpt lat="37.127952157" lon="-118.695743736"/><trkpt lat="37.127969507" lon="-118.69595672"/><trkpt lat="37.128041591" lon="-118.696153862"/><trkpt lat="37.128141001" lon="-118.696343126"/><trkpt lat="37.128178971" lon="-118.696548063"/><trkpt lat="37.128282823" lon="-118.696899014"/><trkpt lat="37.128342083" lon="-118.697044859"/><trkpt lat="37.128368067" lon="-118.697130438"/><trkpt lat="37.128468649" lon="-118.697234709"/><trkpt lat="37.128656488" lon="-118.69743445"/><trkpt lat="37.128859749" lon="-118.697498571"/><trkpt lat="37.12902152" lon="-118.697612733"/><trkpt lat="37.129216064" lon="-118.697812641"/><trkpt lat="37.129269205" lon="-118.697907357"/><trkpt lat="37.12932989" lon="-118.697951194"/><trkpt lat="37.129402142" lon="-118.698131321"/><trkpt lat="37.129468862" lon="-118.698226372"/><trkpt lat="37.129501468" lon="-118.698329134"/><trkpt lat="37.129561482" lon="-118.698415468"/><trkpt lat="37.129635746" lon="-118.69845964"/><trkpt lat="37.12969509" lon="-118.69859702"/><trkpt lat="37.129748147" lon="-118.698691735"/><trkpt lat="37.129937746" lon="-118.698763987"/><trkpt lat="37.130134134" lon="-118.698836407"/><trkpt lat="37.13037855" lon="-118.698884435"/><trkpt lat="37.130493801" lon="-118.69892098"/><trkpt lat="37.130663702" lon="-118.698941851"/><trkpt lat="37.130826982" lon="-118.698945455"/><trkpt lat="37.13096126" lon="-118.699076045"/><trkpt lat="37.131151278" lon="-118.699122816"/><trkpt lat="37.131382618" lon="-118.699128013"/><trkpt lat="37.131580012" lon="-118.699132372"/><trkpt lat="37.131798025" lon="-118.699120302"/><trkpt lat="37.131950073" lon="-118.698962135"/><trkpt lat="37.132038837" lon="-118.698947132"/><trkpt lat="37.132154591" lon="-118.69894118"/><trkpt lat="37.132209912" lon="-118.698882926"/><trkpt lat="37.132305298" lon="-118.698876556"/><trkpt lat="37.132367743" lon="-118.698792905"/><trkpt lat="37.132489532" lon="-118.698846633"/><trkpt lat="37.132584499" lon="-118.698874293"/><trkpt lat="37.132671587" lon="-118.698969763"/><trkpt lat="37.132820701" lon="-118.699015612"/><trkpt lat="37.133052042" lon="-118.699029358"/><trkpt lat="37.13325019" lon="-118.698974205"/><trkpt lat="37.133462336" lon="-118.698902456"/><trkpt lat="37.133556632" lon="-118.698972613"/><trkpt lat="37.133711949" lon="-118.699061126"/><trkpt lat="37.133956533" lon="-118.699092055"/><trkpt lat="37.134114532" lon="-118.698993567"/><trkpt lat="37.134243026" lon="-118.699056013"/><trkpt lat="37.134317039" lon="-118.6991172"/><trkpt lat="37.13450186" lon="-118.699044781"/><trkpt lat="37.134596827" lon="-118.699072441"/><trkpt lat="37.134807631" lon="-118.699085601"/><trkpt lat="37.135025309" lon="-118.699099012"/><trkpt lat="37.135359161" lon="-118.699080991"/><trkpt lat="37.135597626" lon="-118.69906934"/><trkpt lat="37.135775909" lon="-118.698979821"/><trkpt lat="37.136077154" lon="-118.698858954"/><trkpt lat="37.136193495" lon="-118.698819056"/><trkpt lat="37.136411006" lon="-118.698840933"/><trkpt lat="37.136513097" lon="-118.698843196"/><trkpt lat="37.136712503" lon="-118.698703134"/><trkpt lat="37.136843093" lon="-118.698620992"/><trkpt lat="37.136987429" lon="-118.698522253"/><trkpt lat="37.137158671" lon="-118.698449498"/><trkpt lat="37.137397639" lon="-118.698403817"/><trkpt lat="37.137602745" lon="-118.698340449"/><trkpt lat="37.137760492" lon="-118.698258894"/><trkpt lat="37.13787172" lon="-118.698099805"/><trkpt lat="37.138009015" lon="-118.698017914"/><trkpt lat="37.138152597" lon="-118.697978603"/><trkpt lat="37.138274806" lon="-118.6979983"/><trkpt lat="37.138397014" lon="-118.698026547"/><trkpt lat="37.138479659" lon="-118.697960414"/><trkpt lat="37.138582924" lon="-118.697877685"/><trkpt lat="37.138726171" lon="-118.697855389"/><trkpt lat="37.138943765" lon="-118.697877266"/><trkpt lat="37.138992464" lon="-118.697801828"/><trkpt lat="37.139061363" lon="-118.697743826"/><trkpt lat="37.139142081" lon="-118.697813647"/><trkpt lat="37.139202263" lon="-118.697891515"/><trkpt lat="37.139298152" lon="-118.697851198"/><trkpt lat="37.139388341" lon="-118.697734103"/><trkpt lat="37.139457073" lon="-118.697684649"/><trkpt lat="37.139524464" lon="-118.697737204"/><trkpt lat="37.139557237" lon="-118.697822951"/><trkpt lat="37.139645582" lon="-118.697833428"/><trkpt lat="37.139754882" lon="-118.697810378"/><trkpt lat="37.139858399" lon="-118.697710633"/><trkpt lat="37.139904331" lon="-118.697674591"/><trkpt lat="37.139959736" lon="-118.697664868"/><trkpt lat="37.140000053" lon="-118.697694875"/><trkpt lat="37.140016481" lon="-118.697767965"/><trkpt lat="37.140074568" lon="-118.697776515"/><trkpt lat="37.140127625" lon="-118.697730498"/><trkpt lat="37.140189232" lon="-118.697695462"/><trkpt lat="37.140244385" lon="-118.697707616"/><trkpt lat="37.140287301" lon="-118.6977595"/><trkpt lat="37.140342034" lon="-118.697800739"/><trkpt lat="37.140380256" lon="-118.697768804"/><trkpt lat="37.140425267" lon="-118.697675345"/><trkpt lat="37.140449239" lon="-118.697628574"/><trkpt lat="37.140507409" lon="-118.697629916"/><trkpt lat="37.140594162" lon="-118.697671825"/><trkpt lat="37.140686531" lon="-118.697724799"/><trkpt lat="37.140739337" lon="-118.697696887"/><trkpt lat="37.140813097" lon="-118.697629496"/><trkpt lat="37.140900353" lon="-118.697631424"/><trkpt lat="37.141007725" lon="-118.697655648"/><trkpt lat="37.141126748" lon="-118.697676435"/><trkpt lat="37.141228253" lon="-118.697700575"/><trkpt lat="37.141279969" lon="-118.697748939"/><trkpt lat="37.1413083" lon="-118.697800487"/><trkpt lat="37.141363705" lon="-118.69779814"/><trkpt lat="37.141413745" lon="-118.697759248"/><trkpt lat="37.141477866" lon="-118.697749777"/><trkpt lat="37.141510136" lon="-118.697735947"/><trkpt lat="37.141567636" lon="-118.697780874"/><trkpt lat="37.141622705" lon="-118.69780032"/><trkpt lat="37.141707446" lon="-118.697776766"/><trkpt lat="37.14180124" lon="-118.6977279"/><trkpt lat="37.141892686" lon="-118.69764274"/><trkpt lat="37.141991593" lon="-118.697652211"/><trkpt lat="37.142082117" lon="-118.697628742"/><trkpt lat="37.142156465" lon="-118.697517766"/><trkpt lat="37.14222746" lon="-118.697435707"/><trkpt lat="37.14234422" lon="-118.697412824"/><trkpt lat="37.142449832" lon="-118.697357085"/><trkpt lat="37.142540943" lon="-118.697293634"/><trkpt lat="37.142605986" lon="-118.697225992"/><trkpt lat="37.142682681" lon="-118.697151393"/><trkpt lat="37.142749401" lon="-118.69717109"/><trkpt lat="37.142845206" lon="-118.697184082"/><trkpt lat="37.142932294" lon="-118.697204283"/><trkpt lat="37.143014101" lon="-118.697180646"/><trkpt lat="37.143163048" lon="-118.697147621"/><trkpt lat="37.143323645" lon="-118.697107555"/><trkpt lat="37.143417187" lon="-118.69708417"/><trkpt lat="37.143500838" lon="-118.697136976"/><trkpt lat="37.143571246" lon="-118.697098587"/><trkpt lat="37.143649533" lon="-118.697118452"/><trkpt lat="37.143757157" lon="-118.697120883"/><trkpt lat="37.143836953" lon="-118.697035387"/><trkpt lat="37.143923203" lon="-118.696910078"/><trkpt lat="37.143990342" lon="-118.696893398"/><trkpt lat="37.144081118" lon="-118.696855428"/><trkpt lat="37.144157141" lon="-118.696831707"/><trkpt lat="37.14417818" lon="-118.69678854"/><trkpt lat="37.144158231" lon="-118.696755348"/><trkpt lat="37.144109281" lon="-118.696721569"/><trkpt lat="37.14408908" lon="-118.696706565"/><trkpt lat="37.144083884" lon="-118.6966665"/><trkpt lat="37.144107353" lon="-118.696652418"/><trkpt lat="37.144139456" lon="-118.69664588"/><trkpt lat="37.144182958" lon="-118.696657782"/><trkpt lat="37.144229393" lon="-118.696666081"/><trkpt lat="37.144275997" lon="-118.696663482"/><trkpt lat="37.144294186" lon="-118.696613023"/><trkpt lat="37.144271471" lon="-118.696572455"/><trkpt lat="37.144233668" lon="-118.696568012"/><trkpt lat="37.144198967" lon="-118.696556361"/><trkpt lat="37.144158483" lon="-118.696533563"/><trkpt lat="37.144135935" lon="-118.696482182"/><trkpt lat="37.144159907" lon="-118.696435494"/><trkpt lat="37.144195111" lon="-118.69641806"/><trkpt lat="37.144238278" lon="-118.696448151"/><trkpt lat="37.144287648" lon="-118.696460137"/><trkpt lat="37.144325618" lon="-118.696450079"/><trkpt lat="37.144332156" lon="-118.696399285"/><trkpt lat="37.144303657" lon="-118.696358716"/><trkpt lat="37.144310027" lon="-118.696318818"/><trkpt lat="37.144333832" lon="-118.696279423"/><trkpt lat="37.144400803" lon="-118.696277244"/><trkpt lat="37.144467942" lon="-118.696264168"/><trkpt lat="37.144520497" lon="-118.696254445"/><trkpt lat="37.144573554" lon="-118.696208429"/><trkpt lat="37.144653769" lon="-118.696093848"/><trkpt lat="37.144729793" lon="-118.696070127"/><trkpt lat="37.144852085" lon="-118.696065517"/><trkpt lat="37.144943113" lon="-118.696013046"/><trkpt lat="37.145001618" lon="-118.695988907"/><trkpt lat="37.145054508" lon="-118.695957391"/><trkpt lat="37.145135812" lon="-118.695970131"/><trkpt lat="37.14518778" lon="-118.695996702"/><trkpt lat="37.145247962" lon="-118.69606711"/><trkpt lat="37.145357681" lon="-118.696124107"/><trkpt lat="37.145439154" lon="-118.696129555"/><trkpt lat="37.145494977" lon="-118.69609083"/><trkpt lat="37.145588771" lon="-118.696045652"/><trkpt lat="37.145662028" lon="-118.696014555"/><trkpt lat="37.145705782" lon="-118.696008269"/><trkpt lat="37.145772167" lon="-118.696046155"/><trkpt lat="37.145838216" lon="-118.69610575"/><trkpt lat="37.145904684" lon="-118.696140032"/><trkpt lat="37.145992527" lon="-118.696101978"/><trkpt lat="37.146042399" lon="-118.696077587"/><trkpt lat="37.146104258" lon="-118.696028134"/><trkpt lat="37.146159578" lon="-118.696022099"/><trkpt lat="37.1462439" lon="-118.696031235"/><trkpt lat="37.146328138" lon="-118.696040371"/><trkpt lat="37.146409443" lon="-118.696056716"/><trkpt lat="37.146484377" lon="-118.696105666"/><trkpt lat="37.146547912" lon="-118.696139865"/><trkpt lat="37.146597868" lon="-118.696108265"/><trkpt lat="37.146648243" lon="-118.696043892"/><trkpt lat="37.146684453" lon="-118.695957474"/><trkpt lat="37.146737175" lon="-118.695933167"/><trkpt lat="37.146801297" lon="-118.695927383"/><trkpt lat="37.146858796" lon="-118.695975915"/><trkpt lat="37.146907831" lon="-118.696006089"/><trkpt lat="37.146955021" lon="-118.695967114"/><trkpt lat="37.146993242" lon="-118.69593895"/><trkpt lat="37.147045126" lon="-118.695972813"/><trkpt lat="37.147099441" lon="-118.696043054"/><trkpt lat="37.147156522" lon="-118.696124358"/><trkpt lat="37.147233384" lon="-118.696246063"/><trkpt lat="37.147316532" lon="-118.696331559"/><trkpt lat="37.147403285" lon="-118.696369864"/><trkpt lat="37.147476543" lon="-118.696335163"/><trkpt lat="37.147514932" lon="-118.696299624"/><trkpt lat="37.147584585" lon="-118.696312113"/><trkpt lat="37.147682402" lon="-118.696390651"/><trkpt lat="37.147774938" lon="-118.696436333"/><trkpt lat="37.147855908" lon="-118.696474554"/><trkpt lat="37.147936793" lon="-118.696516296"/><trkpt lat="37.148035616" lon="-118.696525767"/><trkpt lat="37.148093451" lon="-118.69655259"/><trkpt lat="37.148121279" lon="-118.696640432"/><trkpt lat="37.148105353" lon="-118.696738249"/><trkpt lat="37.148072245" lon="-118.696813853"/><trkpt lat="37.148056403" lon="-118.696900774"/><trkpt lat="37.148093786" lon="-118.696934301"/><trkpt lat="37.148145586" lon="-118.696975457"/><trkpt lat="37.148171151" lon="-118.697019713"/><trkpt lat="37.148181712" lon="-118.697096324"/><trkpt lat="37.14823368" lon="-118.697126582"/><trkpt lat="37.148326803" lon="-118.697128594"/><trkpt lat="37.148382207" lon="-118.697122559"/><trkpt lat="37.148453034" lon="-118.69705148"/><trkpt lat="37.148506595" lon="-118.696972691"/><trkpt lat="37.148585469" lon="-118.696952574"/><trkpt lat="37.148670042" lon="-118.696936313"/><trkpt lat="37.148725782" lon="-118.696908485"/><trkpt lat="37.148775989" lon="-118.696855092"/><trkpt lat="37.148822676" lon="-118.696848806"/><trkpt lat="37.148865843" lon="-118.696882501"/><trkpt lat="37.148915296" lon="-118.696883675"/><trkpt lat="37.148974892" lon="-118.696790468"/><trkpt lat="37.149036331" lon="-118.696766328"/><trkpt lat="37.149124006" lon="-118.696739255"/><trkpt lat="37.149235317" lon="-118.696694411"/><trkpt lat="37.149333889" lon="-118.696722072"/><trkpt lat="37.149423994" lon="-118.696727771"/><trkpt lat="37.149497671" lon="-118.696663985"/><trkpt lat="37.149565648" lon="-118.696592739"/><trkpt lat="37.149644271" lon="-118.696587291"/><trkpt lat="37.149722725" lon="-118.696599947"/><trkpt lat="37.149810567" lon="-118.696561893"/><trkpt lat="37.149895728" lon="-118.696509255"/><trkpt lat="37.149992706" lon="-118.696442368"/><trkpt lat="37.150086248" lon="-118.696418982"/><trkpt lat="37.150170989" lon="-118.696395429"/><trkpt lat="37.150226729" lon="-118.696360309"/><trkpt lat="37.150282552" lon="-118.696328793"/><trkpt lat="37.150373831" lon="-118.696254529"/><trkpt lat="37.150447592" lon="-118.696183451"/><trkpt lat="37.150524035" lon="-118.696130561"/><trkpt lat="37.150597209" lon="-118.696099548"/><trkpt lat="37.150666779" lon="-118.696122849"/><trkpt lat="37.150761578" lon="-118.696208596"/><trkpt lat="37.15082855" lon="-118.696206501"/><trkpt lat="37.150910525" lon="-118.696171967"/><trkpt lat="37.150975149" lon="-118.696129806"/><trkpt lat="37.151057459" lon="-118.69607348"/><trkpt lat="37.151134573" lon="-118.6959734"/><trkpt lat="37.1511997" lon="-118.695898466"/><trkpt lat="37.151278909" lon="-118.695856556"/><trkpt lat="37.15135158" lon="-118.695861837"/><trkpt lat="37.151517458" lon="-118.695861921"/><trkpt lat="37.151648467" lon="-118.69586125"/><trkpt lat="37.151709907" lon="-118.695840798"/><trkpt lat="37.151798755" lon="-118.695733678"/><trkpt lat="37.151863882" lon="-118.695655139"/><trkpt lat="37.151992712" lon="-118.695603507"/><trkpt lat="37.152179377" lon="-118.69556604"/><trkpt lat="37.152328072" lon="-118.695487417"/><trkpt lat="37.152449274" lon="-118.695421871"/><trkpt lat="37.152559245" lon="-118.695376525"/><trkpt lat="37.152684722" lon="-118.695392953"/><trkpt lat="37.152836099" lon="-118.695512479"/><trkpt lat="37.152923355" lon="-118.69552807"/><trkpt lat="37.15299435" lon="-118.695529662"/><trkpt lat="37.153102392" lon="-118.695620857"/><trkpt lat="37.153259721" lon="-118.695706269"/><trkpt lat="37.15336307" lon="-118.69574273"/><trkpt lat="37.153516291" lon="-118.695732504"/><trkpt lat="37.153659118" lon="-118.695681123"/><trkpt lat="37.153839748" lon="-118.695664611"/><trkpt lat="37.154080141" lon="-118.695676848"/><trkpt lat="37.154244678" lon="-118.695639549"/><trkpt lat="37.154490435" lon="-118.69565187"/><trkpt lat="37.154611722" lon="-118.695579451"/><trkpt lat="37.154827388" lon="-118.6954067"/><trkpt lat="37.155020591" lon="-118.695274433"/><trkpt lat="37.155186385" lon="-118.695148369"/><trkpt lat="37.155280262" lon="-118.695082236"/><trkpt lat="37.155450918" lon="-118.695004033"/><trkpt lat="37.155610174" lon="-118.694952987"/><trkpt lat="37.155725677" lon="-118.694900936"/><trkpt lat="37.155939415" lon="-118.694864726"/><trkpt lat="37.156092385" lon="-118.694868162"/><trkpt lat="37.156239236" lon="-118.694919292"/><trkpt lat="37.156392457" lon="-118.694908982"/><trkpt lat="37.156546097" lon="-118.694871515"/><trkpt lat="37.156672329" lon="-118.694833294"/><trkpt lat="37.156869639" lon="-118.694796748"/><trkpt lat="37.156996708" lon="-118.694703961"/><trkpt lat="37.157152109" lon="-118.694543531"/><trkpt lat="37.157230731" lon="-118.694395088"/><trkpt lat="37.157315053" lon="-118.694232982"/><trkpt lat="37.157349754" lon="-118.694097195"/><trkpt lat="37.157362327" lon="-118.693981357"/><trkpt lat="37.157439357" lon="-118.693948919"/><trkpt lat="37.157565588" lon="-118.693910781"/><trkpt lat="37.157691233" lon="-118.69392042"/><trkpt lat="37.157751415" lon="-118.693914972"/><trkpt lat="37.157823332" lon="-118.693855125"/><trkpt lat="37.157890974" lon="-118.693713136"/><trkpt lat="37.157969847" lon="-118.69355103"/><trkpt lat="37.158065736" lon="-118.693341482"/><trkpt lat="37.158182412" lon="-118.693207456"/><trkpt lat="37.158359187" lon="-118.693081643"/><trkpt lat="37.158469241" lon="-118.693029424"/><trkpt lat="37.158557754" lon="-118.692956334"/><trkpt lat="37.158575607" lon="-118.692854242"/><trkpt lat="37.158658924" lon="-118.692760533"/><trkpt lat="37.158736289" lon="-118.69270077"/><trkpt lat="37.158846091" lon="-118.692669086"/><trkpt lat="37.158960672" lon="-118.692685263"/><trkpt lat="37.15904709" lon="-118.692755504"/><trkpt lat="37.159129903" lon="-118.692702698"/><trkpt lat="37.159283962" lon="-118.692631032"/><trkpt lat="37.159437351" lon="-118.692607144"/><trkpt lat="37.15955277" lon="-118.692561882"/><trkpt lat="37.159662405" lon="-118.692543861"/><trkpt lat="37.159776567" lon="-118.692587363"/><trkpt lat="37.159907827" lon="-118.692583507"/><trkpt lat="37.159969015" lon="-118.692509746"/><trkpt lat="37.16005275" lon="-118.692388628"/><trkpt lat="37.160169259" lon="-118.692268347"/><trkpt lat="37.160317199" lon="-118.692244291"/><trkpt lat="37.160475953" lon="-118.69222736"/><trkpt lat="37.160612745" lon="-118.692216799"/><trkpt lat="37.160668066" lon="-118.692170195"/><trkpt lat="37.160723805" lon="-118.692096267"/><trkpt lat="37.16075222" lon="-118.692021836"/><trkpt lat="37.160780635" lon="-118.69194732"/><trkpt lat="37.160792118" lon="-118.691906584"/><trkpt lat="37.160821203" lon="-118.691784292"/><trkpt lat="37.160883732" lon="-118.691614978"/><trkpt lat="37.160972916" lon="-118.691494027"/><trkpt lat="37.161090346" lon="-118.691312224"/><trkpt lat="37.161233425" lon="-118.691240223"/><trkpt lat="37.161464011" lon="-118.691170234"/><trkpt lat="37.161704991" lon="-118.691141484"/><trkpt lat="37.16199006" lon="-118.691086415"/><trkpt lat="37.16217136" lon="-118.691022126"/><trkpt lat="37.162264986" lon="-118.690969571"/><trkpt lat="37.162324414" lon="-118.691018689"/><trkpt lat="37.162361713" lon="-118.69108784"/><trkpt lat="37.162443185" lon="-118.691123798"/><trkpt lat="37.162563801" lon="-118.691099156"/><trkpt lat="37.162706796" lon="-118.691040901"/><trkpt lat="37.162844008" lon="-118.691003015"/><trkpt lat="37.162992535" lon="-118.690937972"/><trkpt lat="37.163080545" lon="-118.690898996"/><trkpt lat="37.163152881" lon="-118.690811824"/><trkpt lat="37.163229911" lon="-118.690772513"/><trkpt lat="37.163295122" lon="-118.690801347"/><trkpt lat="37.163409283" lon="-118.690844849"/><trkpt lat="37.163501317" lon="-118.690908384"/><trkpt lat="37.163605336" lon="-118.690897068"/><trkpt lat="37.163731065" lon="-118.690899834"/><trkpt lat="37.16388437" lon="-118.690882735"/><trkpt lat="37.164042704" lon="-118.690893129"/><trkpt lat="37.164300028" lon="-118.690864714"/><trkpt lat="37.164496668" lon="-118.690875946"/><trkpt lat="37.164704707" lon="-118.690853231"/><trkpt lat="37.164835799" lon="-118.690863037"/><trkpt lat="37.164977118" lon="-118.690920789"/><trkpt lat="37.165112905" lon="-118.690978456"/><trkpt lat="37.165276436" lon="-118.691016259"/><trkpt lat="37.165374169" lon="-118.691059425"/><trkpt lat="37.165520433" lon="-118.691151543"/><trkpt lat="37.165611461" lon="-118.691290179"/><trkpt lat="37.165718079" lon="-118.691476928"/><trkpt lat="37.165824864" lon="-118.691656888"/><trkpt lat="37.16597599" lon="-118.691790076"/><trkpt lat="37.166128121" lon="-118.691854952"/><trkpt lat="37.166226944" lon="-118.691829806"/><trkpt lat="37.166336244" lon="-118.691832237"/><trkpt lat="37.166466666" lon="-118.691883031"/><trkpt lat="37.166635729" lon="-118.691914128"/><trkpt lat="37.166767158" lon="-118.691896526"/><trkpt lat="37.166864639" lon="-118.691960229"/><trkpt lat="37.166988775" lon="-118.692072211"/><trkpt lat="37.167123221" lon="-118.692225516"/><trkpt lat="37.167253224" lon="-118.692310425"/><trkpt lat="37.167410385" lon="-118.692409499"/><trkpt lat="37.167490264" lon="-118.692554757"/><trkpt lat="37.167543741" lon="-118.692637905"/><trkpt lat="37.16767366" lon="-118.692729603"/><trkpt lat="37.167814141" lon="-118.692842089"/><trkpt lat="37.168003321" lon="-118.692996567"/><trkpt lat="37.168150004" lon="-118.693061275"/><trkpt lat="37.168323845" lon="-118.693133527"/><trkpt lat="37.16847036" lon="-118.693211898"/><trkpt lat="37.168649649" lon="-118.693291023"/><trkpt lat="37.16880111" lon="-118.69340376"/><trkpt lat="37.168893311" lon="-118.693453632"/><trkpt lat="37.168930024" lon="-118.693563687"/><trkpt lat="37.168962127" lon="-118.693612218"/><trkpt lat="37.169070588" lon="-118.693669299"/><trkpt lat="37.169194892" lon="-118.693767702"/><trkpt lat="37.1693026" lon="-118.693886222"/><trkpt lat="37.169410307" lon="-118.693997953"/><trkpt lat="37.169452133" lon="-118.694128711"/><trkpt lat="37.16946722" lon="-118.694224684"/><trkpt lat="37.169522205" lon="-118.694287045"/><trkpt lat="37.169568725" lon="-118.694351502"/><trkpt lat="37.16960527" lon="-118.694427945"/><trkpt lat="37.16961558" lon="-118.694512015"/><trkpt lat="37.169637373" lon="-118.694584016"/><trkpt lat="37.16968758" lon="-118.69461989"/><trkpt lat="37.169740135" lon="-118.694608826"/><trkpt lat="37.169773411" lon="-118.694570689"/><trkpt lat="37.169779278" lon="-118.69450137"/><trkpt lat="37.169791264" lon="-118.69446273"/><trkpt lat="37.169824289" lon="-118.694445128"/><trkpt lat="37.169864941" lon="-118.694458287"/><trkpt lat="37.16991188" lon="-118.69449609"/><trkpt lat="37.169939624" lon="-118.694502879"/><trkpt lat="37.169997543" lon="-118.694455102"/><trkpt lat="37.170044566" lon="-118.694372373"/><trkpt lat="37.170086056" lon="-118.694328284"/><trkpt lat="37.170140287" lon="-118.694309089"/><trkpt lat="37.17019611" lon="-118.694296014"/><trkpt lat="37.170251766" lon="-118.694293164"/><trkpt lat="37.170318486" lon="-118.694321243"/><trkpt lat="37.170376405" lon="-118.694387963"/><trkpt lat="37.170413285" lon="-118.694441942"/><trkpt lat="37.170441197" lon="-118.69443641"/><trkpt lat="37.170484448" lon="-118.694384191"/><trkpt lat="37.170545971" lon="-118.694314035"/><trkpt lat="37.170612188" lon="-118.694258295"/><trkpt lat="37.170705814" lon="-118.694231724"/><trkpt lat="37.170808911" lon="-118.694234071"/><trkpt lat="37.170912093" lon="-118.694226192"/><trkpt lat="37.17100027" lon="-118.694234239"/><trkpt lat="37.171104457" lon="-118.694273382"/><trkpt lat="37.1711866" lon="-118.694361057"/><trkpt lat="37.171266731" lon="-118.694366924"/><trkpt lat="37.171357004" lon="-118.694346473"/><trkpt lat="37.171443254" lon="-118.694379078"/><trkpt lat="37.17149145" lon="-118.694437416"/><trkpt lat="37.171517937" lon="-118.69453406"/><trkpt lat="37.171577532" lon="-118.694594745"/><trkpt lat="37.1716699" lon="-118.694658112"/><trkpt lat="37.171757659" lon="-118.694698932"/><trkpt lat="37.171819517" lon="-118.69472282"/><trkpt lat="37.171919765" lon="-118.694804795"/><trkpt lat="37.171999309" lon="-118.694849471"/><trkpt lat="37.172114896" lon="-118.694890877"/><trkpt lat="37.172222352" lon="-118.694925997"/><trkpt lat="37.172293682" lon="-118.694968494"/><trkpt lat="37.172374232" lon="-118.695056168"/><trkpt lat="37.172457715" lon="-118.695170498"/><trkpt lat="37.172544217" lon="-118.695297148"/><trkpt lat="37.172622168" lon="-118.695456237"/><trkpt lat="37.172708334" lon="-118.695607446"/><trkpt lat="37.172765248" lon="-118.695629155"/><trkpt lat="37.1728261" lon="-118.695724541"/><trkpt lat="37.17289282" lon="-118.69586301"/><trkpt lat="37.172966078" lon="-118.696001647"/><trkpt lat="37.172989883" lon="-118.696165765"/><trkpt lat="37.173031624" lon="-118.696336336"/><trkpt lat="37.173038581" lon="-118.69642443"/><trkpt lat="37.173136314" lon="-118.696567677"/><trkpt lat="37.173246453" lon="-118.696758198"/><trkpt lat="37.173287189" lon="-118.696883842"/><trkpt lat="37.173345778" lon="-118.697022144"/><trkpt lat="37.173379892" lon="-118.69715374"/><trkpt lat="37.173351059" lon="-118.697339147"/><trkpt lat="37.173307976" lon="-118.697493542"/><trkpt lat="37.173245531" lon="-118.697622959"/><trkpt lat="37.173205046" lon="-118.69771407"/><trkpt lat="37.173199682" lon="-118.697859077"/><trkpt lat="37.17316716" lon="-118.697956558"/><trkpt lat="37.17311251" lon="-118.698118832"/><trkpt lat="37.173104128" lon="-118.698247494"/><trkpt lat="37.173090968" lon="-118.698363667"/><trkpt lat="37.173031038" lon="-118.698550416"/><trkpt lat="37.172954762" lon="-118.698740853"/><trkpt lat="37.17290137" lon="-118.698925758"/><trkpt lat="37.172861304" lon="-118.699096581"/><trkpt lat="37.172839092" lon="-118.699258603"/><trkpt lat="37.172791986" lon="-118.699449124"/><trkpt lat="37.172761643" lon="-118.699594717"/><trkpt lat="37.172715208" lon="-118.699734863"/><trkpt lat="37.172669359" lon="-118.699839721"/><trkpt lat="37.172587551" lon="-118.699913481"/><trkpt lat="37.172489567" lon="-118.699997049"/><trkpt lat="37.172403736" lon="-118.700070726"/><trkpt lat="37.172318408" lon="-118.700114144"/><trkpt lat="37.17222956" lon="-118.700122274"/><trkpt lat="37.172132749" lon="-118.700120095"/><trkpt lat="37.172072232" lon="-118.700118754"/><trkpt lat="37.172051277" lon="-118.70016871"/><trkpt lat="37.172029065" lon="-118.700314388"/><trkpt lat="37.172039039" lon="-118.700460903"/><trkpt lat="37.172013139" lon="-118.700581267"/><trkpt lat="37.172010541" lon="-118.700762736"/><trkpt lat="37.172057815" lon="-118.70083943"/><trkpt lat="37.172129648" lon="-118.700896511"/><trkpt lat="37.172173234" lon="-118.700952921"/><trkpt lat="37.172175664" lon="-118.701063981"/><trkpt lat="37.172194859" lon="-118.701134976"/><trkpt lat="37.172302399" lon="-118.701233212"/><trkpt lat="37.172413208" lon="-118.701381907"/><trkpt lat="37.172516724" lon="-118.701479975"/><trkpt lat="37.172603309" lon="-118.701633196"/><trkpt lat="37.172727529" lon="-118.701691451"/><trkpt lat="37.172848145" lon="-118.701724475"/><trkpt lat="37.173012933" lon="-118.70176848"/><trkpt lat="37.173061213" lon="-118.701774599"/><trkpt lat="37.173148636" lon="-118.701872332"/><trkpt lat="37.173263133" lon="-118.70204634"/><trkpt lat="37.173370086" lon="-118.702184893"/><trkpt lat="37.173469495" lon="-118.702287991"/><trkpt lat="37.173545267" lon="-118.702350184"/><trkpt lat="37.173657501" lon="-118.702403158"/><trkpt lat="37.17374987" lon="-118.702430399"/><trkpt lat="37.173829582" lon="-118.702502819"/><trkpt lat="37.173940977" lon="-118.702611197"/><trkpt lat="37.174015408" lon="-118.702764167"/><trkpt lat="37.174086571" lon="-118.702866593"/><trkpt lat="37.174190171" lon="-118.702959716"/><trkpt lat="37.174339034" lon="-118.702988215"/><trkpt lat="37.174472054" lon="-118.703001291"/><trkpt lat="37.174569117" lon="-118.702983353"/><trkpt lat="37.174614463" lon="-118.702918813"/><trkpt lat="37.174635837" lon="-118.702833569"/><trkpt lat="37.174688894" lon="-118.702789396"/><trkpt lat="37.174818395" lon="-118.7027671"/><trkpt lat="37.174891485" lon="-118.702733405"/><trkpt lat="37.175033139" lon="-118.702701302"/><trkpt lat="37.175126681" lon="-118.70264791"/><trkpt lat="37.17519097" lon="-118.702669535"/><trkpt lat="37.17527437" lon="-118.702762155"/><trkpt lat="37.17540211" lon="-118.702860894"/><trkpt lat="37.175513925" lon="-118.702939013"/><trkpt lat="37.175641581" lon="-118.703042697"/><trkpt lat="37.175716851" lon="-118.703140263"/><trkpt lat="37.175747445" lon="-118.703256855"/><trkpt lat="37.175745517" lon="-118.703392977"/><trkpt lat="37.17575985" lon="-118.703514347"/><trkpt lat="37.175807124" lon="-118.70359607"/><trkpt lat="37.17586278" lon="-118.703652816"/><trkpt lat="37.175885495" lon="-118.703759182"/><trkpt lat="37.175851967" lon="-118.703844175"/><trkpt lat="37.175807292" lon="-118.703863285"/><trkpt lat="37.1757829" lon="-118.70387787"/><trkpt lat="37.175778039" lon="-118.703938304"/><trkpt lat="37.175817182" lon="-118.704019859"/><trkpt lat="37.175853057" lon="-118.704050872"/><trkpt lat="37.175913742" lon="-118.704037126"/><trkpt lat="37.175958334" lon="-118.704023045"/><trkpt lat="37.175993789" lon="-118.704084316"/><trkpt lat="37.175996304" lon="-118.704190264"/><trkpt lat="37.176043829" lon="-118.704251871"/><trkpt lat="37.176144831" lon="-118.704244075"/><trkpt lat="37.176225968" lon="-118.704215577"/><trkpt lat="37.17629889" lon="-118.704192024"/><trkpt lat="37.176399305" lon="-118.704224546"/><trkpt lat="37.176487064" lon="-118.704297133"/><trkpt lat="37.176553616" lon="-118.704434764"/><trkpt lat="37.176583707" lon="-118.704591757"/><trkpt lat="37.176621174" lon="-118.704789234"/><trkpt lat="37.176654786" lon="-118.70497657"/><trkpt lat="37.17670843" lon="-118.705179496"/><trkpt lat="37.1767666" lon="-118.705342188"/><trkpt lat="37.176817227" lon="-118.705469342"/><trkpt lat="37.176929293" lon="-118.705532374"/><trkpt lat="37.177025685" lon="-118.705564812"/><trkpt lat="37.177117299" lon="-118.705647541"/><trkpt lat="37.177176727" lon="-118.705719458"/><trkpt lat="37.177155437" lon="-118.705799673"/><trkpt lat="37.177137835" lon="-118.705900172"/><trkpt lat="37.177169519" lon="-118.705941159"/><trkpt lat="37.177281752" lon="-118.705994133"/><trkpt lat="37.177358111" lon="-118.70601601"/><trkpt lat="37.177433716" lon="-118.706088345"/><trkpt lat="37.177492892" lon="-118.706180463"/><trkpt lat="37.177511081" lon="-118.706322033"/><trkpt lat="37.177501526" lon="-118.706422616"/><trkpt lat="37.177487025" lon="-118.706588745"/><trkpt lat="37.177509572" lon="-118.706705254"/><trkpt lat="37.177585177" lon="-118.706777506"/><trkpt lat="37.177660279" lon="-118.706890158"/><trkpt lat="37.177755749" lon="-118.70698303"/><trkpt lat="37.177826492" lon="-118.707115715"/><trkpt lat="37.177889105" lon="-118.707253346"/><trkpt lat="37.177899498" lon="-118.707369519"/><trkpt lat="37.177849878" lon="-118.707454093"/><trkpt lat="37.1777933" lon="-118.707457865"/><trkpt lat="37.177721718" lon="-118.707385696"/><trkpt lat="37.177678552" lon="-118.707299028"/><trkpt lat="37.177615101" lon="-118.707221914"/><trkpt lat="37.177566905" lon="-118.707210766"/><trkpt lat="37.177549554" lon="-118.707291065"/><trkpt lat="37.177543771" lon="-118.707416961"/><trkpt lat="37.177546285" lon="-118.707522908"/><trkpt lat="37.177513428" lon="-118.707562555"/><trkpt lat="37.177449139" lon="-118.707540929"/><trkpt lat="37.17738091" lon="-118.707514191"/><trkpt lat="37.177353837" lon="-118.707437916"/><trkpt lat="37.177347885" lon="-118.707286539"/><trkpt lat="37.177337073" lon="-118.707195511"/><trkpt lat="37.177297343" lon="-118.707154272"/><trkpt lat="37.177229282" lon="-118.707117392"/><trkpt lat="37.177180666" lon="-118.707131473"/><trkpt lat="37.177167758" lon="-118.707186626"/><trkpt lat="37.177174464" lon="-118.707282599"/><trkpt lat="37.177193994" lon="-118.707328448"/><trkpt lat="37.177188545" lon="-118.707424086"/><trkpt lat="37.177143451" lon="-118.707473539"/><trkpt lat="37.177095506" lon="-118.70744219"/><trkpt lat="37.177052256" lon="-118.707360551"/><trkpt lat="37.177054184" lon="-118.707229458"/><trkpt lat="37.177055776" lon="-118.707118565"/><trkpt lat="37.177052759" lon="-118.707047906"/><trkpt lat="37.17703281" lon="-118.707032315"/><trkpt lat="37.176980255" lon="-118.707036171"/><trkpt lat="37.17695117" lon="-118.707096018"/><trkpt lat="37.176922001" lon="-118.707160894"/><trkpt lat="37.176881097" lon="-118.707200373"/><trkpt lat="37.176828543" lon="-118.707204228"/><trkpt lat="37.176789064" lon="-118.707147818"/><trkpt lat="37.176794177" lon="-118.707072297"/><trkpt lat="37.176791327" lon="-118.70698655"/><trkpt lat="37.17679644" lon="-118.706916058"/><trkpt lat="37.176760314" lon="-118.706900133"/><trkpt lat="37.176699461" lon="-118.706923937"/><trkpt lat="37.176645901" lon="-118.707003398"/><trkpt lat="37.176584629" lon="-118.707052432"/><trkpt lat="37.176543642" lon="-118.70709694"/><trkpt lat="37.176487064" lon="-118.707100712"/><trkpt lat="37.176430821" lon="-118.707084283"/><trkpt lat="37.176371394" lon="-118.707012367"/><trkpt lat="37.176291514" lon="-118.706955118"/><trkpt lat="37.176195206" lon="-118.706917651"/><trkpt lat="37.176098982" lon="-118.706875155"/><trkpt lat="37.175982222" lon="-118.706857385"/><trkpt lat="37.175861523" lon="-118.706834503"/><trkpt lat="37.175773429" lon="-118.706787145"/><trkpt lat="37.175677037" lon="-118.706754707"/><trkpt lat="37.175576957" lon="-118.706696955"/><trkpt lat="37.175473105" lon="-118.706624033"/><trkpt lat="37.175336732" lon="-118.706570556"/><trkpt lat="37.175232293" lon="-118.706537951"/><trkpt lat="37.175155682" lon="-118.706531161"/><trkpt lat="37.175078988" lon="-118.706534514"/><trkpt lat="37.175021823" lon="-118.706578603"/><trkpt lat="37.174996175" lon="-118.70668388"/><trkpt lat="37.174966419" lon="-118.706789073"/><trkpt lat="37.17489576" lon="-118.706928715"/><trkpt lat="37.174805906" lon="-118.707007337"/><trkpt lat="37.17475201" lon="-118.707106998"/><trkpt lat="37.174658552" lon="-118.707150249"/><trkpt lat="37.174561238" lon="-118.707183357"/><trkpt lat="37.17444825" lon="-118.707185872"/><trkpt lat="37.174351607" lon="-118.707168521"/><trkpt lat="37.174266782" lon="-118.707176736"/><trkpt lat="37.174221938" lon="-118.707211018"/><trkpt lat="37.174204923" lon="-118.707271116"/><trkpt lat="37.174240379" lon="-118.707327358"/><trkpt lat="37.174304752" lon="-118.707343955"/><trkpt lat="37.174357139" lon="-118.707345128"/><trkpt lat="37.174409609" lon="-118.707346302"/><trkpt lat="37.174478006" lon="-118.707362982"/><trkpt lat="37.174526118" lon="-118.707384272"/><trkpt lat="37.174549671" lon="-118.707430204"/><trkpt lat="37.174548749" lon="-118.707490638"/><trkpt lat="37.174484041" lon="-118.707499271"/><trkpt lat="37.174423607" lon="-118.707492901"/><trkpt lat="37.174366359" lon="-118.707547048"/><trkpt lat="37.174345236" lon="-118.707612092"/><trkpt lat="37.174372561" lon="-118.707678309"/><trkpt lat="37.174424529" lon="-118.707709741"/><trkpt lat="37.174501056" lon="-118.707721559"/><trkpt lat="37.174561657" lon="-118.707717871"/><trkpt lat="37.174642123" lon="-118.707729774"/><trkpt lat="37.174694678" lon="-118.707725918"/><trkpt lat="37.174759302" lon="-118.707722314"/><trkpt lat="37.174770283" lon="-118.70779817"/><trkpt lat="37.174756369" lon="-118.707923898"/><trkpt lat="37.174730552" lon="-118.708039317"/><trkpt lat="37.174708592" lon="-118.708159849"/><trkpt lat="37.174674897" lon="-118.708259929"/><trkpt lat="37.174645811" lon="-118.708319776"/><trkpt lat="37.174624437" lon="-118.708399991"/><trkpt lat="37.174579175" lon="-118.708459418"/><trkpt lat="37.174546486" lon="-118.708489006"/><trkpt lat="37.174485466" lon="-118.708522869"/><trkpt lat="37.174416818" lon="-118.70852639"/><trkpt lat="37.174352612" lon="-118.708504764"/><trkpt lat="37.174264267" lon="-118.708472494"/><trkpt lat="37.174192015" lon="-118.708445672"/><trkpt lat="37.174107777" lon="-118.708413569"/><trkpt lat="37.174043152" lon="-118.70841709"/><trkpt lat="37.17400996" lon="-118.708481882"/><trkpt lat="37.174024964" lon="-118.708557906"/><trkpt lat="37.174056228" lon="-118.708629152"/><trkpt lat="37.174108364" lon="-118.708650526"/><trkpt lat="37.174176341" lon="-118.708697464"/><trkpt lat="37.174232416" lon="-118.708723951"/><trkpt lat="37.174272146" lon="-118.708770219"/><trkpt lat="37.174267033" lon="-118.708840627"/><trkpt lat="37.174230488" lon="-118.708859989"/><trkpt lat="37.174178185" lon="-118.708848758"/><trkpt lat="37.17412605" lon="-118.708827384"/><trkpt lat="37.174077602" lon="-118.708826294"/><trkpt lat="37.174044745" lon="-118.708865941"/><trkpt lat="37.174072322" lon="-118.708916986"/><trkpt lat="37.174136275" lon="-118.708958728"/><trkpt lat="37.174208192" lon="-118.709005751"/><trkpt lat="37.174271895" lon="-118.709067693"/><trkpt lat="37.174323611" lon="-118.709114213"/><trkpt lat="37.174342889" lon="-118.709180178"/><trkpt lat="37.174305925" lon="-118.70922477"/><trkpt lat="37.174249599" lon="-118.70921337"/><trkpt lat="37.174169468" lon="-118.709176322"/><trkpt lat="37.174085146" lon="-118.709144136"/><trkpt lat="37.173992861" lon="-118.709106753"/><trkpt lat="37.173904683" lon="-118.709069453"/><trkpt lat="37.173816254" lon="-118.709042296"/><trkpt lat="37.173708379" lon="-118.708969289"/><trkpt lat="37.173600923" lon="-118.708865941"/><trkpt lat="37.173524899" lon="-118.708823947"/><trkpt lat="37.173442002" lon="-118.708696039"/><trkpt lat="37.173374277" lon="-118.708633929"/><trkpt lat="37.173305713" lon="-118.708632421"/><trkpt lat="37.173232958" lon="-118.708640886"/><trkpt lat="37.173203621" lon="-118.708715821"/><trkpt lat="37.173222816" lon="-118.708786899"/><trkpt lat="37.173281908" lon="-118.708883962"/><trkpt lat="37.173353154" lon="-118.708981443"/><trkpt lat="37.173436722" lon="-118.709064005"/><trkpt lat="37.173476033" lon="-118.709135419"/><trkpt lat="37.17348299" lon="-118.709211191"/><trkpt lat="37.173449714" lon="-118.709281096"/><trkpt lat="37.173397075" lon="-118.70929501"/><trkpt lat="37.173324991" lon="-118.709253017"/><trkpt lat="37.173257433" lon="-118.709185962"/><trkpt lat="37.173202196" lon="-118.709099041"/><trkpt lat="37.173142768" lon="-118.709022012"/><trkpt lat="37.173074707" lon="-118.708985215"/><trkpt lat="37.17300606" lon="-118.708988735"/><trkpt lat="37.172964904" lon="-118.709043218"/><trkpt lat="37.17296348" lon="-118.709144052"/><trkpt lat="37.173014106" lon="-118.709271206"/><trkpt lat="37.173057022" lon="-118.709373046"/><trkpt lat="37.173103457" lon="-118.709510257"/><trkpt lat="37.173134219" lon="-118.709616791"/><trkpt lat="37.173193227" lon="-118.709718967"/><trkpt lat="37.173272772" lon="-118.709801445"/><trkpt lat="37.17334033" lon="-118.709873613"/><trkpt lat="37.173334211" lon="-118.710014597"/><trkpt lat="37.173348879" lon="-118.710120879"/><trkpt lat="37.173392298" lon="-118.710182318"/><trkpt lat="37.173479805" lon="-118.710275022"/><trkpt lat="37.173523055" lon="-118.710351633"/><trkpt lat="37.173541076" lon="-118.710503345"/><trkpt lat="37.173527582" lon="-118.710598815"/><trkpt lat="37.173466478" lon="-118.710637791"/><trkpt lat="37.173386347" lon="-118.71059563"/><trkpt lat="37.173313256" lon="-118.710629325"/><trkpt lat="37.173287608" lon="-118.710729573"/><trkpt lat="37.173338905" lon="-118.71081138"/><trkpt lat="37.173414258" lon="-118.710903833"/><trkpt lat="37.173506543" lon="-118.710936187"/><trkpt lat="37.173590614" lon="-118.710983461"/><trkpt lat="37.173649874" lon="-118.711070549"/><trkpt lat="37.173708631" lon="-118.711192841"/><trkpt lat="37.173763281" lon="-118.711320162"/><trkpt lat="37.173806531" lon="-118.711401802"/><trkpt lat="37.173813237" lon="-118.711492745"/><trkpt lat="37.173763784" lon="-118.71156726"/><trkpt lat="37.173718857" lon="-118.711601542"/><trkpt lat="37.173705613" lon="-118.711681925"/><trkpt lat="37.173739644" lon="-118.711839002"/><trkpt lat="37.173822457" lon="-118.711971939"/><trkpt lat="37.173874006" lon="-118.712038659"/><trkpt lat="37.173912814" lon="-118.712145444"/><trkpt lat="37.173898984" lon="-118.712266143"/><trkpt lat="37.173868977" lon="-118.712386424"/><trkpt lat="37.173883729" lon="-118.712482564"/><trkpt lat="37.173929997" lon="-118.712629834"/><trkpt lat="37.173996633" lon="-118.712767465"/><trkpt lat="37.174023287" lon="-118.712879028"/><trkpt lat="37.174093612" lon="-118.713036943"/><trkpt lat="37.174199726" lon="-118.7132309"/><trkpt lat="37.174246246" lon="-118.713363083"/><trkpt lat="37.174342219" lon="-118.71342578"/><trkpt lat="37.174459398" lon="-118.713413291"/><trkpt lat="37.174544055" lon="-118.713415219"/><trkpt lat="37.174656205" lon="-118.71347825"/><trkpt lat="37.174727451" lon="-118.713570619"/><trkpt lat="37.174741449" lon="-118.713717135"/><trkpt lat="37.174783442" lon="-118.713884521"/><trkpt lat="37.174850581" lon="-118.713986864"/><trkpt lat="37.174880337" lon="-118.714159029"/><trkpt lat="37.174930964" lon="-118.714286182"/><trkpt lat="37.175026434" lon="-118.714384167"/><trkpt lat="37.175126094" lon="-118.714467064"/><trkpt lat="37.175202118" lon="-118.714509141"/><trkpt lat="37.175249141" lon="-118.714606036"/><trkpt lat="37.175216116" lon="-118.714655656"/><trkpt lat="37.175191054" lon="-118.714715587"/><trkpt lat="37.175205722" lon="-118.71482187"/><trkpt lat="37.175273029" lon="-118.714909125"/><trkpt lat="37.175357016" lon="-118.714961428"/><trkpt lat="37.175429519" lon="-118.714968134"/><trkpt lat="37.175504789" lon="-118.715065615"/><trkpt lat="37.175506381" lon="-118.71523208"/><trkpt lat="37.175557259" lon="-118.715344146"/><trkpt lat="37.175637055" lon="-118.715406423"/><trkpt lat="37.175703859" lon="-118.715528967"/><trkpt lat="37.175766639" lon="-118.715651426"/><trkpt lat="37.175745182" lon="-118.7157417"/><trkpt lat="37.17570805" lon="-118.715796266"/><trkpt lat="37.17566262" lon="-118.715870949"/><trkpt lat="37.175641162" lon="-118.715961222"/><trkpt lat="37.175671253" lon="-118.716108073"/><trkpt lat="37.175717773" lon="-118.716240255"/><trkpt lat="37.175728669" lon="-118.716326253"/><trkpt lat="37.175768232" lon="-118.71638258"/><trkpt lat="37.175783319" lon="-118.716453491"/><trkpt lat="37.175810561" lon="-118.716519708"/><trkpt lat="37.175879125" lon="-118.716526246"/><trkpt lat="37.175955651" lon="-118.716533035"/><trkpt lat="37.175999153" lon="-118.716594558"/><trkpt lat="37.17601751" lon="-118.716721041"/><trkpt lat="37.17606361" lon="-118.716878369"/><trkpt lat="37.176141897" lon="-118.717046594"/><trkpt lat="37.176228063" lon="-118.717224961"/><trkpt lat="37.176326634" lon="-118.717388576"/><trkpt lat="37.17641389" lon="-118.717491422"/><trkpt lat="37.1764817" lon="-118.71754339"/><trkpt lat="37.176578259" lon="-118.717565686"/><trkpt lat="37.176678423" lon="-118.717613379"/><trkpt lat="37.176758638" lon="-118.717645481"/><trkpt lat="37.176882355" lon="-118.717739023"/><trkpt lat="37.176929293" lon="-118.717845976"/><trkpt lat="37.176980339" lon="-118.717942955"/><trkpt lat="37.17701856" lon="-118.718090057"/><trkpt lat="37.177098272" lon="-118.718157364"/><trkpt lat="37.177246716" lon="-118.718216205"/><trkpt lat="37.17737915" lon="-118.718264652"/><trkpt lat="37.177499598" lon="-118.718307652"/><trkpt lat="37.177610993" lon="-118.718416113"/><trkpt lat="37.177669918" lon="-118.718528347"/><trkpt lat="37.177708475" lon="-118.718650304"/><trkpt lat="37.177723143" lon="-118.718751473"/><trkpt lat="37.177790701" lon="-118.718823558"/><trkpt lat="37.177898074" lon="-118.718931936"/><trkpt lat="37.178009218" lon="-118.719055485"/><trkpt lat="37.178076105" lon="-118.719178028"/><trkpt lat="37.178146513" lon="-118.71933083"/><trkpt lat="37.17816378" lon="-118.719527889"/><trkpt lat="37.178197727" lon="-118.719695108"/><trkpt lat="37.178263944" lon="-118.719857968"/><trkpt lat="37.178303087" lon="-118.719939524"/><trkpt lat="37.178333262" lon="-118.720086459"/><trkpt lat="37.178339968" lon="-118.720177319"/><trkpt lat="37.178374417" lon="-118.72030925"/><trkpt lat="37.178404843" lon="-118.720435984"/><trkpt lat="37.178459745" lon="-118.720548134"/><trkpt lat="37.178515065" lon="-118.72062508"/><trkpt lat="37.178627886" lon="-118.720637737"/><trkpt lat="37.178716566" lon="-118.720644778"/><trkpt lat="37.178820586" lon="-118.720702613"/><trkpt lat="37.178896191" lon="-118.720779978"/><trkpt lat="37.178983362" lon="-118.720887853"/><trkpt lat="37.179070786" lon="-118.720980557"/><trkpt lat="37.179147312" lon="-118.720987346"/><trkpt lat="37.179272454" lon="-118.720985167"/><trkpt lat="37.179384856" lon="-118.721023053"/><trkpt lat="37.179488707" lon="-118.721101005"/><trkpt lat="37.179568" lon="-118.721193625"/><trkpt lat="37.179647209" lon="-118.721296219"/><trkpt lat="37.179750642" lon="-118.721399484"/><trkpt lat="37.179814177" lon="-118.721471485"/><trkpt lat="37.179892967" lon="-118.721599309"/><trkpt lat="37.179948706" lon="-118.721656054"/><trkpt lat="37.180024814" lon="-118.721693102"/><trkpt lat="37.180076865" lon="-118.721719505"/><trkpt lat="37.180131767" lon="-118.721831655"/><trkpt lat="37.180158757" lon="-118.72191296"/><trkpt lat="37.180189686" lon="-118.722009519"/><trkpt lat="37.180255903" lon="-118.722172379"/><trkpt lat="37.180330753" lon="-118.722295091"/><trkpt lat="37.180413818" lon="-118.72241294"/><trkpt lat="37.18051767" lon="-118.722485946"/><trkpt lat="37.180585647" lon="-118.722527772"/><trkpt lat="37.180674495" lon="-118.722524755"/><trkpt lat="37.180755464" lon="-118.722506482"/><trkpt lat="37.180847498" lon="-118.722558953"/><trkpt lat="37.180963168" lon="-118.722647298"/><trkpt lat="37.181054698" lon="-118.72273514"/><trkpt lat="37.181150755" lon="-118.722792808"/><trkpt lat="37.181242453" lon="-118.722865479"/><trkpt lat="37.181333397" lon="-118.722993638"/><trkpt lat="37.181380671" lon="-118.723075362"/><trkpt lat="37.181411348" lon="-118.723187009"/><trkpt lat="37.181494664" lon="-118.723279713"/><trkpt lat="37.181598265" lon="-118.723372836"/><trkpt lat="37.181713935" lon="-118.72346621"/><trkpt lat="37.181822397" lon="-118.723498899"/><trkpt lat="37.181970673" lon="-118.723567883"/><trkpt lat="37.182038147" lon="-118.723644996"/><trkpt lat="37.182080895" lon="-118.723756978"/><trkpt lat="37.182107968" lon="-118.723838283"/><trkpt lat="37.182195643" lon="-118.72391087"/><trkpt lat="37.182291867" lon="-118.723953366"/><trkpt lat="37.18237468" lon="-118.724086387"/><trkpt lat="37.182464283" lon="-118.724310268"/><trkpt lat="37.182494709" lon="-118.724437086"/><trkpt lat="37.182566291" lon="-118.724509254"/><trkpt lat="37.182588251" lon="-118.72466105"/><trkpt lat="37.182610212" lon="-118.724817876"/><trkpt lat="37.182612726" lon="-118.724923823"/><trkpt lat="37.182692103" lon="-118.725011414"/><trkpt lat="37.182787405" lon="-118.725119457"/><trkpt lat="37.18287793" lon="-118.725272762"/><trkpt lat="37.182904165" lon="-118.725414583"/><trkpt lat="37.182933837" lon="-118.725591777"/><trkpt lat="37.182964599" lon="-118.725698395"/><trkpt lat="37.182987398" lon="-118.725794703"/><trkpt lat="37.182997959" lon="-118.725900818"/><trkpt lat="37.1829361" lon="-118.725990169"/><trkpt lat="37.182842223" lon="-118.726063678"/><trkpt lat="37.182761254" lon="-118.726087064"/><trkpt lat="37.182663688" lon="-118.726135259"/><trkpt lat="37.182618175" lon="-118.726209858"/><trkpt lat="37.18264089" lon="-118.726316309"/><trkpt lat="37.182692271" lon="-118.726388058"/><trkpt lat="37.182663102" lon="-118.726452934"/><trkpt lat="37.182641644" lon="-118.726543207"/><trkpt lat="37.182624042" lon="-118.726638677"/><trkpt lat="37.182679614" lon="-118.72670548"/><trkpt lat="37.182762092" lon="-118.726858618"/><trkpt lat="37.18282504" lon="-118.726971019"/><trkpt lat="37.182807606" lon="-118.727061376"/><trkpt lat="37.182758572" lon="-118.727100603"/><trkpt lat="37.182712974" lon="-118.727185261"/><trkpt lat="37.182727559" lon="-118.727291543"/><trkpt lat="37.182778018" lon="-118.727428839"/><trkpt lat="37.182807103" lon="-118.727646349"/><trkpt lat="37.182829399" lon="-118.727777945"/><trkpt lat="37.182843229" lon="-118.727939632"/><trkpt lat="37.182877511" lon="-118.728076592"/><trkpt lat="37.182937106" lon="-118.72814348"/><trkpt lat="37.183021847" lon="-118.728140378"/><trkpt lat="37.183131063" lon="-118.728122693"/><trkpt lat="37.183234915" lon="-118.728195699"/><trkpt lat="37.183313034" lon="-118.728373982"/><trkpt lat="37.18335025" lon="-118.728586631"/><trkpt lat="37.183444882" lon="-118.72874002"/><trkpt lat="37.183569269" lon="-118.728788299"/><trkpt lat="37.183633475" lon="-118.728809925"/><trkpt lat="37.183733052" lon="-118.728897935"/><trkpt lat="37.183812177" lon="-118.729005642"/><trkpt lat="37.183896331" lon="-118.729047887"/><trkpt lat="37.184036141" lon="-118.729146877"/><trkpt lat="37.184155835" lon="-118.72923539"/><trkpt lat="37.184226075" lon="-118.729403364"/><trkpt lat="37.184250969" lon="-118.729630848"/><trkpt lat="37.18422465" lon="-118.729776526"/><trkpt lat="37.184190955" lon="-118.729871577"/><trkpt lat="37.184140831" lon="-118.729991438"/><trkpt lat="37.184101688" lon="-118.73018221"/><trkpt lat="37.184123229" lon="-118.730369294"/><trkpt lat="37.18418031" lon="-118.730602562"/><trkpt lat="37.184318444" lon="-118.730817474"/><trkpt lat="37.18444895" lon="-118.730997015"/><trkpt lat="37.184539475" lon="-118.731155349"/><trkpt lat="37.184618181" lon="-118.731288286"/><trkpt lat="37.18478146" lon="-118.731438322"/><trkpt lat="37.184897298" lon="-118.731516609"/><trkpt lat="37.185009113" lon="-118.731599841"/><trkpt lat="37.185071642" lon="-118.731737388"/><trkpt lat="37.18506963" lon="-118.73187351"/><trkpt lat="37.185051525" lon="-118.732009297"/><trkpt lat="37.185085723" lon="-118.732156316"/><trkpt lat="37.185111707" lon="-118.732308196"/><trkpt lat="37.185085807" lon="-118.732423531"/><trkpt lat="37.185051441" lon="-118.732569041"/><trkpt lat="37.185029229" lon="-118.732709689"/><trkpt lat="37.185055213" lon="-118.732861569"/><trkpt lat="37.185121765" lon="-118.732999284"/><trkpt lat="37.185181361" lon="-118.733066171"/><trkpt lat="37.185255708" lon="-118.733224254"/><trkpt lat="37.185315387" lon="-118.733281083"/><trkpt lat="37.185431141" lon="-118.733369429"/><trkpt lat="37.185546812" lon="-118.733457858"/><trkpt lat="37.185613532" lon="-118.73358543"/><trkpt lat="37.185671953" lon="-118.733733036"/><trkpt lat="37.185681006" lon="-118.733939985"/><trkpt lat="37.18564949" lon="-118.734166212"/><trkpt lat="37.185618812" lon="-118.734331923"/><trkpt lat="37.185604395" lon="-118.73448791"/><trkpt lat="37.185667511" lon="-118.734590253"/><trkpt lat="37.185823331" lon="-118.734694691"/><trkpt lat="37.185906814" lon="-118.734777253"/><trkpt lat="37.185985772" lon="-118.734900132"/><trkpt lat="37.186049223" lon="-118.734977162"/><trkpt lat="37.186101275" lon="-118.735003648"/><trkpt lat="37.186145028" lon="-118.735044971"/><trkpt lat="37.186176376" lon="-118.735111272"/><trkpt lat="37.186195152" lon="-118.735202467"/><trkpt lat="37.186238486" lon="-118.735274049"/><trkpt lat="37.186306631" lon="-118.735305816"/><trkpt lat="37.186386175" lon="-118.735388378"/><trkpt lat="37.186432863" lon="-118.735505389"/><trkpt lat="37.186438981" lon="-118.73563665"/><trkpt lat="37.186437557" lon="-118.735737484"/><trkpt lat="37.18641174" lon="-118.735847874"/><trkpt lat="37.186369495" lon="-118.735973015"/><trkpt lat="37.18633513" lon="-118.736118441"/><trkpt lat="37.186349463" lon="-118.736239811"/><trkpt lat="37.186391624" lon="-118.736392027"/><trkpt lat="37.186423307" lon="-118.736433098"/><trkpt lat="37.186462954" lon="-118.73647945"/><trkpt lat="37.186506623" lon="-118.736530831"/><trkpt lat="37.186534368" lon="-118.736566789"/><trkpt lat="37.186604943" lon="-118.736704588"/><trkpt lat="37.186607122" lon="-118.736830736"/><trkpt lat="37.186541408" lon="-118.736909861"/><trkpt lat="37.186480053" lon="-118.736968953"/><trkpt lat="37.186474856" lon="-118.737049587"/><trkpt lat="37.186522214" lon="-118.737121252"/><trkpt lat="37.186638052" lon="-118.737199539"/><trkpt lat="37.186754392" lon="-118.737247568"/><trkpt lat="37.186854724" lon="-118.737285202"/><trkpt lat="37.186978357" lon="-118.737378828"/><trkpt lat="37.187041389" lon="-118.7374862"/><trkpt lat="37.18708422" lon="-118.73759307"/><trkpt lat="37.187115401" lon="-118.737669429"/><trkpt lat="37.187101068" lon="-118.737820387"/><trkpt lat="37.187107103" lon="-118.737956677"/><trkpt lat="37.187146246" lon="-118.738038316"/><trkpt lat="37.187197795" lon="-118.738105036"/><trkpt lat="37.187221181" lon="-118.738155998"/><trkpt lat="37.187226964" lon="-118.738312488"/><trkpt lat="37.187212212" lon="-118.738493705"/><trkpt lat="37.187205842" lon="-118.738654889"/><trkpt lat="37.187166782" lon="-118.738840632"/><trkpt lat="37.187171476" lon="-118.739072643"/><trkpt lat="37.187181618" lon="-118.739209101"/><trkpt lat="37.187247919" lon="-118.739361903"/><trkpt lat="37.187343389" lon="-118.739454858"/><trkpt lat="37.187359147" lon="-118.739480423"/><trkpt lat="37.187370043" lon="-118.739566421"/><trkpt lat="37.187355962" lon="-118.739702292"/><trkpt lat="37.187378174" lon="-118.739833888"/><trkpt lat="37.187413126" lon="-118.739930531"/><trkpt lat="37.187395357" lon="-118.740041088"/><trkpt lat="37.187336935" lon="-118.74017084"/><trkpt lat="37.187311286" lon="-118.740271088"/><trkpt lat="37.187329978" lon="-118.740372425"/><trkpt lat="37.187377168" lon="-118.740454149"/><trkpt lat="37.187408013" lon="-118.740555737"/><trkpt lat="37.187410779" lon="-118.740641568"/><trkpt lat="37.187376916" lon="-118.740746677"/><trkpt lat="37.187379431" lon="-118.740852624"/><trkpt lat="37.187389573" lon="-118.740983969"/><trkpt lat="37.187407929" lon="-118.741110452"/><trkpt lat="37.187475152" lon="-118.74120282"/><trkpt lat="37.187558552" lon="-118.741295524"/><trkpt lat="37.187686041" lon="-118.741404321"/><trkpt lat="37.187809842" lon="-118.741492918"/><trkpt lat="37.187893745" lon="-118.741550334"/><trkpt lat="37.187973373" lon="-118.741622753"/><trkpt lat="37.18801612" lon="-118.741734652"/><trkpt lat="37.18800229" lon="-118.741850322"/><trkpt lat="37.18800908" lon="-118.741936237"/><trkpt lat="37.188023999" lon="-118.742022319"/><trkpt lat="37.188038751" lon="-118.74211343"/><trkpt lat="37.188048558" lon="-118.742270004"/><trkpt lat="37.188054258" lon="-118.742431523"/><trkpt lat="37.188041182" lon="-118.742501847"/><trkpt lat="37.187979491" lon="-118.742581056"/><trkpt lat="37.187912855" lon="-118.742720783"/><trkpt lat="37.187886788" lon="-118.74284626"/><trkpt lat="37.187872538" lon="-118.742992189"/><trkpt lat="37.187911514" lon="-118.743083803"/><trkpt lat="37.187970942" lon="-118.743160833"/><trkpt lat="37.188054174" lon="-118.743263595"/><trkpt lat="37.188149896" lon="-118.743341463"/><trkpt lat="37.188213598" lon="-118.74339846"/><trkpt lat="37.188280653" lon="-118.743500803"/><trkpt lat="37.188307308" lon="-118.743612366"/><trkpt lat="37.188353911" lon="-118.74373449"/><trkpt lat="37.188404538" lon="-118.743856698"/><trkpt lat="37.18847109" lon="-118.743999442"/><trkpt lat="37.188501265" lon="-118.744141348"/><trkpt lat="37.188506965" lon="-118.744302867"/><trkpt lat="37.188501097" lon="-118.744423734"/><trkpt lat="37.188499086" lon="-118.744564885"/><trkpt lat="37.188512413" lon="-118.744751802"/><trkpt lat="37.188515849" lon="-118.744797315"/><trkpt lat="37.188470084" lon="-118.744887002"/><trkpt lat="37.188407388" lon="-118.74503687"/><trkpt lat="37.188292975" lon="-118.745135106"/><trkpt lat="37.188227093" lon="-118.745224373"/><trkpt lat="37.188165067" lon="-118.745328812"/><trkpt lat="37.188135395" lon="-118.745423947"/><trkpt lat="37.188109243" lon="-118.745554453"/><trkpt lat="37.188123493" lon="-118.745685965"/><trkpt lat="37.188129863" lon="-118.745802054"/><trkpt lat="37.188177221" lon="-118.745873803"/><trkpt lat="37.188228602" lon="-118.745945552"/><trkpt lat="37.188287443" lon="-118.74605787"/><trkpt lat="37.188270176" lon="-118.746138168"/><trkpt lat="37.188203959" lon="-118.746247552"/><trkpt lat="37.188166408" lon="-118.746332461"/><trkpt lat="37.188140843" lon="-118.746427679"/><trkpt lat="37.188160457" lon="-118.74646347"/><trkpt lat="37.188236732" lon="-118.746490376"/><trkpt lat="37.188321054" lon="-118.746517533"/><trkpt lat="37.188409232" lon="-118.746554917"/><trkpt lat="37.188468911" lon="-118.746616775"/><trkpt lat="37.188516185" lon="-118.746693553"/><trkpt lat="37.188522136" lon="-118.746834872"/><trkpt lat="37.188492715" lon="-118.746914919"/><trkpt lat="37.188454997" lon="-118.747009886"/><trkpt lat="37.188398" lon="-118.747048862"/><trkpt lat="37.188336644" lon="-118.747102926"/><trkpt lat="37.188259196" lon="-118.747156654"/><trkpt lat="37.188202199" lon="-118.7471906"/><trkpt lat="37.188148722" lon="-118.747260002"/><trkpt lat="37.188111758" lon="-118.74730451"/><trkpt lat="37.18810631" lon="-118.747400232"/><trkpt lat="37.188157607" lon="-118.74747701"/><trkpt lat="37.188253663" lon="-118.747529648"/><trkpt lat="37.188329604" lon="-118.747581868"/><trkpt lat="37.188404957" lon="-118.747669375"/><trkpt lat="37.188455667" lon="-118.74778647"/><trkpt lat="37.188470084" lon="-118.74790784"/><trkpt lat="37.188476622" lon="-118.748008925"/><trkpt lat="37.188491207" lon="-118.748115124"/><trkpt lat="37.188480981" lon="-118.748261137"/><trkpt lat="37.188491123" lon="-118.748392481"/><trkpt lat="37.188500594" lon="-118.748574285"/><trkpt lat="37.188510736" lon="-118.748705629"/><trkpt lat="37.188520879" lon="-118.748842003"/><trkpt lat="37.188551221" lon="-118.74897385"/><trkpt lat="37.188578043" lon="-118.749070326"/><trkpt lat="37.188616684" lon="-118.74918214"/><trkpt lat="37.188658761" lon="-118.749339469"/><trkpt lat="37.18871383" lon="-118.749436531"/><trkpt lat="37.188789435" lon="-118.749508867"/><trkpt lat="37.18888524" lon="-118.749576677"/><trkpt lat="37.188965455" lon="-118.749608779"/><trkpt lat="37.189033348" lon="-118.749660747"/><trkpt lat="37.189089004" lon="-118.749712463"/><trkpt lat="37.189103924" lon="-118.749798546"/><trkpt lat="37.189078275" lon="-118.749893848"/><trkpt lat="37.189040808" lon="-118.749973644"/><trkpt lat="37.188991271" lon="-118.750048159"/><trkpt lat="37.188949781" lon="-118.750127871"/><trkpt lat="37.188916001" lon="-118.750227951"/><trkpt lat="37.188906781" lon="-118.750308417"/><trkpt lat="37.188909296" lon="-118.750409335"/><trkpt lat="37.188890856" lon="-118.750565238"/><trkpt lat="37.188877696" lon="-118.750635562"/><trkpt lat="37.188836122" lon="-118.750720304"/><trkpt lat="37.188798236" lon="-118.750825329"/><trkpt lat="37.188752806" lon="-118.750899928"/><trkpt lat="37.188707041" lon="-118.750915518"/><trkpt lat="37.188690696" lon="-118.750961535"/><trkpt lat="37.188716847" lon="-118.751042755"/><trkpt lat="37.188760098" lon="-118.75116094"/><trkpt lat="37.188838385" lon="-118.751279963"/><trkpt lat="37.188864117" lon="-118.751392867"/><trkpt lat="37.188870404" lon="-118.751495546"/><trkpt lat="37.188870488" lon="-118.751622532"/><trkpt lat="37.188872164" lon="-118.751771478"/><trkpt lat="37.188876439" lon="-118.751879018"/><trkpt lat="37.188912397" lon="-118.751957975"/><trkpt lat="37.18896579" lon="-118.752044644"/><trkpt lat="37.189022452" lon="-118.752175402"/><trkpt lat="37.189090094" lon="-118.752357624"/><trkpt lat="37.18914994" lon="-118.752537249"/><trkpt lat="37.189213978" lon="-118.752699858"/><trkpt lat="37.189229736" lon="-118.752824748"/><trkpt lat="37.189196628" lon="-118.752948549"/><trkpt lat="37.189141978" lon="-118.753076708"/><trkpt lat="37.189081544" lon="-118.7532047"/><trkpt lat="37.189035192" lon="-118.753301259"/><trkpt lat="37.189022033" lon="-118.753398657"/><trkpt lat="37.189062517" lon="-118.75356311"/><trkpt lat="37.189107444" lon="-118.753698478"/><trkpt lat="37.189156143" lon="-118.753838791"/><trkpt lat="37.189206854" lon="-118.753976673"/><trkpt lat="37.189265024" lon="-118.754139198"/><trkpt lat="37.189303748" lon="-118.754293928"/><trkpt lat="37.189335516" lon="-118.754389817"/><trkpt lat="37.189377677" lon="-118.754449412"/><trkpt lat="37.189450683" lon="-118.754529292"/><trkpt lat="37.189544141" lon="-118.754553432"/><trkpt lat="37.189647323" lon="-118.754572878"/><trkpt lat="37.189775985" lon="-118.75459048"/><trkpt lat="37.189828707" lon="-118.754596598"/><trkpt lat="37.189878998" lon="-118.754629539"/><trkpt lat="37.189942701" lon="-118.7546774"/><trkpt lat="37.18997254" lon="-118.75477815"/><trkpt lat="37.189988466" lon="-118.754888456"/><trkpt lat="37.189989639" lon="-118.755071601"/><trkpt lat="37.18996726" lon="-118.755266396"/><trkpt lat="37.189950831" lon="-118.755449122"/><trkpt lat="37.189961812" lon="-118.755632518"/><trkpt lat="37.189947562" lon="-118.75580552"/><trkpt lat="37.189957285" lon="-118.755942481"/><trkpt lat="37.189975306" lon="-118.75604298"/><trkpt lat="37.190025011" lon="-118.756117411"/><trkpt lat="37.190085948" lon="-118.756223777"/><trkpt lat="37.190165911" lon="-118.756362414"/><trkpt lat="37.190255849" lon="-118.756491495"/><trkpt lat="37.1903395" lon="-118.756647231"/><trkpt lat="37.190374453" lon="-118.75679207"/><trkpt lat="37.190370848" lon="-118.756964654"/><trkpt lat="37.190347211" lon="-118.757152911"/><trkpt lat="37.19035509" lon="-118.757322393"/><trkpt lat="37.190393815" lon="-118.757525152"/><trkpt lat="37.190438323" lon="-118.75768248"/><trkpt lat="37.190534212" lon="-118.757893033"/><trkpt lat="37.190651977" lon="-118.758032508"/><trkpt lat="37.190780221" lon="-118.758165697"/><trkpt lat="37.190933777" lon="-118.758351607"/><trkpt lat="37.191020362" lon="-118.75848379"/><trkpt lat="37.191063613" lon="-118.758725692"/><trkpt lat="37.191086328" lon="-118.758954182"/><trkpt lat="37.191093285" lon="-118.759188708"/><trkpt lat="37.191132344" lon="-118.759365398"/><trkpt lat="37.19120753" lon="-118.759562541"/><trkpt lat="37.191313226" lon="-118.759812405"/><trkpt lat="37.191402828" lon="-118.760094456"/><trkpt lat="37.191481618" lon="-118.760402324"/><trkpt lat="37.191534759" lon="-118.760683537"/><trkpt lat="37.19155496" lon="-118.761074636"/><trkpt lat="37.191524534" lon="-118.761373451"/><trkpt lat="37.191530485" lon="-118.761673104"/><trkpt lat="37.191568036" lon="-118.761947444"/><trkpt lat="37.191684963" lon="-118.762145508"/><trkpt lat="37.191823935" lon="-118.762259502"/><trkpt lat="37.191973887" lon="-118.762334604"/><trkpt lat="37.19210322" lon="-118.762396211"/><trkpt lat="37.192200115" lon="-118.762535183"/><trkpt lat="37.192239594" lon="-118.762679351"/><trkpt lat="37.19222635" lon="-118.762874398"/><trkpt lat="37.192244371" lon="-118.763063662"/><trkpt lat="37.192282593" lon="-118.763292404"/><trkpt lat="37.192310253" lon="-118.76353397"/><trkpt lat="37.192353252" lon="-118.763795402"/><trkpt lat="37.192371106" lon="-118.763997657"/><trkpt lat="37.19238502" lon="-118.764115255"/><trkpt lat="37.192331459" lon="-118.764211647"/><trkpt lat="37.192257196" lon="-118.764301082"/><trkpt lat="37.192157032" lon="-118.764383392"/><trkpt lat="37.192129204" lon="-118.764499901"/><trkpt lat="37.192179831" lon="-118.764598807"/><trkpt lat="37.192308577" lon="-118.764699474"/><trkpt lat="37.192452997" lon="-118.764800476"/><trkpt lat="37.192587107" lon="-118.764888234"/><trkpt lat="37.192662377" lon="-118.765078839"/><trkpt lat="37.192777712" lon="-118.76538109"/><trkpt lat="37.192902686" lon="-118.765735561"/><trkpt lat="37.192921294" lon="-118.765885765"/><trkpt lat="37.192913331" lon="-118.766067903"/><trkpt lat="37.192859352" lon="-118.766196901"/><trkpt lat="37.192882821" lon="-118.766373256"/><trkpt lat="37.192890951" lon="-118.766523208"/><trkpt lat="37.192902938" lon="-118.766770894"/><trkpt lat="37.192925066" lon="-118.767031822"/><trkpt lat="37.192947026" lon="-118.767305827"/><trkpt lat="37.193000587" lon="-118.767561056"/><trkpt lat="37.193050375" lon="-118.76771193"/><trkpt lat="37.193073174" lon="-118.767933883"/><trkpt lat="37.193039898" lon="-118.768069837"/><trkpt lat="37.193015506" lon="-118.768303692"/><trkpt lat="37.193069402" lon="-118.768532854"/><trkpt lat="37.193118855" lon="-118.768709796"/><trkpt lat="37.193132602" lon="-118.768840302"/><trkpt lat="37.193135116" lon="-118.769016238"/><trkpt lat="37.193231257" lon="-118.769207262"/><trkpt lat="37.193343909" lon="-118.769340115"/><trkpt lat="37.193429824" lon="-118.769517979"/><trkpt lat="37.193469638" lon="-118.769642618"/><trkpt lat="37.193462094" lon="-118.769798689"/><trkpt lat="37.193538621" lon="-118.769904636"/><trkpt lat="37.193656135" lon="-118.770063724"/><trkpt lat="37.193789072" lon="-118.770229602"/><trkpt lat="37.193859899" lon="-118.770367987"/><trkpt lat="37.193877166" lon="-118.770609302"/><trkpt lat="37.193895187" lon="-118.770798566"/><trkpt lat="37.194002895" lon="-118.770911805"/><trkpt lat="37.194152009" lon="-118.771045497"/><trkpt lat="37.194244629" lon="-118.771119257"/><trkpt lat="37.194388127" lon="-118.771278933"/><trkpt lat="37.194511257" lon="-118.771405499"/><trkpt lat="37.194592645" lon="-118.771537682"/><trkpt lat="37.194609828" lon="-118.771778997"/><trkpt lat="37.194602536" lon="-118.771922076"/><trkpt lat="37.194641177" lon="-118.772124834"/><trkpt lat="37.194721056" lon="-118.772354582"/><trkpt lat="37.194827758" lon="-118.772539403"/><trkpt lat="37.194956085" lon="-118.772666138"/><trkpt lat="37.195141744" lon="-118.772787675"/><trkpt lat="37.195347687" lon="-118.772955313"/><trkpt lat="37.195485821" lon="-118.773121275"/><trkpt lat="37.19556218" lon="-118.773240298"/><trkpt lat="37.195814895" lon="-118.773409026"/><trkpt lat="37.196052941" lon="-118.773518745"/><trkpt lat="37.196322251" lon="-118.773622764"/><trkpt lat="37.196487291" lon="-118.773730807"/><trkpt lat="37.196657695" lon="-118.773832479"/><trkpt lat="37.196805635" lon="-118.77404429"/><trkpt lat="37.196818041" lon="-118.774259537"/><trkpt lat="37.196818627" lon="-118.774565561"/><trkpt lat="37.196819969" lon="-118.77482607"/><trkpt lat="37.196796248" lon="-118.775020866"/><trkpt lat="37.196721649" lon="-118.77512983"/><trkpt lat="37.196718967" lon="-118.775312053"/><trkpt lat="37.196735898" lon="-118.775572898"/><trkpt lat="37.196768336" lon="-118.7758407"/><trkpt lat="37.196790632" lon="-118.776088636"/><trkpt lat="37.196850646" lon="-118.776259376"/><trkpt lat="37.196885264" lon="-118.776383847"/><trkpt lat="37.196883" lon="-118.776533632"/><trkpt lat="37.196833715" lon="-118.776695235"/><trkpt lat="37.196789626" lon="-118.776857005"/><trkpt lat="37.196798259" lon="-118.776974436"/><trkpt lat="37.196898255" lon="-118.777256738"/><trkpt lat="37.196931867" lon="-118.777446337"/><trkpt lat="37.19694511" lon="-118.777602995"/><trkpt lat="37.196922144" lon="-118.777745655"/><trkpt lat="37.196862213" lon="-118.777920082"/><trkpt lat="37.196786273" lon="-118.778120158"/><trkpt lat="37.196704801" lon="-118.778346134"/><trkpt lat="37.196675967" lon="-118.778534308"/><trkpt lat="37.196673201" lon="-118.778716614"/><trkpt lat="37.196629029" lon="-118.778884839"/><trkpt lat="37.196625425" lon="-118.779125651"/><trkpt lat="37.196632801" lon="-118.779327739"/><trkpt lat="37.19661369" lon="-118.779561678"/><trkpt lat="37.196656521" lon="-118.779829647"/><trkpt lat="37.196680913" lon="-118.779940959"/><trkpt lat="37.19674076" lon="-118.780118152"/><trkpt lat="37.196805719" lon="-118.780302051"/><trkpt lat="37.196896244" lon="-118.780519059"/><trkpt lat="37.196946032" lon="-118.780670017"/><trkpt lat="37.196927005" lon="-118.780897418"/><trkpt lat="37.196834385" lon="-118.78116874"/><trkpt lat="37.196742436" lon="-118.781394465"/><trkpt lat="37.19663498" lon="-118.7816134"/><trkpt lat="37.196508078" lon="-118.781740637"/><trkpt lat="37.196340859" lon="-118.781775758"/><trkpt lat="37.196168862" lon="-118.781778188"/><trkpt lat="37.195940455" lon="-118.781727226"/><trkpt lat="37.195795029" lon="-118.781697806"/><trkpt lat="37.195628146" lon="-118.781706858"/><trkpt lat="37.19545003" lon="-118.781774333"/><trkpt lat="37.195277028" lon="-118.781848345"/><trkpt lat="37.195082987" lon="-118.781935014"/><trkpt lat="37.194940746" lon="-118.782042302"/><trkpt lat="37.194809737" lon="-118.782091336"/><trkpt lat="37.19475056" lon="-118.782220166"/><trkpt lat="37.194779059" lon="-118.782403143"/><trkpt lat="37.194847623" lon="-118.782691313"/><trkpt lat="37.194874194" lon="-118.783004461"/><trkpt lat="37.194882156" lon="-118.783167405"/><trkpt lat="37.194873355" lon="-118.783408133"/><trkpt lat="37.194895651" lon="-118.78365607"/><trkpt lat="37.194923982" lon="-118.783852123"/><trkpt lat="37.19498341" lon="-118.784055384"/><trkpt lat="37.195064211" lon="-118.784226542"/><trkpt lat="37.195155825" lon="-118.784371968"/><trkpt lat="37.195247272" lon="-118.784523932"/><trkpt lat="37.195369983" lon="-118.784676567"/><trkpt lat="37.195465788" lon="-118.784887204"/><trkpt lat="37.195530999" lon="-118.785058027"/><trkpt lat="37.195590092" lon="-118.785280818"/><trkpt lat="37.195602246" lon="-118.785515511"/><trkpt lat="37.195557151" lon="-118.785742326"/><trkpt lat="37.195438296" lon="-118.786026053"/><trkpt lat="37.195331845" lon="-118.786173323"/><trkpt lat="37.195188599" lon="-118.786345739"/><trkpt lat="37.195081227" lon="-118.786558136"/><trkpt lat="37.195022134" lon="-118.786680428"/><trkpt lat="37.195024146" lon="-118.786888802"/><trkpt lat="37.195049543" lon="-118.787280153"/><trkpt lat="37.195100924" lon="-118.787672007"/><trkpt lat="37.195164794" lon="-118.787927488"/><trkpt lat="37.195261354" lon="-118.788092528"/><trkpt lat="37.195322122" lon="-118.788204677"/><trkpt lat="37.195319692" lon="-118.788367454"/><trkpt lat="37.195250038" lon="-118.788496032"/><trkpt lat="37.195206787" lon="-118.78859913"/><trkpt lat="37.195199998" lon="-118.788703149"/><trkpt lat="37.195261857" lon="-118.788750255"/><trkpt lat="37.195350118" lon="-118.788765343"/><trkpt lat="37.195396302" lon="-118.78881203"/><trkpt lat="37.195374426" lon="-118.788883109"/><trkpt lat="37.195305945" lon="-118.788933568"/><trkpt lat="37.195274094" lon="-118.788971873"/><trkpt lat="37.195293289" lon="-118.789083017"/><trkpt lat="37.195365708" lon="-118.789117299"/><trkpt lat="37.195459837" lon="-118.789093494"/><trkpt lat="37.195568969" lon="-118.789109085"/><trkpt lat="37.195636025" lon="-118.789156275"/><trkpt lat="37.195618171" lon="-118.789299103"/><trkpt lat="37.195522618" lon="-118.789420556"/><trkpt lat="37.195379622" lon="-118.789573442"/><trkpt lat="37.195190107" lon="-118.789705709"/><trkpt lat="37.194969244" lon="-118.789843759"/><trkpt lat="37.194857346" lon="-118.790010391"/><trkpt lat="37.194741508" lon="-118.790092282"/><trkpt lat="37.194624832" lon="-118.790232847"/><trkpt lat="37.194564566" lon="-118.79042672"/><trkpt lat="37.19449223" lon="-118.790731067"/><trkpt lat="37.194426684" lon="-118.790931394"/><trkpt lat="37.194350744" lon="-118.791131387"/><trkpt lat="37.194229038" lon="-118.791258791"/><trkpt lat="37.194112698" lon="-118.791373204"/><trkpt lat="37.194007672" lon="-118.791429363"/><trkpt lat="37.193984874" lon="-118.791559031"/><trkpt lat="37.194108842" lon="-118.791627092"/><trkpt lat="37.194223339" lon="-118.791636312"/><trkpt lat="37.194375219" lon="-118.791581327"/><trkpt lat="37.194521148" lon="-118.791578226"/><trkpt lat="37.194629777" lon="-118.791626422"/><trkpt lat="37.194705969" lon="-118.791758437"/><trkpt lat="37.194723738" lon="-118.791960692"/><trkpt lat="37.194674537" lon="-118.792115841"/><trkpt lat="37.194480496" lon="-118.792202342"/><trkpt lat="37.194249993" lon="-118.792288089"/><trkpt lat="37.194036087" lon="-118.792309044"/><trkpt lat="37.193916813" lon="-118.792273672"/><trkpt lat="37.193718413" lon="-118.7923015"/><trkpt lat="37.193530742" lon="-118.792310134"/><trkpt lat="37.19334852" lon="-118.792305775"/><trkpt lat="37.193222623" lon="-118.792361431"/><trkpt lat="37.193164118" lon="-118.792444663"/><trkpt lat="37.193199238" lon="-118.792530159"/><trkpt lat="37.193292277" lon="-118.792577935"/><trkpt lat="37.193443235" lon="-118.792587994"/><trkpt lat="37.193573322" lon="-118.792597633"/><trkpt lat="37.193724615" lon="-118.792581707"/><trkpt lat="37.193818158" lon="-118.792596878"/><trkpt lat="37.193906168" lon="-118.79263158"/><trkpt lat="37.19392092" lon="-118.792690504"/><trkpt lat="37.193857552" lon="-118.792747585"/><trkpt lat="37.193788905" lon="-118.79281112"/><trkpt lat="37.193756215" lon="-118.792901477"/><trkpt lat="37.193781529" lon="-118.792954199"/><trkpt lat="37.193895439" lon="-118.792995941"/><trkpt lat="37.193983616" lon="-118.793024104"/><trkpt lat="37.194051174" lon="-118.793032151"/><trkpt lat="37.194165504" lon="-118.793054447"/><trkpt lat="37.194247898" lon="-118.793114964"/><trkpt lat="37.194267344" lon="-118.793206578"/><trkpt lat="37.194199283" lon="-118.793231053"/><trkpt lat="37.194126528" lon="-118.793216301"/><trkpt lat="37.194063915" lon="-118.793227784"/><trkpt lat="37.194032064" lon="-118.793266173"/><trkpt lat="37.19405679" lon="-118.793351334"/><trkpt lat="37.194123846" lon="-118.793398524"/><trkpt lat="37.194227781" lon="-118.79341403"/><trkpt lat="37.194373459" lon="-118.793424005"/><trkpt lat="37.194472281" lon="-118.793432806"/><trkpt lat="37.194565069" lon="-118.793500112"/><trkpt lat="37.194568506" lon="-118.793617459"/><trkpt lat="37.194536487" lon="-118.793668756"/><trkpt lat="37.194519639" lon="-118.79374654"/><trkpt lat="37.194565739" lon="-118.793799682"/><trkpt lat="37.194643859" lon="-118.793801526"/><trkpt lat="37.194732707" lon="-118.793784091"/><trkpt lat="37.194790374" lon="-118.793759448"/><trkpt lat="37.194820885" lon="-118.793805717"/><trkpt lat="37.194793979" lon="-118.793863719"/><trkpt lat="37.194746453" lon="-118.793908143"/><trkpt lat="37.19473497" lon="-118.793979473"/><trkpt lat="37.194771012" lon="-118.794006379"/><trkpt lat="37.194843767" lon="-118.794014677"/><trkpt lat="37.194916522" lon="-118.79402943"/><trkpt lat="37.194983494" lon="-118.794076536"/><trkpt lat="37.195049794" lon="-118.794169324"/><trkpt lat="37.195111401" lon="-118.794229338"/><trkpt lat="37.19518994" lon="-118.794205198"/><trkpt lat="37.195273591" lon="-118.794187596"/><trkpt lat="37.195315249" lon="-118.794188602"/><trkpt lat="37.195334947" lon="-118.794260686"/><trkpt lat="37.195297396" lon="-118.79433143"/><trkpt lat="37.195281051" lon="-118.794383146"/><trkpt lat="37.19534249" lon="-118.794449698"/><trkpt lat="37.195405019" lon="-118.794451207"/><trkpt lat="37.195441229" lon="-118.794465037"/><trkpt lat="37.195445504" lon="-118.794530248"/><trkpt lat="37.195408372" lon="-118.794575008"/><trkpt lat="37.195418095" lon="-118.794620773"/><trkpt lat="37.195465034" lon="-118.794615408"/><trkpt lat="37.195527647" lon="-118.794610379"/><trkpt lat="37.195584225" lon="-118.794657318"/><trkpt lat="37.195640383" lon="-118.79473024"/><trkpt lat="37.195649855" lon="-118.794795619"/><trkpt lat="37.195613226" lon="-118.794807773"/><trkpt lat="37.195551032" lon="-118.794786735"/><trkpt lat="37.195457406" lon="-118.794778017"/><trkpt lat="37.19534752" lon="-118.794807941"/><trkpt lat="37.195290774" lon="-118.795392914"/><trkpt lat="37.195206704" lon="-118.794817664"/><trkpt lat="37.195071252" lon="-118.794820933"/><trkpt lat="37.194956671" lon="-118.794849096"/><trkpt lat="37.19475341" lon="-118.794818837"/><trkpt lat="37.194458535" lon="-118.794786399"/><trkpt lat="37.194173634" lon="-118.794766869"/><trkpt lat="37.193868533" lon="-118.79473418"/><trkpt lat="37.193614896" lon="-118.794664526"/><trkpt lat="37.193351118" lon="-118.794594621"/><trkpt lat="37.193055823" lon="-118.79458758"/><trkpt lat="37.19282046" lon="-118.794658408"/><trkpt lat="37.192675034" lon="-118.794845995"/><trkpt lat="37.192691965" lon="-118.795075575"/><trkpt lat="37.192882905" lon="-118.79524556"/><trkpt lat="37.193073342" lon="-118.795453766"/><trkpt lat="37.19325372" lon="-118.795649065"/><trkpt lat="37.19347693" lon="-118.795705307"/><trkpt lat="37.193759903" lon="-118.795852074"/><trkpt lat="37.193910526" lon="-118.795995656"/><trkpt lat="37.193968026" lon="-118.796238983"/><trkpt lat="37.194003901" lon="-118.796558082"/><trkpt lat="37.194001051" lon="-118.796749022"/><trkpt lat="37.194054779" lon="-118.79688045"/><trkpt lat="37.194161061" lon="-118.797005927"/><trkpt lat="37.194342613" lon="-118.79714557"/><trkpt lat="37.194459038" lon="-118.797258977"/><trkpt lat="37.194581414" lon="-118.797405325"/><trkpt lat="37.194772186" lon="-118.797586206"/><trkpt lat="37.194992714" lon="-118.797751246"/><trkpt lat="37.195167309" lon="-118.79791528"/><trkpt lat="37.195372498" lon="-118.798010414"/><trkpt lat="37.195555391" lon="-118.798059784"/><trkpt lat="37.19572898" lon="-118.798076212"/><trkpt lat="37.195974402" lon="-118.798110746"/><trkpt lat="37.196232732" lon="-118.798161959"/><trkpt lat="37.19646466" lon="-118.7982208"/><trkpt lat="37.196634393" lon="-118.798278132"/><trkpt lat="37.196933376" lon="-118.79837662"/><trkpt lat="37.19726773" lon="-118.798400676"/><trkpt lat="37.1974984" lon="-118.798470497"/><trkpt lat="37.197769387" lon="-118.798428671"/><trkpt lat="37.197965859" lon="-118.79820806"/><trkpt lat="37.198188314" lon="-118.797971942"/><trkpt lat="37.19850976" lon="-118.797995662"/><trkpt lat="37.198868925" lon="-118.798084678"/><trkpt lat="37.199279051" lon="-118.798207054"/><trkpt lat="37.199574681" lon="-118.79822935"/><trkpt lat="37.199919596" lon="-118.7982524"/><trkpt lat="37.200062424" lon="-118.798255837"/><trkpt lat="37.200333076" lon="-118.798470581"/><trkpt lat="37.200661646" lon="-118.798791021"/><trkpt lat="37.201071857" lon="-118.799217492"/><trkpt lat="37.201389195" lon="-118.799493005"/><trkpt lat="37.201755485" lon="-118.799680341"/><trkpt lat="37.20201348" lon="-118.799939509"/><trkpt lat="37.202284131" lon="-118.800154338"/><trkpt lat="37.202565763" lon="-118.800428929"/><trkpt lat="37.202776149" lon="-118.800687008"/><trkpt lat="37.202928616" lon="-118.800839474"/><trkpt lat="37.203155262" lon="-118.800815083"/><trkpt lat="37.203309741" lon="-118.800833691"/><trkpt lat="37.203437062" lon="-118.801074838"/><trkpt lat="37.203526832" lon="-118.801434254"/><trkpt lat="37.203532699" lon="-118.80183625"/><trkpt lat="37.20357419" lon="-118.802239168"/><trkpt lat="37.203604029" lon="-118.802626915"/><trkpt lat="37.203754652" lon="-118.802898405"/><trkpt lat="37.203966631" lon="-118.803052297"/><trkpt lat="37.204153715" lon="-118.803280033"/><trkpt lat="37.204209203" lon="-118.803549344"/><trkpt lat="37.204276929" lon="-118.803789066"/><trkpt lat="37.204389665" lon="-118.80420858"/><trkpt lat="37.204464599" lon="-118.804761115"/><trkpt lat="37.204530817" lon="-118.805105025"/><trkpt lat="37.204574151" lon="-118.80538892"/><trkpt lat="37.204749081" lon="-118.805631241"/><trkpt lat="37.204841785" lon="-118.805797203"/><trkpt lat="37.204883946" lon="-118.806155445"/><trkpt lat="37.204985702" lon="-118.806515113"/><trkpt lat="37.205112269" lon="-118.806801019"/><trkpt lat="37.205263395" lon="-118.807042753"/><trkpt lat="37.205401445" lon="-118.807358667"/><trkpt lat="37.205550559" lon="-118.807734344"/><trkpt lat="37.205641251" lon="-118.808034249"/><trkpt lat="37.205791874" lon="-118.808305822"/><trkpt lat="37.205931516" lon="-118.808517549"/><trkpt lat="37.206188422" lon="-118.808851149"/><trkpt lat="37.206398556" lon="-118.809124148"/><trkpt lat="37.206598213" lon="-118.809307544"/><trkpt lat="37.206964921" lon="-118.809465123"/><trkpt lat="37.20737949" lon="-118.809609041"/><trkpt lat="37.20749734" lon="-118.809686238"/><trkpt lat="37.207709821" lon="-118.809810458"/><trkpt lat="37.20792314" lon="-118.809875082"/><trkpt lat="37.208074937" lon="-118.810072225"/><trkpt lat="37.208368387" lon="-118.810347235"/><trkpt lat="37.208637614" lon="-118.81065133"/><trkpt lat="37.209002059" lon="-118.810957773"/><trkpt lat="37.209283439" lon="-118.811247367"/><trkpt lat="37.20952861" lon="-118.81156588"/><trkpt lat="37.209845865" lon="-118.811841393"/><trkpt lat="37.210162533" lon="-118.812161582"/><trkpt lat="37.210491439" lon="-118.81245235"/><trkpt lat="37.210797714" lon="-118.8126681"/><trkpt lat="37.211138606" lon="-118.81295912"/><trkpt lat="37.211387465" lon="-118.813039502"/><trkpt lat="37.211613106" lon="-118.813074706"/><trkpt lat="37.211823324" lon="-118.813347705"/><trkpt lat="37.212092048" lon="-118.81368164"/><trkpt lat="37.2123974" lon="-118.813956901"/><trkpt lat="37.212537546" lon="-118.814138873"/><trkpt lat="37.212722031" lon="-118.814530391"/><trkpt lat="37.212894447" lon="-118.814936494"/><trkpt lat="37.213019505" lon="-118.815326504"/><trkpt lat="37.213074407" lon="-118.815625571"/><trkpt lat="37.213306585" lon="-118.816018263"/><trkpt lat="37.21358587" lon="-118.8164418"/><trkpt lat="37.213782007" lon="-118.816848407"/><trkpt lat="37.214026507" lon="-118.817211594"/><trkpt lat="37.214270085" lon="-118.817634294"/><trkpt lat="37.214371338" lon="-118.818023801"/><trkpt lat="37.214557165" lon="-118.818325968"/><trkpt lat="37.214673255" lon="-118.818522356"/><trkpt lat="37.214717008" lon="-118.818776496"/><trkpt lat="37.214759588" lon="-118.819104983"/><trkpt lat="37.214779286" lon="-118.819373455"/><trkpt lat="37.214775179" lon="-118.819641341"/><trkpt lat="37.214806527" lon="-118.819924984"/><trkpt lat="37.214992857" lon="-118.820197396"/><trkpt lat="37.215166865" lon="-118.820499312"/><trkpt lat="37.215269208" lon="-118.820814472"/><trkpt lat="37.215324109" lon="-118.821113538"/><trkpt lat="37.215401977" lon="-118.821472703"/><trkpt lat="37.215433074" lon="-118.821771182"/><trkpt lat="37.215511445" lon="-118.822100591"/><trkpt lat="37.215697272" lon="-118.822402842"/><trkpt lat="37.215860048" lon="-118.822659831"/><trkpt lat="37.216022322" lon="-118.822946576"/><trkpt lat="37.21622902" lon="-118.823442869"/><trkpt lat="37.216426581" lon="-118.823760292"/><trkpt lat="37.216660939" lon="-118.824004121"/><trkpt lat="37.216859842" lon="-118.824232277"/><trkpt lat="37.217048267" lon="-118.824370746"/><trkpt lat="37.217202075" lon="-118.824434029"/><trkpt lat="37.217308944" lon="-118.824451547"/><trkpt lat="37.217424531" lon="-118.824677607"/><trkpt lat="37.21757683" lon="-118.824845077"/><trkpt lat="37.217813032" lon="-118.824969884"/><trkpt lat="37.218168927" lon="-118.825052865"/><trkpt lat="37.218467155" lon="-118.825015398"/><trkpt lat="37.218708219" lon="-118.824827643"/><trkpt lat="37.218936626" lon="-118.824684313"/><trkpt lat="37.219143156" lon="-118.824421288"/><trkpt lat="37.219277937" lon="-118.824171424"/><trkpt lat="37.219458064" lon="-118.824071595"/><trkpt lat="37.219718071" lon="-118.824196905"/><trkpt lat="37.21997858" lon="-118.824292542"/><trkpt lat="37.220215285" lon="-118.824387593"/><trkpt lat="37.220390635" lon="-118.824600242"/><trkpt lat="37.220529774" lon="-118.824841809"/><trkpt lat="37.220695904" lon="-118.824875588"/><trkpt lat="37.220907714" lon="-118.825044483"/><trkpt lat="37.221032856" lon="-118.825419741"/><trkpt lat="37.221203595" lon="-118.825930031"/><trkpt lat="37.221423872" lon="-118.826322472"/><trkpt lat="37.221643142" lon="-118.826774424"/><trkpt lat="37.221817486" lon="-118.827046668"/><trkpt lat="37.22203793" lon="-118.827424189"/><trkpt lat="37.222198611" lon="-118.827815205"/><trkpt lat="37.222395502" lon="-118.828177303"/><trkpt lat="37.222616784" lon="-118.828495312"/><trkpt lat="37.222767407" lon="-118.828766886"/><trkpt lat="37.223001346" lon="-118.829040555"/><trkpt lat="37.223199327" lon="-118.829328222"/><trkpt lat="37.223433265" lon="-118.829601891"/><trkpt lat="37.223645411" lon="-118.829741031"/><trkpt lat="37.223797627" lon="-118.829908501"/><trkpt lat="37.223806093" lon="-118.830132047"/><trkpt lat="37.223930564" lon="-118.83055198"/><trkpt lat="37.22408806" lon="-118.83115137"/><trkpt lat="37.224047491" lon="-118.831463009"/><trkpt lat="37.224268354" lon="-118.831810858"/><trkpt lat="37.224550322" lon="-118.832055861"/><trkpt lat="37.224699184" lon="-118.832214531"/><trkpt lat="37.224831199" lon="-118.832386108"/><trkpt lat="37.224992132" lon="-118.832580317"/><trkpt lat="37.22509414" lon="-118.832795061"/><trkpt lat="37.225167649" lon="-118.832965214"/><trkpt lat="37.225157926" lon="-118.833213905"/><trkpt lat="37.225060863" lon="-118.83343854"/><trkpt lat="37.224929435" lon="-118.833603747"/><trkpt lat="37.224785937" lon="-118.833797872"/><trkpt lat="37.224742267" lon="-118.833972551"/><trkpt lat="37.224675799" lon="-118.834110014"/><trkpt lat="37.22466616" lon="-118.834351413"/><trkpt lat="37.224550657" lon="-118.834626758"/><trkpt lat="37.224481422" lon="-118.834939906"/><trkpt lat="37.224434819" lon="-118.835304771"/><trkpt lat="37.224403052" lon="-118.835465116"/><trkpt lat="37.224374721" lon="-118.835786562"/><trkpt lat="37.224317137" lon="-118.836099962"/><trkpt lat="37.224241029" lon="-118.83647874"/><trkpt lat="37.224071044" lon="-118.836869923"/><trkpt lat="37.223953614" lon="-118.83726974"/><trkpt lat="37.223823862" lon="-118.837713143"/><trkpt lat="37.223705929" lon="-118.838142212"/><trkpt lat="37.223624289" lon="-118.838498946"/><trkpt lat="37.223613057" lon="-118.838850064"/><trkpt lat="37.223534938" lon="-118.839353314"/><trkpt lat="37.223559497" lon="-118.839661349"/><trkpt lat="37.223704336" lon="-118.840133417"/><trkpt lat="37.223863089" lon="-118.840466766"/><trkpt lat="37.224074816" lon="-118.840786703"/><trkpt lat="37.224322082" lon="-118.841070933"/><trkpt lat="37.22455225" lon="-118.8413327"/><trkpt lat="37.22477722" lon="-118.841550462"/><trkpt lat="37.224966148" lon="-118.841825975"/><trkpt lat="37.225141414" lon="-118.84222554"/><trkpt lat="37.225230932" lon="-118.842491331"/><trkpt lat="37.225256413" lon="-118.842733484"/><trkpt lat="37.225175109" lon="-118.843068257"/><trkpt lat="37.225035802" lon="-118.843372352"/><trkpt lat="37.224937566" lon="-118.843662785"/><trkpt lat="37.224906385" lon="-118.843786502"/><trkpt lat="37.224892974" lon="-118.84389597"/><trkpt lat="37.224886101" lon="-118.843961684"/><trkpt lat="37.224840755" lon="-118.844246166"/><trkpt lat="37.224710751" lon="-118.844696861"/><trkpt lat="37.224525176" lon="-118.844963238"/><trkpt lat="37.224353179" lon="-118.845105395"/><trkpt lat="37.224145895" lon="-118.84525409"/><trkpt lat="37.223956967" lon="-118.845359283"/><trkpt lat="37.223925032" lon="-118.845526921"/><trkpt lat="37.223895527" lon="-118.845921541"/><trkpt lat="37.223810619" lon="-118.846109798"/><trkpt lat="37.223642562" lon="-118.84637651"/><trkpt lat="37.223472912" lon="-118.846745733"/><trkpt lat="37.223299406" lon="-118.846983109"/><trkpt lat="37.223154316" lon="-118.847279744"/><trkpt lat="37.223051302" lon="-118.847504128"/><trkpt lat="37.22299397" lon="-118.847802859"/><trkpt lat="37.22289104" lon="-118.848020034"/><trkpt lat="37.222807389" lon="-118.848127741"/><trkpt lat="37.222682079" lon="-118.848278448"/><trkpt lat="37.222520309" lon="-118.848516075"/><trkpt lat="37.222440261" lon="-118.848770382"/><trkpt lat="37.222435735" lon="-118.849063078"/><trkpt lat="37.222524164" lon="-118.849394666"/><trkpt lat="37.222614186" lon="-118.84963112"/><trkpt lat="37.222687276" lon="-118.849823233"/><trkpt lat="37.22268275" lon="-118.850115929"/><trkpt lat="37.222615359" lon="-118.850304605"/><trkpt lat="37.222564733" lon="-118.850552291"/><trkpt lat="37.222436406" lon="-118.850893266"/><trkpt lat="37.222379744" lon="-118.851148076"/><trkpt lat="37.222240269" lon="-118.851459464"/><trkpt lat="37.222111858" lon="-118.851807732"/><trkpt lat="37.22200566" lon="-118.852236969"/><trkpt lat="37.222011443" lon="-118.852617843"/><trkpt lat="37.222040612" lon="-118.85299922"/><trkpt lat="37.222158294" lon="-118.853338854"/><trkpt lat="37.222293243" lon="-118.853693493"/><trkpt lat="37.222434059" lon="-118.854048382"/><trkpt lat="37.222592728" lon="-118.854381647"/><trkpt lat="37.222740417" lon="-118.854670823"/><trkpt lat="37.222864553" lon="-118.854973996"/><trkpt lat="37.222941415" lon="-118.855297957"/><trkpt lat="37.22301811" lon="-118.855636586"/><trkpt lat="37.223029593" lon="-118.856024919"/><trkpt lat="37.22307804" lon="-118.856296996"/><trkpt lat="37.22320226" lon="-118.856585501"/><trkpt lat="37.223426057" lon="-118.85687652"/><trkpt lat="37.223591097" lon="-118.8571807"/><trkpt lat="37.223703582" lon="-118.857476329"/><trkpt lat="37.223856971" lon="-118.857772881"/><trkpt lat="37.223911621" lon="-118.858023165"/><trkpt lat="37.223870633" lon="-118.858395489"/><trkpt lat="37.223954536" lon="-118.858646443"/><trkpt lat="37.223991165" lon="-118.85892556"/><trkpt lat="37.224071128" lon="-118.85905196"/><trkpt lat="37.224210603" lon="-118.859121278"/><trkpt lat="37.224384025" lon="-118.859257316"/><trkpt lat="37.224502796" lon="-118.859523777"/><trkpt lat="37.224679403" lon="-118.859835584"/><trkpt lat="37.224903619" lon="-118.860097351"/><trkpt lat="37.225081315" lon="-118.860343276"/><trkpt lat="37.225223472" lon="-118.860610323"/><trkpt lat="37.225324223" lon="-118.860905701"/><trkpt lat="37.225408712" lon="-118.861120027"/><trkpt lat="37.225604011" lon="-118.861359162"/><trkpt lat="37.225764189" lon="-118.861597292"/><trkpt lat="37.225824958" lon="-118.861825783"/><trkpt lat="37.225990584" lon="-118.862093417"/><trkpt lat="37.226146488" lon="-118.862229036"/><trkpt lat="37.226350168" lon="-118.862307239"/><trkpt lat="37.226535073" lon="-118.862465573"/><trkpt lat="37.226730539" lon="-118.862689957"/><trkpt lat="37.226896081" lon="-118.862964967"/><trkpt lat="37.227151897" lon="-118.863447094"/><trkpt lat="37.22740897" lon="-118.863856131"/><trkpt lat="37.227661014" lon="-118.864206411"/><trkpt lat="37.227924624" lon="-118.86457161"/><trkpt lat="37.228196533" lon="-118.864775961"/><trkpt lat="37.228451511" lon="-118.864943348"/><trkpt lat="37.228729539" lon="-118.865133198"/><trkpt lat="37.229094906" lon="-118.865354564"/><trkpt lat="37.229524311" lon="-118.865599399"/><trkpt lat="37.229756406" lon="-118.865729654"/><trkpt lat="37.230025046" lon="-118.865772821"/><trkpt lat="37.230374236" lon="-118.865905926"/><trkpt lat="37.230747985" lon="-118.865966359"/><trkpt lat="37.230818225" lon="-118.865968119"/><trkpt lat="37.231116034" lon="-118.866012041"/><trkpt lat="37.231349889" lon="-118.866032492"/><trkpt lat="37.231578715" lon="-118.866001563"/><trkpt lat="37.231794717" lon="-118.866043473"/><trkpt lat="37.231950285" lon="-118.866201052"/><trkpt lat="37.232185062" lon="-118.866536329"/><trkpt lat="37.232386395" lon="-118.866760964"/><trkpt lat="37.23267951" lon="-118.867112249"/><trkpt lat="37.232862571" lon="-118.867380386"/><trkpt lat="37.233092068" lon="-118.867678866"/><trkpt lat="37.233142862" lon="-118.867797302"/><trkpt lat="37.233205559" lon="-118.867908698"/><trkpt lat="37.23323104" lon="-118.868150935"/><trkpt lat="37.23326725" lon="-118.868452013"/><trkpt lat="37.233385686" lon="-118.868740434"/><trkpt lat="37.233492471" lon="-118.869021311"/><trkpt lat="37.23356992" lon="-118.869308811"/><trkpt lat="37.233693805" lon="-118.86961936"/><trkpt lat="37.233836381" lon="-118.869857155"/><trkpt lat="37.2340036" lon="-118.870022362"/><trkpt lat="37.234107116" lon="-118.870142139"/><trkpt lat="37.234274" lon="-118.870321931"/><trkpt lat="37.234377852" lon="-118.870419664"/><trkpt lat="37.234470723" lon="-118.870473225"/><trkpt lat="37.234565858" lon="-118.870380437"/><trkpt lat="37.234591171" lon="-118.870256552"/><trkpt lat="37.234595781" lon="-118.869963856"/><trkpt lat="37.234588154" lon="-118.86970737"/><trkpt lat="37.234574994" lon="-118.86942884"/><trkpt lat="37.234602151" lon="-118.86918786"/><trkpt lat="37.234635344" lon="-118.868939755"/><trkpt lat="37.234703237" lon="-118.868721742"/><trkpt lat="37.234768951" lon="-118.868635492"/><trkpt lat="37.234816477" lon="-118.868592745"/><trkpt lat="37.234874731" lon="-118.868608838"/><trkpt lat="37.234954191" lon="-118.868771866"/><trkpt lat="37.23505578" lon="-118.869008739"/><trkpt lat="37.235129792" lon="-118.869142346"/><trkpt lat="37.235290473" lon="-118.869351307"/><trkpt lat="37.235382674" lon="-118.869441412"/><trkpt lat="37.235462554" lon="-118.869575188"/><trkpt lat="37.235560622" lon="-118.869665544"/><trkpt lat="37.235655086" lon="-118.869616594"/><trkpt lat="37.235722812" lon="-118.869405957"/><trkpt lat="37.235745443" lon="-118.869084343"/><trkpt lat="37.235760447" lon="-118.868872365"/><trkpt lat="37.235799087" lon="-118.868653681"/><trkpt lat="37.235801434" lon="-118.868499957"/><trkpt lat="37.235873099" lon="-118.868413875"/><trkpt lat="37.235993044" lon="-118.868233748"/><trkpt lat="37.236072421" lon="-118.868023362"/><trkpt lat="37.236162527" lon="-118.867879193"/><trkpt lat="37.236204939" lon="-118.867785065"/><trkpt lat="37.236200832" lon="-118.867675094"/><trkpt lat="37.236138051" lon="-118.867571075"/><trkpt lat="37.236052137" lon="-118.8674518"/><trkpt lat="37.236007545" lon="-118.867311571"/><trkpt lat="37.236021208" lon="-118.867187435"/><trkpt lat="37.236081222" lon="-118.867093725"/><trkpt lat="37.236180715" lon="-118.867096156"/><trkpt lat="37.236366458" lon="-118.867195984"/><trkpt lat="37.236540299" lon="-118.867310062"/><trkpt lat="37.236731322" lon="-118.867446603"/><trkpt lat="37.236869624" lon="-118.867589096"/><trkpt lat="37.237013122" lon="-118.867768385"/><trkpt lat="37.237140359" lon="-118.867866704"/><trkpt lat="37.237185286" lon="-118.867992349"/><trkpt lat="37.237275057" lon="-118.868236179"/><trkpt lat="37.23738268" lon="-118.868465759"/><trkpt lat="37.237543194" lon="-118.868682096"/><trkpt lat="37.237715526" lon="-118.868891392"/><trkpt lat="37.237883331" lon="-118.86901997"/><trkpt lat="37.238045437" lon="-118.86913388"/><trkpt lat="37.238260098" lon="-118.86925634"/><trkpt lat="37.238504179" lon="-118.869372178"/><trkpt lat="37.238736944" lon="-118.869465804"/><trkpt lat="37.23896971" lon="-118.869552054"/><trkpt lat="37.23911589" lon="-118.869563034"/><trkpt lat="37.239338178" lon="-118.869575858"/><trkpt lat="37.239531381" lon="-118.86957326"/><trkpt lat="37.23970673" lon="-118.869592287"/><trkpt lat="37.23988208" lon="-118.86961123"/><trkpt lat="37.240079977" lon="-118.869682057"/><trkpt lat="37.240253398" lon="-118.869825471"/><trkpt lat="37.240432519" lon="-118.869976345"/><trkpt lat="37.240576604" lon="-118.870119005"/><trkpt lat="37.240773411" lon="-118.870263007"/><trkpt lat="37.24091121" lon="-118.870434836"/><trkpt lat="37.241151435" lon="-118.87079224"/><trkpt lat="37.241324103" lon="-118.870979575"/><trkpt lat="37.241520826" lon="-118.871130869"/><trkpt lat="37.241741689" lon="-118.871231535"/><trkpt lat="37.241922151" lon="-118.871294567"/><trkpt lat="37.242055507" lon="-118.87137847"/><trkpt lat="37.242146954" lon="-118.871519873"/><trkpt lat="37.242234377" lon="-118.871543929"/><trkpt lat="37.242310653" lon="-118.871531188"/><trkpt lat="37.242406039" lon="-118.871423732"/><trkpt lat="37.242466053" lon="-118.871330023"/><trkpt lat="37.242547525" lon="-118.871361287"/><trkpt lat="37.242669733" lon="-118.87140831"/><trkpt lat="37.242718181" lon="-118.871306973"/><trkpt lat="37.242763191" lon="-118.871051827"/><trkpt lat="37.242807951" lon="-118.870811267"/><trkpt lat="37.242846424" lon="-118.870599875"/><trkpt lat="37.2428797" lon="-118.870344395"/><trkpt lat="37.242928818" lon="-118.870199136"/><trkpt lat="37.242925297" lon="-118.870052621"/><trkpt lat="37.242916161" lon="-118.869891269"/><trkpt lat="37.242947845" lon="-118.869738299"/><trkpt lat="37.243071059" lon="-118.869719356"/><trkpt lat="37.243205085" lon="-118.869759338"/><trkpt lat="37.243315224" lon="-118.869827902"/><trkpt lat="37.243389823" lon="-118.869924964"/><trkpt lat="37.243480347" lon="-118.870124957"/><trkpt lat="37.243553437" lon="-118.870317154"/><trkpt lat="37.243543882" lon="-118.870551176"/><trkpt lat="37.243564166" lon="-118.870749408"/><trkpt lat="37.243608758" lon="-118.870889638"/><trkpt lat="37.243682686" lon="-118.871030621"/><trkpt lat="37.243774552" lon="-118.871142687"/><trkpt lat="37.243807828" lon="-118.871260704"/><trkpt lat="37.243817467" lon="-118.871392719"/><trkpt lat="37.243885947" lon="-118.871504283"/><trkpt lat="37.243978567" lon="-118.871572511"/><trkpt lat="37.244073786" lon="-118.871472348"/><trkpt lat="37.244139751" lon="-118.871371429"/><trkpt lat="37.244224157" lon="-118.871219717"/><trkpt lat="37.244324069" lon="-118.871192895"/><trkpt lat="37.244411157" lon="-118.871238995"/><trkpt lat="37.244509058" lon="-118.871343937"/><trkpt lat="37.244647443" lon="-118.871479221"/><trkpt lat="37.244787421" lon="-118.871511994"/><trkpt lat="37.244916838" lon="-118.871471258"/><trkpt lat="37.245012559" lon="-118.871341757"/><trkpt lat="37.245078776" lon="-118.871226255"/><trkpt lat="37.245145245" lon="-118.871096084"/><trkpt lat="37.245270303" lon="-118.870960046"/><trkpt lat="37.24531984" lon="-118.870792827"/><trkpt lat="37.245317409" lon="-118.870573137"/><trkpt lat="37.245232416" lon="-118.870395273"/><trkpt lat="37.245094618" lon="-118.870223444"/><trkpt lat="37.244932093" lon="-118.870131494"/><trkpt lat="37.244810723" lon="-118.870033342"/><trkpt lat="37.244684491" lon="-118.869869141"/><trkpt lat="37.244546022" lon="-118.869741233"/><trkpt lat="37.244500676" lon="-118.869644925"/><trkpt lat="37.244554404" lon="-118.869580301"/><trkpt lat="37.244677283" lon="-118.869583318"/><trkpt lat="37.244851375" lon="-118.869682811"/><trkpt lat="37.245025132" lon="-118.869804349"/><trkpt lat="37.245165445" lon="-118.869815078"/><trkpt lat="37.245282959" lon="-118.869788675"/><trkpt lat="37.245423524" lon="-118.869784903"/><trkpt lat="37.24557532" lon="-118.869810551"/><trkpt lat="37.245703144" lon="-118.869872326"/><trkpt lat="37.245854521" lon="-118.869927311"/><trkpt lat="37.245965665" lon="-118.869930077"/><trkpt lat="37.246146547" lon="-118.869971149"/><trkpt lat="37.246350059" lon="-118.870056728"/><trkpt lat="37.246565139" lon="-118.870157311"/><trkpt lat="37.246791953" lon="-118.870250769"/><trkpt lat="37.246966464" lon="-118.870321009"/><trkpt lat="37.247134354" lon="-118.870442295"/><trkpt lat="37.247255472" lon="-118.870555116"/><trkpt lat="37.247406766" lon="-118.870617477"/><trkpt lat="37.247551857" lon="-118.870694255"/><trkpt lat="37.247663001" lon="-118.870704398"/><trkpt lat="37.247838434" lon="-118.870716048"/><trkpt lat="37.247966006" lon="-118.870792408"/><trkpt lat="37.248152001" lon="-118.870877568"/><trkpt lat="37.248278987" lon="-118.870990556"/><trkpt lat="37.2484711" lon="-118.871061215"/><trkpt lat="37.24862189" lon="-118.871152829"/><trkpt lat="37.248719875" lon="-118.871250479"/><trkpt lat="37.248800844" lon="-118.87131108"/><trkpt lat="37.248849208" lon="-118.871217035"/><trkpt lat="37.248834288" lon="-118.871048223"/><trkpt lat="37.24876212" lon="-118.870797437"/><trkpt lat="37.248690538" lon="-118.870510105"/><trkpt lat="37.248601438" lon="-118.87022227"/><trkpt lat="37.248490043" lon="-118.869860675"/><trkpt lat="37.248366242" lon="-118.86954275"/><trkpt lat="37.248280328" lon="-118.869423475"/><trkpt lat="37.248103721" lon="-118.869111501"/><trkpt lat="37.247966509" lon="-118.868903043"/><trkpt lat="37.247816557" lon="-118.868760215"/><trkpt lat="37.247730391" lon="-118.868655609"/><trkpt lat="37.247830555" lon="-118.868614119"/><trkpt lat="37.247889061" lon="-118.868615543"/><trkpt lat="37.247988302" lon="-118.868632643"/><trkpt lat="37.248122329" lon="-118.868672624"/><trkpt lat="37.248255936" lon="-118.868741775"/><trkpt lat="37.248407062" lon="-118.868811429"/><trkpt lat="37.248570174" lon="-118.868859457"/><trkpt lat="37.248745188" lon="-118.868900361"/><trkpt lat="37.2489026" lon="-118.868940845"/><trkpt lat="37.249053726" lon="-118.869010499"/><trkpt lat="37.24918792" lon="-118.869043104"/><trkpt lat="37.249326976" lon="-118.869134467"/><trkpt lat="37.24944843" lon="-118.869225327"/><trkpt lat="37.249564603" lon="-118.869286766"/><trkpt lat="37.249572398" lon="-118.869162463"/><trkpt lat="37.249527806" lon="-118.869022233"/><trkpt lat="37.24941398" lon="-118.868814362"/><trkpt lat="37.249277104" lon="-118.868583944"/><trkpt lat="37.249140227" lon="-118.868353525"/><trkpt lat="37.248986" lon="-118.868108103"/><trkpt lat="37.248831186" lon="-118.867899226"/><trkpt lat="37.24868861" lon="-118.867661348"/><trkpt lat="37.248551818" lon="-118.867423637"/><trkpt lat="37.248415612" lon="-118.867149297"/><trkpt lat="37.248335062" lon="-118.867059443"/><trkpt lat="37.248331038" lon="-118.86694218"/><trkpt lat="37.248418964" lon="-118.866937067"/><trkpt lat="37.248582412" lon="-118.866970344"/><trkpt lat="37.248786259" lon="-118.867033962"/><trkpt lat="37.249060515" lon="-118.867092049"/><trkpt lat="37.249241145" lon="-118.867147705"/><trkpt lat="37.249456476" lon="-118.867226243"/><trkpt lat="37.249694522" lon="-118.867356665"/><trkpt lat="37.249827711" lon="-118.867447861"/><trkpt lat="37.249949332" lon="-118.867531344"/><trkpt lat="37.250120323" lon="-118.867567973"/><trkpt lat="37.250283603" lon="-118.867745167"/><trkpt lat="37.250475464" lon="-118.867871063"/><trkpt lat="37.250437997" lon="-118.867610469"/><trkpt lat="37.250345796" lon="-118.867313834"/><trkpt lat="37.250198778" lon="-118.86698124"/><trkpt lat="37.25007724" lon="-118.866787786"/><trkpt lat="37.250215625" lon="-118.866791138"/><trkpt lat="37.250383599" lon="-118.866898762"/><trkpt lat="37.250539251" lon="-118.866947293"/><trkpt lat="37.250735806" lon="-118.866946623"/><trkpt lat="37.250865893" lon="-118.866910664"/><trkpt lat="37.250801353" lon="-118.866752665"/><trkpt lat="37.2507089" lon="-118.8666665"/><trkpt lat="37.250643102" lon="-118.866592236"/><trkpt lat="37.250661962" lon="-118.866525684"/><trkpt lat="37.250778805" lon="-118.866483858"/><trkpt lat="37.25091828" lon="-118.866420239"/><trkpt lat="37.251018109" lon="-118.866322171"/><trkpt lat="37.251127912" lon="-118.866157215"/><trkpt lat="37.251184154" lon="-118.865985386"/><trkpt lat="37.251226148" lon="-118.865874661"/><trkpt lat="37.251321953" lon="-118.865748513"/><trkpt lat="37.251425637" lon="-118.865684057"/><trkpt lat="37.251539798" lon="-118.865530416"/><trkpt lat="37.251603249" lon="-118.865470486"/><trkpt lat="37.251760326" lon="-118.86542405"/><trkpt lat="37.251916733" lon="-118.865416758"/><trkpt lat="37.252064422" lon="-118.865403682"/><trkpt lat="37.252225354" lon="-118.865390858"/><trkpt lat="37.252331972" lon="-118.8654326"/><trkpt lat="37.252502544" lon="-118.865380967"/><trkpt lat="37.252646545" lon="-118.865311816"/><trkpt lat="37.252767831" lon="-118.865270158"/><trkpt lat="37.252926836" lon="-118.865100844"/><trkpt lat="37.253076956" lon="-118.864925746"/><trkpt lat="37.253240487" lon="-118.864750983"/><trkpt lat="37.253363952" lon="-118.864569599"/><trkpt lat="37.253481299" lon="-118.864494245"/><trkpt lat="37.25352589" lon="-118.864500951"/><trkpt lat="37.253610967" lon="-118.864486283"/><trkpt lat="37.253789753" lon="-118.864479493"/><trkpt lat="37.254007934" lon="-118.864524001"/><trkpt lat="37.254244471" lon="-118.864535484"/><trkpt lat="37.254426694" lon="-118.864595834"/><trkpt lat="37.254581843" lon="-118.864672277"/><trkpt lat="37.254784349" lon="-118.864861708"/><trkpt lat="37.254986605" lon="-118.865067903"/><trkpt lat="37.255101521" lon="-118.86514334"/><trkpt lat="37.255211659" lon="-118.865241073"/><trkpt lat="37.255273266" lon="-118.865298489"/><trkpt lat="37.255375944" lon="-118.86530662"/><trkpt lat="37.255590353" lon="-118.865306284"/><trkpt lat="37.25575598" lon="-118.86528248"/><trkpt lat="37.255970221" lon="-118.865293292"/><trkpt lat="37.256206339" lon="-118.865332687"/><trkpt lat="37.256405996" lon="-118.865421452"/><trkpt lat="37.256565085" lon="-118.865531506"/><trkpt lat="37.256732639" lon="-118.865669807"/><trkpt lat="37.25684152" lon="-118.865845744"/><trkpt lat="37.256887285" lon="-118.866059231"/><trkpt lat="37.256906396" lon="-118.866266431"/><trkpt lat="37.256933805" lon="-118.866513027"/><trkpt lat="37.256973954" lon="-118.866799017"/><trkpt lat="37.257029945" lon="-118.866928937"/><trkpt lat="37.257136563" lon="-118.866970679"/><trkpt lat="37.257283665" lon="-118.866985431"/><trkpt lat="37.257390451" lon="-118.867016025"/><trkpt lat="37.257478964" lon="-118.867068496"/><trkpt lat="37.2575342" lon="-118.867248707"/><trkpt lat="37.257526489" lon="-118.86745532"/><trkpt lat="37.257500254" lon="-118.867700491"/><trkpt lat="37.257456332" lon="-118.867939711"/><trkpt lat="37.257453231" lon="-118.86813526"/><trkpt lat="37.257468821" lon="-118.868280938"/><trkpt lat="37.257519364" lon="-118.868472129"/><trkpt lat="37.257597065" lon="-118.868362326"/><trkpt lat="37.257693876" lon="-118.868297702"/><trkpt lat="37.257800326" lon="-118.868210698"/><trkpt lat="37.257863022" lon="-118.868170464"/><trkpt lat="37.257972658" lon="-118.868185049"/><trkpt lat="37.257999228" lon="-118.868317232"/><trkpt lat="37.258018926" lon="-118.868586626"/><trkpt lat="37.258043988" lon="-118.868814278"/><trkpt lat="37.25807366" lon="-118.869054085"/><trkpt lat="37.25814038" lon="-118.869366478"/><trkpt lat="37.258293685" lon="-118.869639141"/><trkpt lat="37.258463921" lon="-118.869750956"/><trkpt lat="37.258626195" lon="-118.869754979"/><trkpt lat="37.2587422" lon="-118.869668143"/><trkpt lat="37.258915454" lon="-118.86958885"/><trkpt lat="37.259010673" lon="-118.869609134"/><trkpt lat="37.259114524" lon="-118.869689349"/><trkpt lat="37.259177975" lon="-118.869906021"/><trkpt lat="37.259179065" lon="-118.870139122"/><trkpt lat="37.259149645" lon="-118.870490994"/><trkpt lat="37.259156518" lon="-118.870658465"/><trkpt lat="37.259168336" lon="-118.870820068"/><trkpt lat="37.25916733" lon="-118.870879831"/><trkpt lat="37.259131707" lon="-118.871022407"/><trkpt lat="37.258990221" lon="-118.871210078"/><trkpt lat="37.258840855" lon="-118.871290041"/><trkpt lat="37.258681096" lon="-118.871423565"/><trkpt lat="37.258525109" lon="-118.871622887"/><trkpt lat="37.258412624" lon="-118.871793374"/><trkpt lat="37.258395692" lon="-118.871954307"/><trkpt lat="37.25845973" lon="-118.872135188"/><trkpt lat="37.258533658" lon="-118.872292349"/><trkpt lat="37.258483618" lon="-118.872440541"/><trkpt lat="37.258496024" lon="-118.872560319"/><trkpt lat="37.258638013" lon="-118.872641539"/><trkpt lat="37.258828534" lon="-118.872676156"/><trkpt lat="37.259019557" lon="-118.87268085"/><trkpt lat="37.259229105" lon="-118.872721922"/><trkpt lat="37.259362964" lon="-118.872713288"/><trkpt lat="37.259553066" lon="-118.872771794"/><trkpt lat="37.259733193" lon="-118.872859888"/><trkpt lat="37.259871243" lon="-118.872893248"/><trkpt lat="37.260026895" lon="-118.873016629"/><trkpt lat="37.260120856" lon="-118.87311453"/><trkpt lat="37.260268461" lon="-118.873148058"/><trkpt lat="37.2604967" lon="-118.87321352"/><trkpt lat="37.2607153" lon="-118.873284683"/><trkpt lat="37.260862151" lon="-118.873360036"/><trkpt lat="37.260936918" lon="-118.873463469"/><trkpt lat="37.260948233" lon="-118.873654995"/><trkpt lat="37.260854105" lon="-118.873867728"/><trkpt lat="37.260754025" lon="-118.874158077"/><trkpt lat="37.260708595" lon="-118.874312304"/><trkpt lat="37.260715133" lon="-118.874503747"/><trkpt lat="37.26081714" lon="-118.874697536"/><trkpt lat="37.260972625" lon="-118.87483282"/><trkpt lat="37.26115644" lon="-118.874992747"/><trkpt lat="37.261311254" lon="-118.87516994"/><trkpt lat="37.261456009" lon="-118.875376722"/><trkpt lat="37.261571344" lon="-118.875636561"/><trkpt lat="37.26164829" lon="-118.87590738"/><trkpt lat="37.26172532" lon="-118.876172248"/><trkpt lat="37.261839816" lon="-118.876479864"/><trkpt lat="37.261971245" lon="-118.876626547"/><trkpt lat="37.26209932" lon="-118.876683461"/><trkpt lat="37.262268383" lon="-118.876568126"/><trkpt lat="37.26242722" lon="-118.876488414"/><trkpt lat="37.26254859" lon="-118.876365954"/><trkpt lat="37.262679096" lon="-118.876267634"/><trkpt lat="37.262846231" lon="-118.876271741"/><trkpt lat="37.262993418" lon="-118.876329241"/><trkpt lat="37.263148986" lon="-118.876458574"/><trkpt lat="37.263223166" lon="-118.876597881"/><trkpt lat="37.263247306" lon="-118.876885297"/><trkpt lat="37.263253005" lon="-118.877130467"/><trkpt lat="37.263273876" lon="-118.877322245"/><trkpt lat="37.263294999" lon="-118.877496086"/><trkpt lat="37.263354762" lon="-118.877641009"/><trkpt lat="37.263521058" lon="-118.877698928"/><trkpt lat="37.263701269" lon="-118.877781071"/><trkpt lat="37.263895394" lon="-118.877887521"/><trkpt lat="37.264041156" lon="-118.87803454"/><trkpt lat="37.264159592" lon="-118.878097236"/><trkpt lat="37.26434106" lon="-118.878101762"/><trkpt lat="37.264546836" lon="-118.878077036"/><trkpt lat="37.264728053" lon="-118.878093464"/><trkpt lat="37.264910527" lon="-118.878032276"/><trkpt lat="37.265145471" lon="-118.877978297"/><trkpt lat="37.265322749" lon="-118.877940914"/><trkpt lat="37.265709406" lon="-118.877956504"/><trkpt lat="37.2660679" lon="-118.8779415"/><trkpt lat="37.266321536" lon="-118.877911996"/><trkpt lat="37.266776506" lon="-118.877839576"/><trkpt lat="37.26699125" lon="-118.877850892"/><trkpt lat="37.26721203" lon="-118.877784675"/><trkpt lat="37.267452758" lon="-118.877665149"/><trkpt lat="37.267793231" lon="-118.877577977"/><trkpt lat="37.268202435" lon="-118.877677806"/><trkpt lat="37.268534442" lon="-118.877829518"/><trkpt lat="37.268872485" lon="-118.877897663"/><trkpt lat="37.269148752" lon="-118.877946446"/><trkpt lat="37.269299459" lon="-118.877782831"/><trkpt lat="37.269555358" lon="-118.877609912"/><trkpt lat="37.26965921" lon="-118.877385361"/><trkpt lat="37.26970573" lon="-118.877159385"/><trkpt lat="37.269762475" lon="-118.87689787"/><trkpt lat="37.269880325" lon="-118.876691591"/><trkpt lat="37.270028852" lon="-118.876665356"/><trkpt lat="37.270306796" lon="-118.876606515"/><trkpt lat="37.270456497" lon="-118.876502663"/><trkpt lat="37.270623045" lon="-118.87624383"/><trkpt lat="37.27074232" lon="-118.875947949"/><trkpt lat="37.270774841" lon="-118.875703784"/><trkpt lat="37.270912221" lon="-118.875474036"/><trkpt lat="37.271072483" lon="-118.875310672"/><trkpt lat="37.271312037" lon="-118.875262896"/><trkpt lat="37.271632142" lon="-118.875258872"/><trkpt lat="37.272032378" lon="-118.875322575"/><trkpt lat="37.272414928" lon="-118.875296256"/><trkpt lat="37.272672001" lon="-118.875350403"/><trkpt lat="37.272842908" lon="-118.87541444"/><trkpt lat="37.27311004" lon="-118.875438999"/><trkpt lat="37.273282455" lon="-118.8754074"/><trkpt lat="37.273526369" lon="-118.875389546"/><trkpt lat="37.273812778" lon="-118.875402706"/><trkpt lat="37.273984356" lon="-118.875424834"/><trkpt lat="37.274183426" lon="-118.875525417"/><trkpt lat="37.274362547" lon="-118.875673357"/><trkpt lat="37.274524067" lon="-118.875731109"/><trkpt lat="37.27480595" lon="-118.875726163"/><trkpt lat="37.275001751" lon="-118.875731025"/><trkpt lat="37.275226973" lon="-118.875682829"/><trkpt lat="37.275436772" lon="-118.875706047"/><trkpt lat="37.27556535" lon="-118.87573312"/><trkpt lat="37.275649421" lon="-118.875854742"/><trkpt lat="37.275618743" lon="-118.875979465"/><trkpt lat="37.275535259" lon="-118.876126818"/><trkpt lat="37.27540358" lon="-118.876296887"/><trkpt lat="37.275329148" lon="-118.876474416"/><trkpt lat="37.275315737" lon="-118.876719084"/><trkpt lat="37.275345158" lon="-118.876970876"/><trkpt lat="37.275500307" lon="-118.877130132"/><trkpt lat="37.275675572" lon="-118.877218142"/><trkpt lat="37.275846815" lon="-118.877264243"/><trkpt lat="37.275983607" lon="-118.877375219"/><trkpt lat="37.276158789" lon="-118.877475215"/><trkpt lat="37.276279153" lon="-118.877412518"/><trkpt lat="37.27641779" lon="-118.877403969"/><trkpt lat="37.276588865" lon="-118.877462056"/><trkpt lat="37.276768405" lon="-118.877586024"/><trkpt lat="37.276995555" lon="-118.877795152"/><trkpt lat="37.277082307" lon="-118.877860028"/><trkpt lat="37.277317671" lon="-118.878038479"/><trkpt lat="37.277537277" lon="-118.878028253"/><trkpt lat="37.277709106" lon="-118.877867823"/><trkpt lat="37.277768198" lon="-118.877696665"/><trkpt lat="37.277839612" lon="-118.877541516"/><trkpt lat="37.277919324" lon="-118.877261141"/><trkpt lat="37.278037341" lon="-118.876934582"/><trkpt lat="37.278154185" lon="-118.876678599"/><trkpt lat="37.278156448" lon="-118.876537448"/><trkpt lat="37.278247476" lon="-118.8763279"/><trkpt lat="37.278390471" lon="-118.876009807"/><trkpt lat="37.278543944" lon="-118.875817526"/><trkpt lat="37.278728513" lon="-118.875641674"/><trkpt lat="37.278955914" lon="-118.875537487"/><trkpt lat="37.279132856" lon="-118.875447717"/><trkpt lat="37.27938096" lon="-118.875218555"/><trkpt lat="37.279515993" lon="-118.875002218"/><trkpt lat="37.279625628" lon="-118.874808848"/><trkpt lat="37.279883455" lon="-118.874760317"/><trkpt lat="37.280154023" lon="-118.874696447"/><trkpt lat="37.28037497" lon="-118.874599887"/><trkpt lat="37.280501705" lon="-118.874516739"/><trkpt lat="37.28075861" lon="-118.874523193"/><trkpt lat="37.281003864" lon="-118.874474326"/><trkpt lat="37.28125046" lon="-118.87433921"/><trkpt lat="37.281452883" lon="-118.874226557"/><trkpt lat="37.281747423" lon="-118.874233933"/><trkpt lat="37.282060152" lon="-118.874280872"/><trkpt lat="37.282368271" lon="-118.874217924"/><trkpt lat="37.282712851" lon="-118.874234352"/><trkpt lat="37.282937821" lon="-118.874279112"/><trkpt lat="37.283249712" lon="-118.874381036"/><trkpt lat="37.283644583" lon="-118.874382963"/><trkpt lat="37.283907775" lon="-118.874389501"/><trkpt lat="37.284259731" lon="-118.874335522"/><trkpt lat="37.284525018" lon="-118.874208704"/><trkpt lat="37.284957692" lon="-118.874203758"/><trkpt lat="37.285296572" lon="-118.874180792"/><trkpt lat="37.285653474" lon="-118.874205351"/><trkpt lat="37.285948014" lon="-118.874212727"/><trkpt lat="37.286168458" lon="-118.874147516"/><trkpt lat="37.28643408" lon="-118.874005107"/><trkpt lat="37.28669283" lon="-118.873893796"/><trkpt lat="37.28684999" lon="-118.873866303"/><trkpt lat="37.287025591" lon="-118.873862866"/><trkpt lat="37.287226506" lon="-118.873844342"/><trkpt lat="37.287439322" lon="-118.873865297"/><trkpt lat="37.287616013" lon="-118.873791201"/><trkpt lat="37.287723888" lon="-118.87370755"/><trkpt lat="37.28776345" lon="-118.873582995"/><trkpt lat="37.287683152" lon="-118.873510407"/><trkpt lat="37.287608553" lon="-118.873469336"/><trkpt lat="37.287597237" lon="-118.87339063"/><trkpt lat="37.287623975" lon="-118.873289293"/><trkpt lat="37.287662113" lon="-118.873250987"/><trkpt lat="37.287787339" lon="-118.873261968"/><trkpt lat="37.287980877" lon="-118.873313852"/><trkpt lat="37.28808213" lon="-118.873253586"/><trkpt lat="37.288184725" lon="-118.87310707"/><trkpt lat="37.288260665" lon="-118.873061892"/><trkpt lat="37.288492844" lon="-118.873051917"/><trkpt lat="37.288843961" lon="-118.87304496"/><trkpt lat="37.289107069" lon="-118.873059293"/><trkpt lat="37.289312761" lon="-118.873135066"/><trkpt lat="37.2895006" lon="-118.873147555"/><trkpt lat="37.289638985" lon="-118.873119643"/><trkpt lat="37.289646361" lon="-118.873049151"/><trkpt lat="37.2895985" lon="-118.872906743"/><trkpt lat="37.289568242" lon="-118.872835413"/><trkpt lat="37.289656587" lon="-118.872798365"/><trkpt lat="37.289750464" lon="-118.872808507"/><trkpt lat="37.289880551" lon="-118.872905904"/><trkpt lat="37.29005632" lon="-118.872894589"/><trkpt lat="37.290263101" lon="-118.872899702"/><trkpt lat="37.290377263" lon="-118.872816218"/><trkpt lat="37.29050911" lon="-118.872803813"/><trkpt lat="37.290586643" lon="-118.872656627"/><trkpt lat="37.290657554" lon="-118.87253291"/><trkpt lat="37.290808428" lon="-118.872505249"/><trkpt lat="37.290957877" lon="-118.872571718"/><trkpt lat="37.291088384" lon="-118.872645563"/><trkpt lat="37.291388623" lon="-118.872684455"/><trkpt lat="37.291689869" lon="-118.872668361"/><trkpt lat="37.291971836" lon="-118.872675318"/><trkpt lat="37.292197142" lon="-118.872696608"/><trkpt lat="37.292448096" lon="-118.872687137"/><trkpt lat="37.292567203" lon="-118.872690154"/><trkpt lat="37.292719334" lon="-118.872584039"/><trkpt lat="37.292876663" lon="-118.872540873"/><trkpt lat="37.293013455" lon="-118.872614885"/><trkpt lat="37.293162905" lon="-118.872681353"/><trkpt lat="37.293319143" lon="-118.872708762"/><trkpt lat="37.293499773" lon="-118.872783864"/><trkpt lat="37.293697419" lon="-118.872969272"/><trkpt lat="37.293884335" lon="-118.873044541"/><trkpt lat="37.294077119" lon="-118.873143448"/><trkpt lat="37.294371407" lon="-118.873166498"/><trkpt lat="37.29453343" lon="-118.873225423"/><trkpt lat="37.294745827" lon="-118.873277809"/><trkpt lat="37.295071883" lon="-118.873270182"/><trkpt lat="37.295329543" lon="-118.87322953"/><trkpt lat="37.295556022" lon="-118.87318016"/><trkpt lat="37.295714105" lon="-118.87309785"/><trkpt lat="37.295892136" lon="-118.87293742"/><trkpt lat="37.296064049" lon="-118.872769112"/><trkpt lat="37.296253564" lon="-118.872679593"/><trkpt lat="37.296436373" lon="-118.872613544"/><trkpt lat="37.296625134" lon="-118.872571131"/><trkpt lat="37.296832837" lon="-118.872521343"/><trkpt lat="37.296959404" lon="-118.872446073"/><trkpt lat="37.297093179" lon="-118.872308107"/><trkpt lat="37.297309265" lon="-118.87212513"/><trkpt lat="37.297587292" lon="-118.871982973"/><trkpt lat="37.297796337" lon="-118.871846935"/><trkpt lat="37.298037568" lon="-118.871656749"/><trkpt lat="37.298290618" lon="-118.871513922"/><trkpt lat="37.29852967" lon="-118.871457092"/><trkpt lat="37.298793029" lon="-118.871455751"/><trkpt lat="37.299086815" lon="-118.87151015"/><trkpt lat="37.299267529" lon="-118.871577373"/><trkpt lat="37.299377248" lon="-118.871776275"/><trkpt lat="37.299532816" lon="-118.87185079"/><trkpt lat="37.299727108" lon="-118.871855568"/><trkpt lat="37.300010333" lon="-118.871784154"/><trkpt lat="37.300287774" lon="-118.871681141"/><trkpt lat="37.300453065" lon="-118.871536218"/><trkpt lat="37.300604945" lon="-118.871445777"/><trkpt lat="37.300774679" lon="-118.87141862"/><trkpt lat="37.300838297" lon="-118.871357432"/><trkpt lat="37.301007276" lon="-118.871377297"/><trkpt lat="37.301232498" lon="-118.871406466"/><trkpt lat="37.30148253" lon="-118.871451896"/><trkpt lat="37.301582694" lon="-118.871462205"/><trkpt lat="37.301657712" lon="-118.871471928"/><trkpt lat="37.301851166" lon="-118.871531608"/><trkpt lat="37.301963065" lon="-118.871589359"/><trkpt lat="37.302166242" lon="-118.871821957"/><trkpt lat="37.302393308" lon="-118.87213368"/><trkpt lat="37.302576201" lon="-118.872459903"/><trkpt lat="37.302740151" lon="-118.872801466"/><trkpt lat="37.302855067" lon="-118.873063233"/><trkpt lat="37.302908879" lon="-118.873229362"/><trkpt lat="37.302857749" lon="-118.873290885"/><trkpt lat="37.302756915" lon="-118.873327682"/><trkpt lat="37.302724309" lon="-118.873405298"/><trkpt lat="37.302783905" lon="-118.873602943"/><trkpt lat="37.302938048" lon="-118.873763792"/><trkpt lat="37.303205514" lon="-118.873895975"/><trkpt lat="37.303428305" lon="-118.874081969"/><trkpt lat="37.303640032" lon="-118.874173583"/><trkpt lat="37.303877492" lon="-118.874218678"/><trkpt lat="37.304069689" lon="-118.874356896"/><trkpt lat="37.304311423" lon="-118.874527719"/><trkpt lat="37.304560281" lon="-118.874651603"/><trkpt lat="37.304740408" lon="-118.874758137"/><trkpt lat="37.304964373" lon="-118.874865677"/><trkpt lat="37.305245502" lon="-118.874927619"/><trkpt lat="37.305526631" lon="-118.874989562"/><trkpt lat="37.305795103" lon="-118.875058964"/><trkpt lat="37.306076316" lon="-118.875113111"/><trkpt lat="37.306220233" lon="-118.875132389"/><trkpt lat="37.306478815" lon="-118.875036752"/><trkpt lat="37.306597587" lon="-118.875055443"/><trkpt lat="37.306623906" lon="-118.874977576"/><trkpt lat="37.306712754" lon="-118.874909179"/><trkpt lat="37.306851223" lon="-118.874873389"/><trkpt lat="37.30705088" lon="-118.874933235"/><trkpt lat="37.307189601" lon="-118.87488177"/><trkpt lat="37.307479111" lon="-118.874810524"/><trkpt lat="37.307743812" lon="-118.874722933"/><trkpt lat="37.307994599" lon="-118.874721257"/><trkpt lat="37.308295257" lon="-118.874736596"/><trkpt lat="37.308575297" lon="-118.874869114"/><trkpt lat="37.308812588" lon="-118.874929966"/><trkpt lat="37.30910168" lon="-118.874882273"/><trkpt lat="37.309434442" lon="-118.87485126"/><trkpt lat="37.309774412" lon="-118.874757718"/><trkpt lat="37.310103821" lon="-118.874546159"/><trkpt lat="37.310426356" lon="-118.874365781"/><trkpt lat="37.310761549" lon="-118.874177942"/><trkpt lat="37.311091628" lon="-118.873919277"/><trkpt lat="37.31140377" lon="-118.87360529"/><trkpt lat="37.311658915" lon="-118.873329023"/><trkpt lat="37.311875923" lon="-118.873083265"/><trkpt lat="37.312048003" lon="-118.872907078"/><trkpt lat="37.312236344" lon="-118.872888219"/><trkpt lat="37.312404821" lon="-118.872939432"/><trkpt lat="37.312485958" lon="-118.872964997"/><trkpt lat="37.312688967" lon="-118.872813117"/><trkpt lat="37.312898599" lon="-118.872637767"/><trkpt lat="37.313076295" lon="-118.872500975"/><trkpt lat="37.313169921" lon="-118.872526791"/><trkpt lat="37.313331859" lon="-118.872593595"/><trkpt lat="37.313465048" lon="-118.872494856"/><trkpt lat="37.313673841" lon="-118.872374492"/><trkpt lat="37.313865032" lon="-118.87217517"/><trkpt lat="37.314074328" lon="-118.872023374"/><trkpt lat="37.314263675" lon="-118.871941818"/><trkpt lat="37.314534411" lon="-118.871869985"/><trkpt lat="37.314742198" lon="-118.871812401"/><trkpt lat="37.314879661" lon="-118.871839307"/><trkpt lat="37.314946717" lon="-118.871958749"/><trkpt lat="37.315020226" lon="-118.87207048"/><trkpt lat="37.315270845" lon="-118.872076683"/><trkpt lat="37.31553454" lon="-118.872051788"/><trkpt lat="37.315823799" lon="-118.871996216"/><trkpt lat="37.316056229" lon="-118.871970568"/><trkpt lat="37.316338783" lon="-118.871938381"/><trkpt lat="37.316603735" lon="-118.871835032"/><trkpt lat="37.316949656" lon="-118.871765127"/><trkpt lat="37.317292225" lon="-118.871506797"/><trkpt lat="37.317590201" lon="-118.8712944"/><trkpt lat="37.317806035" lon="-118.871127097"/><trkpt lat="37.317945343" lon="-118.871036405"/><trkpt lat="37.318073837" lon="-118.87084337"/><trkpt lat="37.318221526" lon="-118.870619405"/><trkpt lat="37.318413975" lon="-118.870341629"/><trkpt lat="37.318606842" lon="-118.870040299"/><trkpt lat="37.318704491" lon="-118.869807199"/><trkpt lat="37.318906998" lon="-118.869686667"/><trkpt lat="37.319178488" lon="-118.869567811"/><trkpt lat="37.319486858" lon="-118.869489105"/><trkpt lat="37.319631781" lon="-118.869445603"/><trkpt lat="37.31974938" lon="-118.86954275"/><trkpt lat="37.3198881" lon="-118.869491201"/><trkpt lat="37.320071077" lon="-118.869417273"/><trkpt lat="37.320201667" lon="-118.869483322"/><trkpt lat="37.320307363" lon="-118.869540822"/><trkpt lat="37.320382129" lon="-118.869566219"/><trkpt lat="37.320570052" lon="-118.869578792"/><trkpt lat="37.320715394" lon="-118.869503858"/><trkpt lat="37.320781192" lon="-118.869309314"/><trkpt lat="37.320920667" lon="-118.869210659"/><trkpt lat="37.321066847" lon="-118.869080907"/><trkpt lat="37.321100626" lon="-118.868924752"/><trkpt lat="37.321093166" lon="-118.868602719"/><trkpt lat="37.32110247" lon="-118.868414545"/><trkpt lat="37.321210597" lon="-118.86831522"/><trkpt lat="37.321404554" lon="-118.868335756"/><trkpt lat="37.3215794" lon="-118.868379258"/><trkpt lat="37.321785595" lon="-118.868423682"/><trkpt lat="37.322029006" lon="-118.868492497"/><trkpt lat="37.32228633" lon="-118.868475314"/><trkpt lat="37.322507026" lon="-118.868394429"/><trkpt lat="37.322634095" lon="-118.868287727"/><trkpt lat="37.322637029" lon="-118.868099386"/><trkpt lat="37.322590258" lon="-118.867886318"/><trkpt lat="37.322573913" lon="-118.867728906"/><trkpt lat="37.322645327" lon="-118.867573673"/><trkpt lat="37.322823275" lon="-118.867421122"/><trkpt lat="37.322976999" lon="-118.867213"/><trkpt lat="37.323117228" lon="-118.867067322"/><trkpt lat="37.323209262" lon="-118.867195146"/><trkpt lat="37.323365165" lon="-118.867246108"/><trkpt lat="37.323591979" lon="-118.867173269"/><trkpt lat="37.323825834" lon="-118.867053408"/><trkpt lat="37.324052146" lon="-118.867011918"/><trkpt lat="37.32437267" lon="-118.866964979"/><trkpt lat="37.324673831" lon="-118.866948886"/><trkpt lat="37.324949009" lon="-118.866987107"/><trkpt lat="37.325185211" lon="-118.867118536"/><trkpt lat="37.325383779" lon="-118.867249042"/><trkpt lat="37.32555259" lon="-118.867276786"/><trkpt lat="37.325739926" lon="-118.867320707"/><trkpt lat="37.325875713" lon="-118.8674575"/><trkpt lat="37.325966656" lon="-118.867655983"/><trkpt lat="37.326120716" lon="-118.867824627"/><trkpt lat="37.326314086" lon="-118.86788439"/><trkpt lat="37.326563196" lon="-118.8679926"/><trkpt lat="37.326843319" lon="-118.868117323"/><trkpt lat="37.327135513" lon="-118.868273729"/><trkpt lat="37.327390155" lon="-118.868421335"/><trkpt lat="37.327620909" lon="-118.868497694"/><trkpt lat="37.327770861" lon="-118.868532814"/><trkpt lat="37.327991305" lon="-118.868467603"/><trkpt lat="37.328142095" lon="-118.868447822"/><trkpt lat="37.328363713" lon="-118.868304156"/><trkpt lat="37.328534536" lon="-118.868206339"/><trkpt lat="37.328761267" lon="-118.868141295"/><trkpt lat="37.328936616" lon="-118.868153533"/><trkpt lat="37.329164939" lon="-118.867986482"/><trkpt lat="37.329398794" lon="-118.86786662"/><trkpt lat="37.329625944" lon="-118.867770229"/><trkpt lat="37.329884609" lon="-118.867666712"/><trkpt lat="37.330024503" lon="-118.867544588"/><trkpt lat="37.330120308" lon="-118.867429253"/><trkpt lat="37.33027353" lon="-118.867252478"/><trkpt lat="37.330350475" lon="-118.867144436"/><trkpt lat="37.330439743" lon="-118.867052486"/><trkpt lat="37.330584247" lon="-118.867032537"/><trkpt lat="37.330822963" lon="-118.866999177"/><trkpt lat="37.331037121" lon="-118.866933798"/><trkpt lat="37.331249937" lon="-118.866954837"/><trkpt lat="37.3314247" lon="-118.867006218"/><trkpt lat="37.331729801" lon="-118.867139407"/><trkpt lat="37.332021827" lon="-118.867303692"/><trkpt lat="37.332277307" lon="-118.867404191"/><trkpt lat="37.332538739" lon="-118.867520615"/><trkpt lat="37.33292439" lon="-118.867710717"/><trkpt lat="37.333300067" lon="-118.867743574"/><trkpt lat="37.333612796" lon="-118.867790597"/><trkpt lat="37.333887974" lon="-118.867828818"/><trkpt lat="37.334236661" lon="-118.86797877"/><trkpt lat="37.334478647" lon="-118.868141798"/><trkpt lat="37.334771091" lon="-118.86828253"/><trkpt lat="37.335062949" lon="-118.868454611"/><trkpt lat="37.335192617" lon="-118.868583441"/><trkpt lat="37.335291523" lon="-118.868672205"/><trkpt lat="37.335445331" lon="-118.868856607"/><trkpt lat="37.335591428" lon="-118.869135054"/><trkpt lat="37.335750349" lon="-118.869390199"/><trkpt lat="37.335917735" lon="-118.869512156"/><trkpt lat="37.336191069" lon="-118.869668059"/><trkpt lat="37.336382847" lon="-118.86982983"/><trkpt lat="37.3364753" lon="-118.869934184"/><trkpt lat="37.33661578" lon="-118.870165357"/><trkpt lat="37.336782748" lon="-118.870310867"/><trkpt lat="37.337068906" lon="-118.870451432"/><trkpt lat="37.337336205" lon="-118.870599372"/><trkpt lat="37.33755908" lon="-118.870777655"/><trkpt lat="37.337833671" lon="-118.870855104"/><trkpt lat="37.338051349" lon="-118.87096256"/><trkpt lat="37.338305488" lon="-118.871149477"/><trkpt lat="37.338540768" lon="-118.87133589"/><trkpt lat="37.338839332" lon="-118.871484669"/><trkpt lat="37.339226324" lon="-118.871588437"/><trkpt lat="37.339500077" lon="-118.871720871"/><trkpt lat="37.339593703" lon="-118.871746771"/><trkpt lat="37.339703673" lon="-118.871930083"/><trkpt lat="37.339864271" lon="-118.872083221"/><trkpt lat="37.340082452" lon="-118.872159328"/><trkpt lat="37.34023165" lon="-118.872241555"/><trkpt lat="37.340450501" lon="-118.872278435"/><trkpt lat="37.340770019" lon="-118.872286314"/><trkpt lat="37.340996247" lon="-118.872252703"/><trkpt lat="37.341152402" lon="-118.872287991"/><trkpt lat="37.341350382" lon="-118.872457808"/><trkpt lat="37.341516428" lon="-118.872658219"/><trkpt lat="37.341675935" lon="-118.872882016"/><trkpt lat="37.341824211" lon="-118.873019144"/><trkpt lat="37.341967374" lon="-118.873085529"/><trkpt lat="37.34211674" lon="-118.873152081"/><trkpt lat="37.342291083" lon="-118.873227099"/><trkpt lat="37.342515802" lon="-118.873287616"/><trkpt lat="37.342747729" lon="-118.8732934"/><trkpt lat="37.343009077" lon="-118.873417703"/><trkpt lat="37.343331194" lon="-118.873661282"/><trkpt lat="37.343639648" lon="-118.8739751"/><trkpt lat="37.343924046" lon="-118.874225635"/><trkpt lat="37.344139963" lon="-118.874450857"/><trkpt lat="37.34426301" lon="-118.874595193"/><trkpt lat="37.344386475" lon="-118.87471606"/><trkpt lat="37.344466774" lon="-118.87479661"/><trkpt lat="37.344663916" lon="-118.875013534"/><trkpt lat="37.34489115" lon="-118.875309667"/><trkpt lat="37.345132632" lon="-118.875504127"/><trkpt lat="37.345435051" lon="-118.875802187"/><trkpt lat="37.345631523" lon="-118.876066217"/><trkpt lat="37.345820535" lon="-118.876400655"/><trkpt lat="37.345967218" lon="-118.876639875"/><trkpt lat="37.346126642" lon="-118.876863755"/><trkpt lat="37.346318839" lon="-118.877001973"/><trkpt lat="37.346626287" lon="-118.877256615"/><trkpt lat="37.3469593" lon="-118.877439089"/><trkpt lat="37.347187456" lon="-118.877662383"/><trkpt lat="37.347380156" lon="-118.877928341"/><trkpt lat="37.347679641" lon="-118.878037389"/><trkpt lat="37.347953394" lon="-118.878305359"/><trkpt lat="37.348311469" lon="-118.87837233"/><trkpt lat="37.348644482" lon="-118.87855472"/><trkpt lat="37.34901295" lon="-118.878694531"/><trkpt lat="37.34939483" lon="-118.878718587"/><trkpt lat="37.349673193" lon="-118.878696458"/><trkpt lat="37.349869749" lon="-118.878715904"/><trkpt lat="37.350146268" lon="-118.878809866"/><trkpt lat="37.350471234" lon="-118.87877441"/><trkpt lat="37.350739622" lon="-118.878650526"/><trkpt lat="37.350966521" lon="-118.878220953"/><trkpt lat="37.35112343" lon="-118.877818538"/><trkpt lat="37.351174392" lon="-118.877529614"/><trkpt lat="37.351352675" lon="-118.877243875"/><trkpt lat="37.351610418" lon="-118.877061736"/><trkpt lat="37.351911413" lon="-118.877069196"/><trkpt lat="37.352326233" lon="-118.877210096"/><trkpt lat="37.352645835" lon="-118.877508324"/><trkpt lat="37.352989744" lon="-118.877734551"/><trkpt lat="37.353286883" lon="-118.877988607"/><trkpt lat="37.353654932" lon="-118.878157418"/><trkpt lat="37.353872862" lon="-118.878293457"/><trkpt lat="37.354020635" lon="-118.878471237"/><trkpt lat="37.354332609" lon="-118.878522534"/><trkpt lat="37.354515502" lon="-118.878672235"/><trkpt lat="37.354720943" lon="-118.87886594"/><trkpt lat="37.354940549" lon="-118.878900474"/><trkpt lat="37.355195275" lon="-118.878906844"/><trkpt lat="37.355367774" lon="-118.878983706"/><trkpt lat="37.35568855" lon="-118.879209347"/><trkpt lat="37.356055677" lon="-118.879436161"/><trkpt lat="37.356387516" lon="-118.879691139"/><trkpt lat="37.356683733" lon="-118.880003281"/><trkpt lat="37.356993863" lon="-118.880170668"/><trkpt lat="37.357153706" lon="-118.880319698"/><trkpt lat="37.357379515" lon="-118.880688166"/><trkpt lat="37.357666427" lon="-118.880854966"/><trkpt lat="37.358023077" lon="-118.881008942"/><trkpt lat="37.358310074" lon="-118.881175742"/><trkpt lat="37.358643757" lon="-118.881314714"/><trkpt lat="37.359011723" lon="-118.881483525"/><trkpt lat="37.359426292" lon="-118.881639009"/><trkpt lat="37.359839268" lon="-118.881895998"/><trkpt lat="37.360137496" lon="-118.882077551"/><trkpt lat="37.360426504" lon="-118.882113844"/><trkpt lat="37.360703526" lon="-118.882178804"/><trkpt lat="37.360853814" lon="-118.882197076"/><trkpt lat="37.361151874" lon="-118.882393213"/><trkpt lat="37.361533502" lon="-118.88243177"/><trkpt lat="37.361842962" lon="-118.882642658"/><trkpt lat="37.362075476" lon="-118.882590439"/><trkpt lat="37.362307906" lon="-118.88253822"/><trkpt lat="37.3624478" lon="-118.882483654"/><trkpt lat="37.362722475" lon="-118.882693704"/><trkpt lat="37.363099996" lon="-118.882993357"/><trkpt lat="37.363283392" lon="-118.883114057"/><trkpt lat="37.363501992" lon="-118.883206593"/><trkpt lat="37.363742217" lon="-118.883401221"/><trkpt lat="37.363972636" lon="-118.883479591"/><trkpt lat="37.364087217" lon="-118.883555029"/><trkpt lat="37.364200959" lon="-118.883688468"/><trkpt lat="37.364336913" lon="-118.883880498"/><trkpt lat="37.364600692" lon="-118.884046795"/><trkpt lat="37.364934627" lon="-118.884171182"/><trkpt lat="37.365163453" lon="-118.884351058"/><trkpt lat="37.36547241" lon="-118.884591032"/><trkpt lat="37.365619931" lon="-118.884783396"/><trkpt lat="37.365863761" lon="-118.884745929"/><trkpt lat="37.366117146" lon="-118.884839388"/><trkpt lat="37.366300542" lon="-118.884960087"/><trkpt lat="37.366470778" lon="-118.88518204"/><trkpt lat="37.36666373" lon="-118.885433581"/><trkpt lat="37.366913594" lon="-118.885744633"/><trkpt lat="37.367153065" lon="-118.885982763"/><trkpt lat="37.36738231" lon="-118.886133637"/><trkpt lat="37.367554894" lon="-118.886210583"/><trkpt lat="37.367620692" lon="-118.886444438"/><trkpt lat="37.367733428" lon="-118.886635881"/><trkpt lat="37.367869131" lon="-118.886842495"/><trkpt lat="37.368029226" lon="-118.886977108"/><trkpt lat="37.368084546" lon="-118.887138125"/><trkpt lat="37.368091252" lon="-118.887443058"/><trkpt lat="37.368074572" lon="-118.887761906"/><trkpt lat="37.368094102" lon="-118.887994671"/><trkpt lat="37.368161911" lon="-118.888097936"/><trkpt lat="37.36820709" lon="-118.888171613"/><trkpt lat="37.368285628" lon="-118.888333216"/><trkpt lat="37.368436167" lon="-118.888336988"/><trkpt lat="37.368607996" lon="-118.888457436"/><trkpt lat="37.368788794" lon="-118.888737727"/><trkpt lat="37.368981494" lon="-118.889003769"/><trkpt lat="37.369105378" lon="-118.889224632"/><trkpt lat="37.369266395" lon="-118.889301158"/><trkpt lat="37.369380975" lon="-118.889376679"/><trkpt lat="37.369563282" lon="-118.889569882"/><trkpt lat="37.369768219" lon="-118.889792757"/><trkpt lat="37.370009534" lon="-118.889914881"/><trkpt lat="37.370191757" lon="-118.890108168"/><trkpt lat="37.370409435" lon="-118.890258791"/><trkpt lat="37.370545641" lon="-118.89043632"/><trkpt lat="37.370600961" lon="-118.890597336"/><trkpt lat="37.370771868" lon="-118.890775787"/><trkpt lat="37.370919138" lon="-118.890903695"/><trkpt lat="37.370961383" lon="-118.891058927"/><trkpt lat="37.370991055" lon="-118.89130502"/><trkpt lat="37.371109575" lon="-118.891588328"/><trkpt lat="37.371201105" lon="-118.891814975"/><trkpt lat="37.371376622" lon="-118.892029636"/><trkpt lat="37.371478966" lon="-118.892277488"/><trkpt lat="37.371490281" lon="-118.89262123"/><trkpt lat="37.371585248" lon="-118.892981065"/><trkpt lat="37.371693458" lon="-118.893208131"/><trkpt lat="37.371865036" lon="-118.893324556"/><trkpt lat="37.372053126" lon="-118.893455481"/><trkpt lat="37.372168126" lon="-118.893612558"/><trkpt lat="37.372270888" lon="-118.893832415"/><trkpt lat="37.372363592" lon="-118.893981948"/><trkpt lat="37.372445986" lon="-118.894075155"/><trkpt lat="37.37243861" lon="-118.894187137"/><trkpt lat="37.372479932" lon="-118.894405402"/><trkpt lat="37.372567439" lon="-118.894526772"/><trkpt lat="37.37273206" lon="-118.894727184"/><trkpt lat="37.372897016" lon="-118.894906556"/><trkpt lat="37.373050908" lon="-118.895078637"/><trkpt lat="37.373216199" lon="-118.895237055"/><trkpt lat="37.373337233" lon="-118.89536622"/><trkpt lat="37.373452988" lon="-118.895474346"/><trkpt lat="37.373562036" lon="-118.895652294"/><trkpt lat="37.373660607" lon="-118.895780956"/><trkpt lat="37.373832185" lon="-118.895897381"/><trkpt lat="37.374009211" lon="-118.896021014"/><trkpt lat="37.374162935" lon="-118.896207176"/><trkpt lat="37.374361837" lon="-118.896359392"/><trkpt lat="37.374561662" lon="-118.896455532"/><trkpt lat="37.374689737" lon="-118.896493753"/><trkpt lat="37.374816975" lon="-118.896581093"/><trkpt lat="37.374840947" lon="-118.896834059"/><trkpt lat="37.374883527" lon="-118.896968337"/><trkpt lat="37.374966256" lon="-118.897040505"/><trkpt lat="37.375134062" lon="-118.897044696"/><trkpt lat="37.375356853" lon="-118.897106387"/><trkpt lat="37.375529353" lon="-118.897159779"/><trkpt lat="37.375696572" lon="-118.897199091"/><trkpt lat="37.375852223" lon="-118.897259105"/><trkpt lat="37.376012402" lon="-118.897389276"/><trkpt lat="37.376183309" lon="-118.897547778"/><trkpt lat="37.376354635" lon="-118.897678284"/><trkpt lat="37.376515567" lon="-118.897759505"/><trkpt lat="37.376637692" lon="-118.897818597"/><trkpt lat="37.376698293" lon="-118.897876265"/><trkpt lat="37.376816813" lon="-118.898159573"/><trkpt lat="37.376917647" lon="-118.898498621"/><trkpt lat="37.377075981" lon="-118.898740942"/><trkpt lat="37.377206152" lon="-118.89899659"/><trkpt lat="37.377404217" lon="-118.899204796"/><trkpt lat="37.377622984" lon="-118.899518782"/><trkpt lat="37.377757346" lon="-118.899858585"/><trkpt lat="37.377881147" lon="-118.900163183"/><trkpt lat="37.378006289" lon="-118.900383627"/><trkpt lat="37.37812724" lon="-118.900512876"/><trkpt lat="37.378293537" lon="-118.900608178"/><trkpt lat="37.378480285" lon="-118.900823174"/><trkpt lat="37.378555471" lon="-118.901021322"/><trkpt lat="37.37863577" lon="-118.901247717"/><trkpt lat="37.378644487" lon="-118.901402112"/><trkpt lat="37.378732832" lon="-118.901474448"/><trkpt lat="37.378803492" lon="-118.90160244"/><trkpt lat="37.378761834" lon="-118.901755577"/><trkpt lat="37.378653791" lon="-118.901865045"/><trkpt lat="37.378584137" lon="-118.902024468"/><trkpt lat="37.37864851" lon="-118.902194286"/><trkpt lat="37.378745992" lon="-118.902393105"/><trkpt lat="37.378899297" lon="-118.902600221"/><trkpt lat="37.379008597" lon="-118.902764171"/><trkpt lat="37.379067857" lon="-118.902905909"/><trkpt lat="37.379109766" lon="-118.903082181"/><trkpt lat="37.379191993" lon="-118.903189469"/><trkpt lat="37.379222503" lon="-118.903379487"/><trkpt lat="37.379209511" lon="-118.903491301"/><trkpt lat="37.379240189" lon="-118.903667321"/><trkpt lat="37.37933876" lon="-118.903803024"/><trkpt lat="37.379415371" lon="-118.903910061"/><trkpt lat="37.37942962" lon="-118.904064624"/><trkpt lat="37.379489886" lon="-118.904143246"/><trkpt lat="37.379568089" lon="-118.904152298"/><trkpt lat="37.379622571" lon="-118.904244751"/><trkpt lat="37.379676383" lon="-118.904372323"/><trkpt lat="37.379726674" lon="-118.904380621"/><trkpt lat="37.379759196" lon="-118.904444491"/><trkpt lat="37.379779397" lon="-118.904578183"/><trkpt lat="37.379793562" lon="-118.904739786"/><trkpt lat="37.379802531" lon="-118.904880183"/><trkpt lat="37.379889283" lon="-118.905050671"/><trkpt lat="37.379955165" lon="-118.905129461"/><trkpt lat="37.380028088" lon="-118.905117223"/><trkpt lat="37.380084414" lon="-118.905090652"/><trkpt lat="37.380082654" lon="-118.905202718"/><trkpt lat="37.380115176" lon="-118.905266672"/><trkpt lat="37.380171502" lon="-118.905240018"/><trkpt lat="37.380195977" lon="-118.905176148"/><trkpt lat="37.38022808" lon="-118.905150499"/><trkpt lat="37.380254064" lon="-118.905177573"/><trkpt lat="37.380266385" lon="-118.905230882"/><trkpt lat="37.380267642" lon="-118.905320317"/><trkpt lat="37.380284742" lon="-118.905406818"/><trkpt lat="37.380304439" lon="-118.905493319"/><trkpt lat="37.380355569" lon="-118.905597255"/><trkpt lat="37.38045196" lon="-118.905682415"/><trkpt lat="37.38050418" lon="-118.905720133"/><trkpt lat="37.380549274" lon="-118.905708063"/><trkpt lat="37.380600069" lon="-118.905669674"/><trkpt lat="37.380687492" lon="-118.905655341"/><trkpt lat="37.380761588" lon="-118.905647295"/><trkpt lat="37.38084021" lon="-118.905685684"/><trkpt lat="37.380921682" lon="-118.905714182"/><trkpt lat="37.380985888" lon="-118.905828344"/><trkpt lat="37.380996281" lon="-118.906004028"/><trkpt lat="37.381012039" lon="-118.90616999"/><trkpt lat="37.381032407" lon="-118.906382304"/><trkpt lat="37.381039364" lon="-118.906607609"/><trkpt lat="37.381038191" lon="-118.906842554"/><trkpt lat="37.381002065" lon="-118.907119744"/><trkpt lat="37.380988654" lon="-118.907294841"/><trkpt lat="37.381019834" lon="-118.907494163"/><trkpt lat="37.381088482" lon="-118.907658113"/><trkpt lat="37.381146066" lon="-118.907858189"/><trkpt lat="37.381202895" lon="-118.908101264"/><trkpt lat="37.381317392" lon="-118.908368982"/><trkpt lat="37.381433733" lon="-118.908530837"/><trkpt lat="37.381589049" lon="-118.908713311"/><trkpt lat="37.381733386" lon="-118.90894901"/><trkpt lat="37.381840423" lon="-118.90919527"/><trkpt lat="37.381891469" lon="-118.909474891"/><trkpt lat="37.381913094" lon="-118.909858195"/><trkpt lat="37.382009653" lon="-118.910185425"/><trkpt lat="37.382118953" lon="-118.910292629"/><trkpt lat="37.382312156" lon="-118.91036706"/><trkpt lat="37.382523632" lon="-118.910453646"/><trkpt lat="37.382669644" lon="-118.91058499"/><trkpt lat="37.382775927" lon="-118.910877602"/><trkpt lat="37.382824961" lon="-118.911284795"/><trkpt lat="37.38293183" lon="-118.911542706"/><trkpt lat="37.383030066" lon="-118.911765581"/><trkpt lat="37.3830905" lon="-118.912033886"/><trkpt lat="37.383245146" lon="-118.912200183"/><trkpt lat="37.383399624" lon="-118.91237813"/><trkpt lat="37.383553013" lon="-118.912625564"/><trkpt lat="37.383706151" lon="-118.912884649"/><trkpt lat="37.383905808" lon="-118.91313334"/><trkpt lat="37.384086186" lon="-118.91342788"/><trkpt lat="37.384184757" lon="-118.913627621"/><trkpt lat="37.384400088" lon="-118.914050655"/><trkpt lat="37.384552304" lon="-118.914367659"/><trkpt lat="37.384688426" lon="-118.914533537"/><trkpt lat="37.384870313" lon="-118.914735373"/><trkpt lat="37.385070641" lon="-118.914937628"/><trkpt lat="37.38527935" lon="-118.915198138"/><trkpt lat="37.385470457" lon="-118.915400142"/><trkpt lat="37.385669695" lon="-118.915672051"/><trkpt lat="37.385821743" lon="-118.916000705"/><trkpt lat="37.385928612" lon="-118.916258616"/><trkpt lat="37.386091053" lon="-118.916517869"/><trkpt lat="37.386261625" lon="-118.916847026"/><trkpt lat="37.386425156" lon="-118.917036792"/><trkpt lat="37.386644175" lon="-118.917227983"/><trkpt lat="37.386779962" lon="-118.917416995"/><trkpt lat="37.386998478" lon="-118.917642972"/><trkpt lat="37.387189502" lon="-118.917845059"/><trkpt lat="37.387406342" lon="-118.91817539"/><trkpt lat="37.38758781" lon="-118.91840036"/><trkpt lat="37.387777241" lon="-118.918706803"/><trkpt lat="37.38794907" lon="-118.918954739"/><trkpt lat="37.388157193" lon="-118.919250034"/><trkpt lat="37.388413008" lon="-118.919453798"/><trkpt lat="37.388621718" lon="-118.919714307"/><trkpt lat="37.388885915" lon="-118.919976242"/><trkpt lat="37.389066042" lon="-118.920282433"/><trkpt lat="37.389302244" lon="-118.920555264"/><trkpt lat="37.389510954" lon="-118.920815773"/><trkpt lat="37.389691668" lon="-118.921087179"/><trkpt lat="37.389928037" lon="-118.921348443"/><trkpt lat="37.390145212" lon="-118.921655556"/><trkpt lat="37.390446374" lon="-118.921918496"/><trkpt lat="37.390619041" lon="-118.922120081"/><trkpt lat="37.390949037" lon="-118.922314122"/><trkpt lat="37.391187334" lon="-118.922459381"/><trkpt lat="37.391416244" lon="-118.922616038"/><trkpt lat="37.391624283" lon="-118.922911417"/><trkpt lat="37.391778175" lon="-118.923124149"/><trkpt lat="37.39195738" lon="-118.923488343"/><trkpt lat="37.392209508" lon="-118.923923951"/><trkpt lat="37.392379995" lon="-118.924253108"/><trkpt lat="37.392653245" lon="-118.924526945"/><trkpt lat="37.392954407" lon="-118.924789885"/><trkpt lat="37.393182311" lon="-118.925004462"/><trkpt lat="37.393475426" lon="-118.925197581"/><trkpt lat="37.393768793" lon="-118.925367566"/><trkpt lat="37.394098537" lon="-118.925584741"/><trkpt lat="37.39433717" lon="-118.925706865"/><trkpt lat="37.394555854" lon="-118.925921274"/><trkpt lat="37.394729191" lon="-118.926076591"/><trkpt lat="37.394857183" lon="-118.926172648"/><trkpt lat="37.395077879" lon="-118.926259484"/><trkpt lat="37.39517008" lon="-118.926328383"/><trkpt lat="37.395335706" lon="-118.926467607"/><trkpt lat="37.395463362" lon="-118.926605908"/><trkpt lat="37.395510972" lon="-118.926797686"/><trkpt lat="37.39545892" lon="-118.926879745"/><trkpt lat="37.395328078" lon="-118.926935988"/><trkpt lat="37.395140659" lon="-118.926966917"/><trkpt lat="37.395029515" lon="-118.926983848"/><trkpt lat="37.394798091" lon="-118.926993823"/><trkpt lat="37.394670853" lon="-118.927026344"/><trkpt lat="37.394508328" lon="-118.927085688"/><trkpt lat="37.394323675" lon="-118.927140506"/><trkpt lat="37.394201383" lon="-118.927260451"/><trkpt lat="37.394028548" lon="-118.927367236"/><trkpt lat="37.393908603" lon="-118.927534875"/><trkpt lat="37.393875495" lon="-118.927621376"/><trkpt lat="37.393913968" lon="-118.927789098"/><trkpt lat="37.393987561" lon="-118.927937876"/><trkpt lat="37.394150672" lon="-118.92803737"/><trkpt lat="37.394298445" lon="-118.9281087"/><trkpt lat="37.394477651" lon="-118.928192686"/><trkpt lat="37.394635566" lon="-118.928224538"/><trkpt lat="37.394732377" lon="-118.928306429"/><trkpt lat="37.394900434" lon="-118.928493345"/><trkpt lat="37.395018954" lon="-118.92860759"/><trkpt lat="37.395166559" lon="-118.928686799"/><trkpt lat="37.395302262" lon="-118.928718064"/><trkpt lat="37.39543763" lon="-118.928773217"/><trkpt lat="37.395538548" lon="-118.92879962"/><trkpt lat="37.395601328" lon="-118.928836919"/><trkpt lat="37.395634688" lon="-118.92892912"/><trkpt lat="37.395655056" lon="-118.929040851"/><trkpt lat="37.395692691" lon="-118.929061638"/><trkpt lat="37.395766033" lon="-118.929031799"/><trkpt lat="37.39583292" lon="-118.92901361"/><trkpt lat="37.395903161" lon="-118.928979663"/><trkpt lat="37.395938113" lon="-118.928972622"/><trkpt lat="37.395959655" lon="-118.929012939"/><trkpt lat="37.395970887" lon="-118.929096591"/><trkpt lat="37.395988405" lon="-118.929188373"/><trkpt lat="37.396022435" lon="-118.929240843"/><trkpt lat="37.396089155" lon="-118.929230617"/><trkpt lat="37.396162078" lon="-118.929224582"/><trkpt lat="37.396216393" lon="-118.929198179"/><trkpt lat="37.396299792" lon="-118.929132801"/><trkpt lat="37.396372883" lon="-118.929118803"/><trkpt lat="37.396420576" lon="-118.929112097"/><trkpt lat="37.396479668" lon="-118.929177141"/><trkpt lat="37.396529708" lon="-118.929218128"/><trkpt lat="37.396576982" lon="-118.929231288"/><trkpt lat="37.396650575" lon="-118.929189462"/><trkpt lat="37.396752751" lon="-118.929136489"/><trkpt lat="37.39683263" lon="-118.929094831"/><trkpt lat="37.396906307" lon="-118.929049149"/><trkpt lat="37.397005549" lon="-118.928984189"/><trkpt lat="37.397120297" lon="-118.92893943"/><trkpt lat="37.39723823" lon="-118.928898778"/><trkpt lat="37.397292461" lon="-118.928876398"/><trkpt lat="37.397349793" lon="-118.928854018"/><trkpt lat="37.3973912" lon="-118.928839182"/><trkpt lat="37.397422716" lon="-118.928851923"/><trkpt lat="37.397459764" lon="-118.92891244"/><trkpt lat="37.39752288" lon="-118.928925935"/><trkpt lat="37.397580296" lon="-118.928899616"/><trkpt lat="37.397653973" lon="-118.928853851"/><trkpt lat="37.397762602" lon="-118.928797105"/><trkpt lat="37.397823036" lon="-118.928782772"/><trkpt lat="37.397883385" lon="-118.928772379"/><trkpt lat="37.397927474" lon="-118.928789394"/><trkpt lat="37.397970976" lon="-118.928842116"/><trkpt lat="37.398030236" lon="-118.928895257"/><trkpt lat="37.398124449" lon="-118.928949321"/><trkpt lat="37.398204161" lon="-118.928915625"/><trkpt lat="37.39826845" lon="-118.92886173"/><trkpt lat="37.398361992" lon="-118.928756872"/><trkpt lat="37.398429634" lon="-118.928691158"/><trkpt lat="37.398509514" lon="-118.928645561"/><trkpt lat="37.39863717" lon="-118.928589234"/><trkpt lat="37.398764826" lon="-118.928532992"/><trkpt lat="37.398873204" lon="-118.928492088"/><trkpt lat="37.398940008" lon="-118.928473899"/><trkpt lat="37.399003627" lon="-118.92845965"/><trkpt lat="37.399031958" lon="-118.928468367"/><trkpt lat="37.399056265" lon="-118.928536428"/><trkpt lat="37.399050733" lon="-118.928679256"/><trkpt lat="37.399057942" lon="-118.928822419"/><trkpt lat="37.399071772" lon="-118.928945884"/><trkpt lat="37.399108903" lon="-118.928998439"/><trkpt lat="37.399184844" lon="-118.929004306"/><trkpt lat="37.399267321" lon="-118.928994583"/><trkpt lat="37.399366731" lon="-118.92892166"/><trkpt lat="37.399495309" lon="-118.928809762"/><trkpt lat="37.399595138" lon="-118.928709095"/><trkpt lat="37.399694882" lon="-118.928616391"/><trkpt lat="37.399794292" lon="-118.928539529"/><trkpt lat="37.399970731" lon="-118.928409023"/><trkpt lat="37.400115319" lon="-118.928281702"/><trkpt lat="37.400275413" lon="-118.928178605"/><trkpt lat="37.400348755" lon="-118.928148681"/><trkpt lat="37.40041866" lon="-118.9281346"/><trkpt lat="37.400468867" lon="-118.928163685"/><trkpt lat="37.400511783" lon="-118.928256137"/><trkpt lat="37.400509687" lon="-118.928383123"/><trkpt lat="37.400492085" lon="-118.928493848"/><trkpt lat="37.400478339" lon="-118.928557048"/><trkpt lat="37.400480434" lon="-118.928624606"/><trkpt lat="37.400517566" lon="-118.92867716"/><trkpt lat="37.40056484" lon="-118.92869032"/><trkpt lat="37.400638517" lon="-118.928644555"/><trkpt lat="37.400728203" lon="-118.928583367"/><trkpt lat="37.400802383" lon="-118.928501811"/><trkpt lat="37.40088243" lon="-118.928452274"/><trkpt lat="37.400963483" lon="-118.928335262"/><trkpt lat="37.401008829" lon="-118.928272817"/><trkpt lat="37.401046716" lon="-118.928281786"/><trkpt lat="37.401102958" lon="-118.928330904"/><trkpt lat="37.401207229" lon="-118.928349428"/><trkpt lat="37.401287528" lon="-118.928280026"/><trkpt lat="37.401317367" lon="-118.92819738"/><trkpt lat="37.401329186" lon="-118.92805472"/><trkpt lat="37.401322732" lon="-118.927871911"/><trkpt lat="37.401325582" lon="-118.927693292"/><trkpt lat="37.401316781" lon="-118.927454827"/><trkpt lat="37.401296832" lon="-118.927319292"/><trkpt lat="37.401311332" lon="-118.927208483"/><trkpt lat="37.401360702" lon="-118.927094573"/><trkpt lat="37.401402276" lon="-118.927067835"/><trkpt lat="37.401437312" lon="-118.927056855"/><trkpt lat="37.401496824" lon="-118.927102033"/><trkpt lat="37.401574608" lon="-118.927187445"/><trkpt lat="37.401693296" lon="-118.927289704"/><trkpt lat="37.401783485" lon="-118.927395316"/><trkpt lat="37.401879122" lon="-118.927552644"/><trkpt lat="37.401994206" lon="-118.927686587"/><trkpt lat="37.402098393" lon="-118.927705195"/><trkpt lat="37.402202748" lon="-118.927719779"/><trkpt lat="37.402255805" lon="-118.92776873"/><trkpt lat="37.402315149" lon="-118.927817931"/><trkpt lat="37.402372984" lon="-118.927767808"/><trkpt lat="37.402434507" lon="-118.92768994"/><trkpt lat="37.402522853" lon="-118.927712068"/><trkpt lat="37.402602145" lon="-118.927706201"/><trkpt lat="37.402667105" lon="-118.927608551"/><trkpt lat="37.402715301" lon="-118.927562116"/><trkpt lat="37.402775902" lon="-118.927539904"/><trkpt lat="37.402868019" lon="-118.927522385"/><trkpt lat="37.402872546" lon="-118.927637637"/><trkpt lat="37.402885789" lon="-118.927796809"/><trkpt lat="37.402938595" lon="-118.928056313"/><trkpt lat="37.402976062" lon="-118.92828363"/><trkpt lat="37.402975056" lon="-118.928541709"/><trkpt lat="37.402981091" lon="-118.928752346"/><trkpt lat="37.402973212" lon="-118.928847397"/><trkpt lat="37.403024174" lon="-118.928828873"/><trkpt lat="37.4030919" lon="-118.928755196"/><trkpt lat="37.403183263" lon="-118.928594682"/><trkpt lat="37.403265154" lon="-118.928430062"/><trkpt lat="37.403321732" lon="-118.928260747"/><trkpt lat="37.40341058" lon="-118.92805648"/><trkpt lat="37.403482832" lon="-118.927899487"/><trkpt lat="37.403516276" lon="-118.927793121"/><trkpt lat="37.403560532" lon="-118.927798234"/><trkpt lat="37.403591126" lon="-118.927866546"/><trkpt lat="37.403630437" lon="-118.92798272"/><trkpt lat="37.403665474" lon="-118.928162344"/><trkpt lat="37.403671592" lon="-118.928372981"/><trkpt lat="37.403681567" lon="-118.928536009"/><trkpt lat="37.403698834" lon="-118.928643633"/><trkpt lat="37.403763626" lon="-118.928748574"/><trkpt lat="37.403808217" lon="-118.928737845"/><trkpt lat="37.403860437" lon="-118.928643884"/><trkpt lat="37.40392305" lon="-118.928494519"/><trkpt lat="37.403989937" lon="-118.928277846"/><trkpt lat="37.40402489" lon="-118.928076262"/><trkpt lat="37.404046683" lon="-118.927906025"/><trkpt lat="37.404075768" lon="-118.927867049"/><trkpt lat="37.40413595" lon="-118.927868642"/><trkpt lat="37.404173417" lon="-118.927905355"/><trkpt lat="37.404203676" lon="-118.927989509"/><trkpt lat="37.404216584" lon="-118.928172486"/><trkpt lat="37.404225552" lon="-118.928399049"/><trkpt lat="37.404212477" lon="-118.928617146"/><trkpt lat="37.404238461" lon="-118.928772714"/><trkpt lat="37.404294955" lon="-118.928805906"/><trkpt lat="37.404366955" lon="-118.928859383"/><trkpt lat="37.404400064" lon="-118.928967426"/><trkpt lat="37.404433172" lon="-118.929075468"/><trkpt lat="37.404467035" lon="-118.92933053"/><trkpt lat="37.404467706" lon="-118.929481488"/><trkpt lat="37.404410541" lon="-118.929686509"/><trkpt lat="37.404379444" lon="-118.929815087"/><trkpt lat="37.404359914" lon="-118.930023462"/><trkpt lat="37.404396124" lon="-118.930111974"/><trkpt lat="37.404464353" lon="-118.93021482"/><trkpt lat="37.404434178" lon="-118.930416154"/><trkpt lat="37.404398555" lon="-118.930624109"/><trkpt lat="37.404342061" lon="-118.93079116"/><trkpt lat="37.404360836" lon="-118.930960055"/><trkpt lat="37.404413978" lon="-118.930995092"/><trkpt lat="37.404473238" lon="-118.930989895"/><trkpt lat="37.40447198" lon="-118.931063991"/><trkpt lat="37.404476171" lon="-118.931138171"/><trkpt lat="37.404506849" lon="-118.931233305"/><trkpt lat="37.404571557" lon="-118.931221487"/><trkpt lat="37.40464339" lon="-118.931102045"/><trkpt lat="37.404708853" lon="-118.93104312"/><trkpt lat="37.404733328" lon="-118.931191983"/><trkpt lat="37.404767862" lon="-118.931381498"/><trkpt lat="37.404758977" lon="-118.931596912"/><trkpt lat="37.404772723" lon="-118.931738734"/><trkpt lat="37.404825026" lon="-118.931827666"/><trkpt lat="37.404884789" lon="-118.931788774"/><trkpt lat="37.40494472" lon="-118.931743177"/><trkpt lat="37.405013116" lon="-118.931832528"/><trkpt lat="37.405022504" lon="-118.931913581"/><trkpt lat="37.405014876" lon="-118.9320549"/><trkpt lat="37.405060222" lon="-118.93223796"/><trkpt lat="37.405149741" lon="-118.932354804"/><trkpt lat="37.405284522" lon="-118.932331335"/><trkpt lat="37.405443192" lon="-118.93216026"/><trkpt lat="37.405525586" lon="-118.932047775"/><trkpt lat="37.405554503" lon="-118.931927243"/><trkpt lat="37.405583337" lon="-118.931806711"/><trkpt lat="37.405698756" lon="-118.931647958"/><trkpt lat="37.405912075" lon="-118.931424413"/><trkpt lat="37.406086167" lon="-118.931294074"/><trkpt lat="37.406157665" lon="-118.931194916"/><trkpt lat="37.40617577" lon="-118.931074049"/><trkpt lat="37.406188427" lon="-118.930959804"/><trkpt lat="37.406319771" lon="-118.930814965"/><trkpt lat="37.406479446" lon="-118.930583289"/><trkpt lat="37.406652868" lon="-118.930493351"/><trkpt lat="37.406858224" lon="-118.930424536"/><trkpt lat="37.407112364" lon="-118.930336777"/><trkpt lat="37.407274973" lon="-118.930253293"/><trkpt lat="37.407374633" lon="-118.930073921"/><trkpt lat="37.40744588" lon="-118.929988174"/><trkpt lat="37.407481838" lon="-118.930090182"/><trkpt lat="37.407544367" lon="-118.93021306"/><trkpt lat="37.407591809" lon="-118.930268213"/><trkpt lat="37.407604298" lon="-118.930160673"/><trkpt lat="37.407632377" lon="-118.930087332"/><trkpt lat="37.407691553" lon="-118.93008884"/><trkpt lat="37.407760117" lon="-118.930164697"/><trkpt lat="37.40785257" lon="-118.930099737"/><trkpt lat="37.407917948" lon="-118.930047518"/><trkpt lat="37.407981567" lon="-118.930103006"/><trkpt lat="37.408061279" lon="-118.930158997"/><trkpt lat="37.40815918" lon="-118.930087332"/><trkpt lat="37.408241658" lon="-118.92997493"/><trkpt lat="37.408329919" lon="-118.929835707"/><trkpt lat="37.408393538" lon="-118.929891279"/><trkpt lat="37.408446427" lon="-118.92993981"/><trkpt lat="37.408478195" lon="-118.92997426"/><trkpt lat="37.408548519" lon="-118.929942409"/><trkpt lat="37.408603169" lon="-118.929889854"/><trkpt lat="37.408678019" lon="-118.929912066"/><trkpt lat="37.408752367" lon="-118.929967806"/><trkpt lat="37.408801317" lon="-118.929935452"/><trkpt lat="37.408813136" lon="-118.929868313"/><trkpt lat="37.408857225" lon="-118.929802096"/><trkpt lat="37.408926878" lon="-118.929817351"/><trkpt lat="37.408997454" lon="-118.929772004"/><trkpt lat="37.409015223" lon="-118.929671422"/><trkpt lat="37.408974236" lon="-118.929549046"/><trkpt lat="37.408936601" lon="-118.929217877"/><trkpt lat="37.408888824" lon="-118.928852845"/><trkpt lat="37.408825289" lon="-118.928460404"/><trkpt lat="37.408782039" lon="-118.928149352"/><trkpt lat="37.408803832" lon="-118.927799491"/><trkpt lat="37.408837527" lon="-118.927712739"/><trkpt lat="37.408871474" lon="-118.927605785"/><trkpt lat="37.408981444" lon="-118.927453654"/><trkpt lat="37.409165427" lon="-118.927377546"/><trkpt lat="37.409375226" lon="-118.927369416"/><trkpt lat="37.409585947" lon="-118.927300684"/><trkpt lat="37.409775965" lon="-118.927184343"/><trkpt lat="37.409961708" lon="-118.927000444"/><trkpt lat="37.410131358" lon="-118.926816043"/><trkpt lat="37.410232695" lon="-118.926535668"/><trkpt lat="37.410296313" lon="-118.926261077"/><trkpt lat="37.41034233" lon="-118.926073574"/><trkpt lat="37.410478871" lon="-118.925942313"/><trkpt lat="37.410523295" lon="-118.925855812"/><trkpt lat="37.410593955" lon="-118.92580376"/><trkpt lat="37.410632344" lon="-118.925757576"/><trkpt lat="37.410790762" lon="-118.925599912"/><trkpt lat="37.410885226" lon="-118.925413666"/><trkpt lat="37.410925124" lon="-118.925273186"/><trkpt lat="37.41097617" lon="-118.925105967"/><trkpt lat="37.411036855" lon="-118.925013179"/><trkpt lat="37.411160404" lon="-118.925016364"/><trkpt lat="37.411327204" lon="-118.925007144"/><trkpt lat="37.411479503" lon="-118.924896503"/><trkpt lat="37.411612105" lon="-118.924677568"/><trkpt lat="37.411719812" lon="-118.92432997"/><trkpt lat="37.411841433" lon="-118.924124194"/><trkpt lat="37.411986021" lon="-118.923824625"/><trkpt lat="37.412128849" lon="-118.923639636"/><trkpt lat="37.412269246" lon="-118.923596051"/><trkpt lat="37.41237578" lon="-118.923659418"/><trkpt lat="37.412422886" lon="-118.923734771"/><trkpt lat="37.412448786" lon="-118.923796043"/><trkpt lat="37.41247871" lon="-118.923938284"/><trkpt lat="37.412496395" lon="-118.924174653"/><trkpt lat="37.412514081" lon="-118.924410939"/><trkpt lat="37.412543586" lon="-118.92458017"/><trkpt lat="37.412600331" lon="-118.924723081"/><trkpt lat="37.412675014" lon="-118.924758704"/><trkpt lat="37.41276294" lon="-118.924639681"/><trkpt lat="37.412869558" lon="-118.924366096"/><trkpt lat="37.412984557" lon="-118.924234333"/><trkpt lat="37.413115818" lon="-118.924096115"/><trkpt lat="37.413295023" lon="-118.923986144"/><trkpt lat="37.413436258" lon="-118.923895452"/><trkpt lat="37.413546313" lon="-118.923736531"/><trkpt lat="37.413715962" lon="-118.923552213"/><trkpt lat="37.413918553" lon="-118.923321543"/><trkpt lat="37.414083676" lon="-118.923083162"/><trkpt lat="37.414248297" lon="-118.922878476"/><trkpt lat="37.414391711" lon="-118.922653086"/><trkpt lat="37.414443176" lon="-118.922458962"/><trkpt lat="37.414439907" lon="-118.922330886"/><trkpt lat="37.414389197" lon="-118.922140868"/><trkpt lat="37.414391208" lon="-118.922019582"/><trkpt lat="37.414452899" lon="-118.921859488"/><trkpt lat="37.414557841" lon="-118.921686988"/><trkpt lat="37.41462498" lon="-118.921526978"/><trkpt lat="37.414650377" lon="-118.921284992"/><trkpt lat="37.41464979" lon="-118.920988524"/><trkpt lat="37.414620118" lon="-118.920832705"/><trkpt lat="37.414581059" lon="-118.920589127"/><trkpt lat="37.414552057" lon="-118.920386285"/><trkpt lat="37.414600505" lon="-118.920050589"/><trkpt lat="37.414633194" lon="-118.919694275"/><trkpt lat="37.414668901" lon="-118.91947953"/><trkpt lat="37.414726568" lon="-118.919238383"/><trkpt lat="37.414877778" lon="-118.918864885"/><trkpt lat="37.41500644" lon="-118.918551486"/><trkpt lat="37.415097887" lon="-118.91821688"/><trkpt lat="37.415233003" lon="-118.917836258"/><trkpt lat="37.415284971" lon="-118.917615144"/><trkpt lat="37.415375747" lon="-118.917320939"/><trkpt lat="37.415461829" lon="-118.916986249"/><trkpt lat="37.415525448" lon="-118.916704869"/><trkpt lat="37.415578673" lon="-118.916409658"/><trkpt lat="37.415616391" lon="-118.916067006"/><trkpt lat="37.415592587" lon="-118.915877659"/><trkpt lat="37.415578086" lon="-118.915776238"/><trkpt lat="37.415563082" lon="-118.915708428"/><trkpt lat="37.41554305" lon="-118.915620334"/><trkpt lat="37.415508684" lon="-118.915417325"/><trkpt lat="37.41546426" lon="-118.915173579"/><trkpt lat="37.415445987" lon="-118.914970988"/><trkpt lat="37.41547809" lon="-118.914648285"/><trkpt lat="37.415541373" lon="-118.914393894"/><trkpt lat="37.415630138" lon="-118.914220892"/><trkpt lat="37.415755279" lon="-118.914129781"/><trkpt lat="37.415916296" lon="-118.914140593"/><trkpt lat="37.41600791" lon="-118.914129445"/><trkpt lat="37.416078569" lon="-118.914077394"/><trkpt lat="37.416133974" lon="-118.913977649"/><trkpt lat="37.416142523" lon="-118.913782435"/><trkpt lat="37.416155767" lon="-118.913627788"/><trkpt lat="37.416216619" lon="-118.91352159"/><trkpt lat="37.416303456" lon="-118.913469873"/><trkpt lat="37.416390628" lon="-118.913397957"/><trkpt lat="37.416493306" lon="-118.913360154"/><trkpt lat="37.416536892" lon="-118.913327549"/><trkpt lat="37.416593302" lon="-118.913160497"/><trkpt lat="37.416692963" lon="-118.912981125"/><trkpt lat="37.416797401" lon="-118.912835531"/><trkpt lat="37.41689547" lon="-118.91275716"/><trkpt lat="37.417041063" lon="-118.912727153"/><trkpt lat="37.417240134" lon="-118.912718771"/><trkpt lat="37.417449849" lon="-118.912710641"/><trkpt lat="37.417573901" lon="-118.912686836"/><trkpt lat="37.417659732" lon="-118.912695721"/><trkpt lat="37.417714298" lon="-118.91264325"/><trkpt lat="37.417727374" lon="-118.912502015"/><trkpt lat="37.417719914" lon="-118.912299676"/><trkpt lat="37.417713292" lon="-118.912043441"/><trkpt lat="37.417712789" lon="-118.911740184"/><trkpt lat="37.417756962" lon="-118.911667177"/><trkpt lat="37.417843295" lon="-118.911649156"/><trkpt lat="37.417949326" lon="-118.911739429"/><trkpt lat="37.418054771" lon="-118.911863398"/><trkpt lat="37.41818645" lon="-118.912035227"/><trkpt lat="37.418275885" lon="-118.912152071"/><trkpt lat="37.418328105" lon="-118.912247792"/><trkpt lat="37.418434722" lon="-118.91230437"/><trkpt lat="37.418515105" lon="-118.912319876"/><trkpt lat="37.418558858" lon="-118.91227386"/><trkpt lat="37.41858786" lon="-118.912139833"/><trkpt lat="37.418623064" lon="-118.911958784"/><trkpt lat="37.418630775" lon="-118.911810676"/><trkpt lat="37.418660866" lon="-118.911616048"/><trkpt lat="37.418668494" lon="-118.911474729"/><trkpt lat="37.418711996" lon="-118.911442123"/><trkpt lat="37.418776369" lon="-118.911450505"/><trkpt lat="37.418887932" lon="-118.91153424"/><trkpt lat="37.419021791" lon="-118.911564583"/><trkpt lat="37.419130085" lon="-118.91151337"/><trkpt lat="37.419233518" lon="-118.911435166"/><trkpt lat="37.41937953" lon="-118.911378253"/><trkpt lat="37.419568961" lon="-118.911302146"/><trkpt lat="37.419779096" lon="-118.911267109"/><trkpt lat="37.419978585" lon="-118.911231738"/><trkpt lat="37.420198862" lon="-118.911237353"/><trkpt lat="37.420332637" lon="-118.911274485"/><trkpt lat="37.42057479" lon="-118.911260404"/><trkpt lat="37.420791127" lon="-118.911178261"/><trkpt lat="37.420986509" lon="-118.91106192"/><trkpt lat="37.421127157" lon="-118.911004839"/><trkpt lat="37.42133243" lon="-118.91094273"/><trkpt lat="37.42158154" lon="-118.91082773"/><trkpt lat="37.421802571" lon="-118.910786156"/><trkpt lat="37.42206811" lon="-118.910651458"/><trkpt lat="37.42235519" lon="-118.91051718"/><trkpt lat="37.42264797" lon="-118.91036287"/><trkpt lat="37.422923567" lon="-118.910268825"/><trkpt lat="37.423117105" lon="-118.910266981"/><trkpt lat="37.423274266" lon="-118.910190118"/><trkpt lat="37.423484987" lon="-118.910121387"/><trkpt lat="37.423749939" lon="-118.910027007"/><trkpt lat="37.423992595" lon="-118.90997923"/><trkpt lat="37.424193174" lon="-118.909869762"/><trkpt lat="37.424371792" lon="-118.909793487"/><trkpt lat="37.424527528" lon="-118.909804132"/><trkpt lat="37.424704805" lon="-118.909808658"/><trkpt lat="37.424802454" lon="-118.909757193"/><trkpt lat="37.424867749" lon="-118.909704974"/><trkpt lat="37.424874203" lon="-118.909637751"/><trkpt lat="37.4248219" lon="-118.909548819"/><trkpt lat="37.424779907" lon="-118.909487044"/><trkpt lat="37.424796922" lon="-118.909433568"/><trkpt lat="37.424856685" lon="-118.909394676"/><trkpt lat="37.42495928" lon="-118.909363579"/><trkpt lat="37.425126582" lon="-118.909320664"/><trkpt lat="37.425278043" lon="-118.909263834"/><trkpt lat="37.425477616" lon="-118.909221757"/><trkpt lat="37.425623545" lon="-118.90917155"/><trkpt lat="37.425801409" lon="-118.909142381"/><trkpt lat="37.425962593" lon="-118.909146488"/><trkpt lat="37.42601607" lon="-118.909161324"/><trkpt lat="37.426073151" lon="-118.909290824"/><trkpt lat="37.426091675" lon="-118.909473214"/><trkpt lat="37.426126208" lon="-118.909662813"/><trkpt lat="37.426182451" lon="-118.909846209"/><trkpt lat="37.426233748" lon="-118.909995826"/><trkpt lat="37.426285883" lon="-118.910098253"/><trkpt lat="37.426409349" lon="-118.910108143"/><trkpt lat="37.426522924" lon="-118.910063803"/><trkpt lat="37.426696261" lon="-118.909980655"/><trkpt lat="37.426873287" lon="-118.910005381"/><trkpt lat="37.427023156" lon="-118.910042848"/><trkpt lat="37.427168414" lon="-118.910033042"/><trkpt lat="37.42731275" lon="-118.91008392"/><trkpt lat="37.427493883" lon="-118.91018291"/><trkpt lat="37.42762682" lon="-118.910273854"/><trkpt lat="37.427861849" lon="-118.91036748"/><trkpt lat="37.428160999" lon="-118.910482898"/><trkpt lat="37.428427963" lon="-118.910590857"/><trkpt lat="37.428636588" lon="-118.910656823"/><trkpt lat="37.42884513" lon="-118.910722788"/><trkpt lat="37.429054761" lon="-118.910721363"/><trkpt lat="37.429291215" lon="-118.910727398"/><trkpt lat="37.429474778" lon="-118.910678113"/><trkpt lat="37.429673765" lon="-118.910669731"/><trkpt lat="37.429874092" lon="-118.910580464"/><trkpt lat="37.430025805" lon="-118.910503434"/><trkpt lat="37.430194365" lon="-118.910386423"/><trkpt lat="37.430390837" lon="-118.910202691"/><trkpt lat="37.430560235" lon="-118.910031784"/><trkpt lat="37.430756288" lon="-118.909874959"/><trkpt lat="37.430914538" lon="-118.909724001"/><trkpt lat="37.431147974" lon="-118.909581592"/><trkpt lat="37.431342183" lon="-118.909539348"/><trkpt lat="37.431537649" lon="-118.909416301"/><trkpt lat="37.431727247" lon="-118.909326782"/><trkpt lat="37.431933191" lon="-118.909224188"/><trkpt lat="37.432116587" lon="-118.909181608"/><trkpt lat="37.432381874" lon="-118.909067027"/><trkpt lat="37.432592344" lon="-118.909011707"/><trkpt lat="37.432867186" lon="-118.908971557"/><trkpt lat="37.433131551" lon="-118.908910872"/><trkpt lat="37.433374207" lon="-118.908863096"/><trkpt lat="37.4336778" lon="-118.908702331"/><trkpt lat="37.433931939" lon="-118.908607699"/><trkpt lat="37.434078539" lon="-118.908517091"/><trkpt lat="37.434339719" lon="-118.908321457"/><trkpt lat="37.434627721" lon="-118.908126578"/><trkpt lat="37.434865767" lon="-118.908031527"/><trkpt lat="37.435075818" lon="-118.908003196"/><trkpt lat="37.435243707" lon="-118.907926586"/><trkpt lat="37.435455853" lon="-118.907770179"/><trkpt lat="37.435645787" lon="-118.907660376"/><trkpt lat="37.435947368" lon="-118.907620898"/><trkpt lat="37.436178625" lon="-118.90761327"/><trkpt lat="37.43646889" lon="-118.907613941"/><trkpt lat="37.436672067" lon="-118.907679738"/><trkpt lat="37.436945988" lon="-118.907693485"/><trkpt lat="37.437246982" lon="-118.907694323"/><trkpt lat="37.437445633" lon="-118.907712931"/><trkpt lat="37.437735731" lon="-118.907720223"/><trkpt lat="37.43801116" lon="-118.907639673"/><trkpt lat="37.438231772" lon="-118.907625005"/><trkpt lat="37.438382059" lon="-118.907642355"/><trkpt lat="37.438478284" lon="-118.907671692"/><trkpt lat="37.438531425" lon="-118.907713518"/><trkpt lat="37.438636115" lon="-118.907884676"/><trkpt lat="37.438734854" lon="-118.908096151"/><trkpt lat="37.438803501" lon="-118.908172091"/><trkpt lat="37.438926548" lon="-118.908208888"/><trkpt lat="37.439076751" lon="-118.908226239"/><trkpt lat="37.439253358" lon="-118.908277871"/><trkpt lat="37.439343212" lon="-118.908367809"/><trkpt lat="37.439351259" lon="-118.908536537"/><trkpt lat="37.439316139" lon="-118.90871767"/><trkpt lat="37.439199463" lon="-118.908950603"/><trkpt lat="37.439103825" lon="-118.909217818"/><trkpt lat="37.438942306" lon="-118.909564242"/><trkpt lat="37.43879755" lon="-118.90987739"/><trkpt lat="37.438653717" lon="-118.910129853"/><trkpt lat="37.43854274" lon="-118.910342753"/><trkpt lat="37.43844484" lon="-118.910414418"/><trkpt lat="37.438379042" lon="-118.910493627"/><trkpt lat="37.438335121" lon="-118.910553139"/><trkpt lat="37.438258342" lon="-118.910645591"/><trkpt lat="37.438133704" lon="-118.910709796"/><trkpt lat="37.438044688" lon="-118.910896294"/><trkpt lat="37.437966317" lon="-118.911089748"/><trkpt lat="37.437948128" lon="-118.911217321"/><trkpt lat="37.437919965" lon="-118.911297536"/><trkpt lat="37.437865147" lon="-118.911363585"/><trkpt lat="37.437896077" lon="-118.911445225"/><trkpt lat="37.437948715" lon="-118.911513956"/><trkpt lat="37.437867997" lon="-118.91151865"/><trkpt lat="37.43777588" lon="-118.911563493"/><trkpt lat="37.437693989" lon="-118.911642283"/><trkpt lat="37.43774646" lon="-118.91172451"/><trkpt lat="37.437723493" lon="-118.911811598"/><trkpt lat="37.437678901" lon="-118.91191151"/><trkpt lat="37.437686529" lon="-118.912107227"/><trkpt lat="37.437786525" lon="-118.912237817"/><trkpt lat="37.437896999" lon="-118.912388943"/><trkpt lat="37.437996911" lon="-118.912526323"/><trkpt lat="37.438118029" lon="-118.9126777"/><trkpt lat="37.438262701" lon="-118.912708377"/><trkpt lat="37.438429669" lon="-118.912685663"/><trkpt lat="37.438581465" lon="-118.912608633"/><trkpt lat="37.43881993" lon="-118.912486592"/><trkpt lat="37.438998632" lon="-118.912403528"/><trkpt lat="37.43920357" lon="-118.912361534"/><trkpt lat="37.439413788" lon="-118.912326498"/><trkpt lat="37.439580252" lon="-118.912337478"/><trkpt lat="37.439764319" lon="-118.912254497"/><trkpt lat="37.43987672" lon="-118.912284337"/><trkpt lat="37.439944614" lon="-118.912407383"/><trkpt lat="37.440006388" lon="-118.912577536"/><trkpt lat="37.440186096" lon="-118.912764117"/><trkpt lat="37.44031149" lon="-118.912989758"/><trkpt lat="37.440404193" lon="-118.91324155"/><trkpt lat="37.44048994" lon="-118.913587471"/><trkpt lat="37.440623296" lon="-118.91398184"/><trkpt lat="37.440725137" lon="-118.91433497"/><trkpt lat="37.44081784" lon="-118.914586762"/><trkpt lat="37.440941222" lon="-118.914933689"/><trkpt lat="37.441064855" lon="-118.915267205"/><trkpt lat="37.441214891" lon="-118.915628297"/><trkpt lat="37.441308601" lon="-118.915812699"/><trkpt lat="37.441336513" lon="-118.916083016"/><trkpt lat="37.441419074" lon="-118.916294156"/><trkpt lat="37.441539522" lon="-118.916492723"/><trkpt lat="37.441648403" lon="-118.916738145"/><trkpt lat="37.441701712" lon="-118.917096807"/><trkpt lat="37.441690229" lon="-118.917473992"/><trkpt lat="37.441669023" lon="-118.917790242"/><trkpt lat="37.441624515" lon="-118.917916976"/><trkpt lat="37.441591993" lon="-118.91818746"/><trkpt lat="37.441540947" lon="-118.918433804"/><trkpt lat="37.44161102" lon="-118.918754077"/><trkpt lat="37.441681009" lon="-118.919074265"/><trkpt lat="37.44166743" lon="-118.919333434"/><trkpt lat="37.441665502" lon="-118.919451283"/><trkpt lat="37.441605488" lon="-118.919673823"/><trkpt lat="37.441500379" lon="-118.919777339"/><trkpt lat="37.441366101" lon="-118.919939026"/><trkpt lat="37.441345062" lon="-118.920086715"/><trkpt lat="37.441327795" lon="-118.920281008"/><trkpt lat="37.441347744" lon="-118.920505811"/><trkpt lat="37.44134523" lon="-118.920659199"/><trkpt lat="37.44127675" lon="-118.920816779"/><trkpt lat="37.441241462" lon="-118.920963462"/><trkpt lat="37.441294855" lon="-118.921153648"/><trkpt lat="37.441432988" lon="-118.921340145"/><trkpt lat="37.441641781" lon="-118.921522535"/><trkpt lat="37.44177673" lon="-118.921620436"/><trkpt lat="37.441948056" lon="-118.921790086"/><trkpt lat="37.442181241" lon="-118.921920005"/><trkpt lat="37.442368325" lon="-118.921989659"/><trkpt lat="37.442469243" lon="-118.922151597"/><trkpt lat="37.442578292" lon="-118.922390481"/><trkpt lat="37.44270226" lon="-118.922582511"/><trkpt lat="37.442901833" lon="-118.922752915"/><trkpt lat="37.443116494" lon="-118.922864646"/><trkpt lat="37.443218669" lon="-118.92294989"/><trkpt lat="37.443252867" lon="-118.923163209"/><trkpt lat="37.443262422" lon="-118.923440818"/><trkpt lat="37.4432786" lon="-118.923606528"/><trkpt lat="37.443376249" lon="-118.923679786"/><trkpt lat="37.443550257" lon="-118.923684312"/><trkpt lat="37.443762319" lon="-118.923666123"/><trkpt lat="37.443915037" lon="-118.923823452"/><trkpt lat="37.444082759" lon="-118.923928142"/><trkpt lat="37.444274789" lon="-118.923986144"/><trkpt lat="37.444362799" lon="-118.924071053"/><trkpt lat="37.44442801" lon="-118.924114052"/><trkpt lat="37.444568826" lon="-118.924135342"/><trkpt lat="37.444672007" lon="-118.92415571"/><trkpt lat="37.444779295" lon="-118.924217485"/><trkpt lat="37.444899576" lon="-118.924344471"/><trkpt lat="37.445001919" lon="-118.924417896"/><trkpt lat="37.445123959" lon="-118.924438767"/><trkpt lat="37.445284054" lon="-118.924431056"/><trkpt lat="37.445410956" lon="-118.924440192"/><trkpt lat="37.445566775" lon="-118.924408844"/><trkpt lat="37.445685128" lon="-118.924364671"/><trkpt lat="37.445836253" lon="-118.924333071"/><trkpt lat="37.445997102" lon="-118.92427817"/><trkpt lat="37.446124842" lon="-118.9242402"/><trkpt lat="37.446270939" lon="-118.924226202"/><trkpt lat="37.446431788" lon="-118.924171301"/><trkpt lat="37.446549637" lon="-118.9241625"/><trkpt lat="37.446629852" lon="-118.924146909"/><trkpt lat="37.446761699" lon="-118.924144311"/><trkpt lat="37.446810147" lon="-118.924057055"/><trkpt lat="37.446797155" lon="-118.923985893"/><trkpt lat="37.446700009" lon="-118.923883047"/><trkpt lat="37.446597917" lon="-118.923797803"/><trkpt lat="37.446481911" lon="-118.923694538"/><trkpt lat="37.446431285" lon="-118.92362237"/><trkpt lat="37.446432039" lon="-118.92357518"/><trkpt lat="37.446480403" lon="-118.923499743"/><trkpt lat="37.446532957" lon="-118.923447942"/><trkpt lat="37.446515104" lon="-118.923388431"/><trkpt lat="37.446469087" lon="-118.923322381"/><trkpt lat="37.446437906" lon="-118.923215345"/><trkpt lat="37.446466908" lon="-118.923168825"/><trkpt lat="37.446543016" lon="-118.923117695"/><trkpt lat="37.446652902" lon="-118.92302013"/><trkpt lat="37.446709899" lon="-118.922986183"/><trkpt lat="37.446758179" lon="-118.922910746"/><trkpt lat="37.446764298" lon="-118.922822317"/><trkpt lat="37.446728088" lon="-118.922732882"/><trkpt lat="37.446625242" lon="-118.922694828"/><trkpt lat="37.446536478" lon="-118.922651242"/><trkpt lat="37.44642416" lon="-118.922612937"/><trkpt lat="37.446354507" lon="-118.922558036"/><trkpt lat="37.446323577" lon="-118.922433313"/><trkpt lat="37.446349226" lon="-118.922304148"/><trkpt lat="37.446416114" lon="-118.922240948"/><trkpt lat="37.446497083" lon="-118.922178084"/><trkpt lat="37.446616357" lon="-118.92208077"/><trkpt lat="37.446735129" lon="-118.922012961"/><trkpt lat="37.446746863" lon="-118.921865774"/><trkpt lat="37.446743511" lon="-118.921783045"/><trkpt lat="37.446759939" lon="-118.92164181"/><trkpt lat="37.446845686" lon="-118.921579029"/><trkpt lat="37.446921794" lon="-118.9215279"/><trkpt lat="37.446975438" lon="-118.921411224"/><trkpt lat="37.447034279" lon="-118.921265211"/><trkpt lat="37.447107872" lon="-118.921078211"/><trkpt lat="37.447195379" lon="-118.920909315"/><trkpt lat="37.447291352" lon="-118.920793729"/><trkpt lat="37.447370142" lon="-118.920577308"/><trkpt lat="37.447462594" lon="-118.920390811"/><trkpt lat="37.447531074" lon="-118.920233231"/><trkpt lat="37.447616821" lon="-118.920164583"/><trkpt lat="37.447748836" lon="-118.92015025"/><trkpt lat="37.447894681" lon="-118.920154022"/><trkpt lat="37.448044214" lon="-118.920216803"/><trkpt lat="37.448217971" lon="-118.920239015"/><trkpt lat="37.44846289" lon="-118.920227531"/><trkpt lat="37.448642515" lon="-118.920179"/><trkpt lat="37.448869161" lon="-118.920131726"/><trkpt lat="37.449048953" lon="-118.920071376"/><trkpt lat="37.449248862" lon="-118.919934835"/><trkpt lat="37.449353216" lon="-118.919884376"/><trkpt lat="37.449583635" lon="-118.919890327"/><trkpt lat="37.449810617" lon="-118.919825284"/><trkpt lat="37.450064924" lon="-118.919814052"/><trkpt lat="37.450230215" lon="-118.919777004"/><trkpt lat="37.450406402" lon="-118.919651611"/><trkpt lat="37.450628104" lon="-118.919615988"/><trkpt lat="37.45082072" lon="-118.919638619"/><trkpt lat="37.451022388" lon="-118.919679187"/><trkpt lat="37.451229757" lon="-118.919660915"/><trkpt lat="37.451385325" lon="-118.919647168"/><trkpt lat="37.451523291" lon="-118.919550357"/><trkpt lat="37.451681038" lon="-118.919400908"/><trkpt lat="37.451852784" lon="-118.919257745"/><trkpt lat="37.451986307" lon="-118.919149032"/><trkpt lat="37.452132991" lon="-118.919099662"/><trkpt lat="37.452251008" lon="-118.919079043"/><trkpt lat="37.452334743" lon="-118.919134364"/><trkpt lat="37.452436583" lon="-118.919243161"/><trkpt lat="37.452501794" lon="-118.919280292"/><trkpt lat="37.452637162" lon="-118.919348689"/><trkpt lat="37.452778313" lon="-118.919352293"/><trkpt lat="37.452909155" lon="-118.919408703"/><trkpt lat="37.453067489" lon="-118.919513142"/><trkpt lat="37.453216687" lon="-118.919599559"/><trkpt lat="37.453403603" lon="-118.919681115"/><trkpt lat="37.453587921" lon="-118.919632668"/><trkpt lat="37.453716751" lon="-118.919523871"/><trkpt lat="37.45389713" lon="-118.919428149"/><trkpt lat="37.454034928" lon="-118.919343073"/><trkpt lat="37.454220504" lon="-118.919218015"/><trkpt lat="37.454399709" lon="-118.919193037"/><trkpt lat="37.454621075" lon="-118.919181051"/><trkpt lat="37.454804219" lon="-118.919209298"/><trkpt lat="37.454974204" lon="-118.919172334"/><trkpt lat="37.455166653" lon="-118.919200832"/><trkpt lat="37.455344349" lon="-118.919270318"/><trkpt lat="37.455559429" lon="-118.919358496"/><trkpt lat="37.455722708" lon="-118.919445332"/><trkpt lat="37.455867464" lon="-118.91951398"/><trkpt lat="37.456044657" lon="-118.919618838"/><trkpt lat="37.456207434" lon="-118.919735178"/><trkpt lat="37.456359984" lon="-118.919904325"/><trkpt lat="37.45650298" lon="-118.920085123"/><trkpt lat="37.456656201" lon="-118.920212947"/><trkpt lat="37.456829371" lon="-118.920270531"/><trkpt lat="37.457063561" lon="-118.920335574"/><trkpt lat="37.457264895" lon="-118.920399696"/><trkpt lat="37.457452146" lon="-118.920463566"/><trkpt lat="37.457714751" lon="-118.920517545"/><trkpt lat="37.457916839" lon="-118.920534477"/><trkpt lat="37.458175253" lon="-118.920558784"/><trkpt lat="37.458372982" lon="-118.920557946"/><trkpt lat="37.458523689" lon="-118.920550067"/><trkpt lat="37.458668947" lon="-118.920589127"/><trkpt lat="37.458950412" lon="-118.920643609"/><trkpt lat="37.459156606" lon="-118.92069608"/><trkpt lat="37.459358443" lon="-118.920724913"/><trkpt lat="37.459606715" lon="-118.92079616"/><trkpt lat="37.459767312" lon="-118.920758944"/><trkpt lat="37.460012399" lon="-118.920735726"/><trkpt lat="37.460220773" lon="-118.920658445"/><trkpt lat="37.460433003" lon="-118.920628438"/><trkpt lat="37.460705834" lon="-118.920635395"/><trkpt lat="37.460973887" lon="-118.920648219"/><trkpt lat="37.461181087" lon="-118.920635814"/><trkpt lat="37.461341601" lon="-118.920604466"/><trkpt lat="37.461495409" lon="-118.920697002"/><trkpt lat="37.461681738" lon="-118.920813929"/><trkpt lat="37.461873181" lon="-118.920907388"/><trkpt lat="37.462008465" lon="-118.920981651"/><trkpt lat="37.462153137" lon="-118.921056166"/><trkpt lat="37.462297557" lon="-118.921148451"/><trkpt lat="37.462479696" lon="-118.921229839"/><trkpt lat="37.462728051" lon="-118.921295302"/><trkpt lat="37.462906251" lon="-118.921335284"/><trkpt lat="37.463061316" lon="-118.921351042"/><trkpt lat="37.463221578" lon="-118.921331512"/><trkpt lat="37.463447805" lon="-118.921313742"/><trkpt lat="37.463697502" lon="-118.921296475"/><trkpt lat="37.463989528" lon="-118.921280382"/><trkpt lat="37.464191699" lon="-118.921291446"/><trkpt lat="37.464440893" lon="-118.921303768"/><trkpt lat="37.46467609" lon="-118.921309719"/><trkpt lat="37.464803662" lon="-118.921277616"/><trkpt lat="37.465016479" lon="-118.921212237"/><trkpt lat="37.465213956" lon="-118.921223134"/><trkpt lat="37.465363741" lon="-118.921274263"/><trkpt lat="37.465502126" lon="-118.921449026"/><trkpt lat="37.465560213" lon="-118.921639379"/><trkpt lat="37.465613103" lon="-118.921859153"/><trkpt lat="37.465755763" lon="-118.922057636"/><trkpt lat="37.465913342" lon="-118.922203397"/><trkpt lat="37.466098247" lon="-118.922408838"/><trkpt lat="37.46635356" lon="-118.922627941"/><trkpt lat="37.466567131" lon="-118.922804631"/><trkpt lat="37.466710964" lon="-118.922932288"/><trkpt lat="37.466884302" lon="-118.922978053"/><trkpt lat="37.467050012" lon="-118.922917368"/><trkpt lat="37.467182949" lon="-118.922844026"/><trkpt lat="37.467337847" lon="-118.922871603"/><trkpt lat="37.467501713" lon="-118.922923068"/><trkpt lat="37.467628196" lon="-118.922955841"/><trkpt lat="37.467795331" lon="-118.923095902"/><trkpt lat="37.467987444" lon="-118.923148038"/><trkpt lat="37.468152232" lon="-118.923146361"/><trkpt lat="37.468302855" lon="-118.92314435"/><trkpt lat="37.468495974" lon="-118.923131526"/><trkpt lat="37.46865632" lon="-118.92311208"/><trkpt lat="37.46877484" lon="-118.923056088"/><trkpt lat="37.468879949" lon="-118.922958355"/><trkpt lat="37.468937449" lon="-118.922894904"/><trkpt lat="37.469003331" lon="-118.922896581"/><trkpt lat="37.469081618" lon="-118.922999008"/><trkpt lat="37.469164012" lon="-118.923142757"/><trkpt lat="37.469246574" lon="-118.923274772"/><trkpt lat="37.469405495" lon="-118.923343839"/><trkpt lat="37.469555112" lon="-118.923400752"/><trkpt lat="37.469621915" lon="-118.923343504"/><trkpt lat="37.469727611" lon="-118.923210399"/><trkpt lat="37.469870523" lon="-118.923107805"/><trkpt lat="37.469975045" lon="-118.923045527"/><trkpt lat="37.470121728" lon="-118.922996158"/><trkpt lat="37.470237315" lon="-118.9228338"/><trkpt lat="37.470352566" lon="-118.922689129"/><trkpt lat="37.470462201" lon="-118.922603382"/><trkpt lat="37.470595473" lon="-118.922512354"/><trkpt lat="37.470742241" lon="-118.922457118"/><trkpt lat="37.470866209" lon="-118.922359888"/><trkpt lat="37.470959919" lon="-118.922380004"/><trkpt lat="37.471136693" lon="-118.922508499"/><trkpt lat="37.471346324" lon="-118.922637915"/><trkpt lat="37.471551429" lon="-118.922761213"/><trkpt lat="37.471719906" lon="-118.922818713"/><trkpt lat="37.471916797" lon="-118.922865065"/><trkpt lat="37.472137576" lon="-118.92288845"/><trkpt lat="37.472306052" lon="-118.922945866"/><trkpt lat="37.472385429" lon="-118.922983333"/><trkpt lat="37.472483581" lon="-118.923027171"/><trkpt lat="37.472607549" lon="-118.923219284"/><trkpt lat="37.472595898" lon="-118.923354819"/><trkpt lat="37.472646274" lon="-118.923438806"/><trkpt lat="37.472724561" lon="-118.923547016"/><trkpt lat="37.472828161" lon="-118.923543831"/><trkpt lat="37.472968977" lon="-118.923565121"/><trkpt lat="37.473122198" lon="-118.923693029"/><trkpt lat="37.473176261" lon="-118.923842059"/><trkpt lat="37.473192271" lon="-118.924013637"/><trkpt lat="37.473208951" lon="-118.924143976"/><trkpt lat="37.473263936" lon="-118.924233997"/><trkpt lat="37.473314479" lon="-118.924312033"/><trkpt lat="37.473302409" lon="-118.924477072"/><trkpt lat="37.473183805" lon="-118.924533064"/><trkpt lat="37.473070482" lon="-118.924559634"/><trkpt lat="37.472974844" lon="-118.924651667"/><trkpt lat="37.47293042" lon="-118.924780414"/><trkpt lat="37.472857581" lon="-118.924914356"/><trkpt lat="37.472780384" lon="-118.925036313"/><trkpt lat="37.472741576" lon="-118.925106218"/><trkpt lat="37.472643089" lon="-118.925085934"/><trkpt lat="37.472545104" lon="-118.925030278"/><trkpt lat="37.472419124" lon="-118.924968001"/><trkpt lat="37.472333293" lon="-118.925036648"/><trkpt lat="37.472287696" lon="-118.925236221"/><trkpt lat="37.472233633" lon="-118.925376534"/><trkpt lat="37.472174373" lon="-118.925546268"/><trkpt lat="37.472120561" lon="-118.925674763"/><trkpt lat="37.472140677" lon="-118.925881879"/><trkpt lat="37.472217875" lon="-118.926055133"/><trkpt lat="37.472333293" lon="-118.926193854"/><trkpt lat="37.472499674" lon="-118.926381189"/><trkpt lat="37.472618027" lon="-118.926626276"/><trkpt lat="37.472734535" lon="-118.926694253"/><trkpt lat="37.47284065" lon="-118.926826855"/><trkpt lat="37.472847272" lon="-118.926998265"/><trkpt lat="37.472810056" lon="-118.927257098"/><trkpt lat="37.472854145" lon="-118.927441249"/><trkpt lat="37.472987752" lon="-118.927615928"/><trkpt lat="37.473108619" lon="-118.927707542"/><trkpt lat="37.473228648" lon="-118.927852381"/><trkpt lat="37.473311126" lon="-118.927990263"/><trkpt lat="37.473312551" lon="-118.92819101"/><trkpt lat="37.473351611" lon="-118.928392762"/><trkpt lat="37.473443728" lon="-118.928513294"/><trkpt lat="37.473698454" lon="-118.928710856"/><trkpt lat="37.47392443" lon="-118.928794423"/><trkpt lat="37.474181838" lon="-118.928852929"/><trkpt lat="37.474408234" lon="-118.928910596"/><trkpt lat="37.474653572" lon="-118.929072451"/><trkpt lat="37.474887092" lon="-118.92932483"/><trkpt lat="37.475070488" lon="-118.929485092"/><trkpt lat="37.475216584" lon="-118.929398172"/><trkpt lat="37.475426383" lon="-118.929209076"/><trkpt lat="37.475584047" lon="-118.929044539"/><trkpt lat="37.475629142" lon="-118.92881236"/><trkpt lat="37.475727629" lon="-118.928477839"/><trkpt lat="37.475752272" lon="-118.928232081"/><trkpt lat="37.475755624" lon="-118.928024713"/><trkpt lat="37.475675326" lon="-118.927880041"/><trkpt lat="37.47560475" lon="-118.927774513"/><trkpt lat="37.475668201" lon="-118.927685414"/><trkpt lat="37.475803485" lon="-118.927624058"/><trkpt lat="37.47592804" lon="-118.927588351"/><trkpt lat="37.475847322" lon="-118.92746958"/><trkpt lat="37.475778423" lon="-118.927260367"/><trkpt lat="37.475741124" lon="-118.927013101"/><trkpt lat="37.475650264" lon="-118.926881086"/><trkpt lat="37.475577258" lon="-118.926718226"/><trkpt lat="37.475508023" lon="-118.926592581"/><trkpt lat="37.475487487" lon="-118.926509516"/><trkpt lat="37.475580778" lon="-118.926505074"/><trkpt lat="37.475631656" lon="-118.926410107"/><trkpt lat="37.47564951" lon="-118.926321175"/><trkpt lat="37.47560123" lon="-118.926257975"/><trkpt lat="37.475569462" lon="-118.926188406"/><trkpt lat="37.475630818" lon="-118.926121183"/><trkpt lat="37.47569737" lon="-118.926074747"/><trkpt lat="37.475793511" lon="-118.925891519"/><trkpt lat="37.475894848" lon="-118.925729077"/><trkpt lat="37.476056702" lon="-118.925554398"/><trkpt lat="37.476201542" lon="-118.925406877"/><trkpt lat="37.476313189" lon="-118.925285926"/><trkpt lat="37.476333054" lon="-118.925073193"/><trkpt lat="37.476380495" lon="-118.924854342"/><trkpt lat="37.476537572" lon="-118.924631467"/><trkpt lat="37.476692554" lon="-118.924539099"/><trkpt lat="37.476934874" lon="-118.924469696"/><trkpt lat="37.477139309" lon="-118.924371796"/><trkpt lat="37.477261852" lon="-118.924251096"/><trkpt lat="37.477443488" lon="-118.924207594"/><trkpt lat="37.477608193" lon="-118.92419125"/><trkpt lat="37.477701567" lon="-118.92417985"/><trkpt lat="37.477750853" lon="-118.924181107"/><trkpt lat="37.477908684" lon="-118.924253946"/><trkpt lat="37.478016559" lon="-118.924359893"/><trkpt lat="37.478174306" lon="-118.924432732"/><trkpt lat="37.478376394" lon="-118.924479168"/><trkpt lat="37.478518384" lon="-118.924510349"/><trkpt lat="37.478633383" lon="-118.924520155"/><trkpt lat="37.478721142" lon="-118.924515545"/><trkpt lat="37.478825497" lon="-118.924504481"/><trkpt lat="37.47888023" lon="-118.924505906"/><trkpt lat="37.478934629" lon="-118.924534824"/><trkpt lat="37.479026075" lon="-118.924640268"/><trkpt lat="37.478916189" lon="-118.924658122"/><trkpt lat="37.478795489" lon="-118.924661893"/><trkpt lat="37.478760872" lon="-118.924771026"/><trkpt lat="37.478731619" lon="-118.924880326"/><trkpt lat="37.478713095" lon="-118.925010581"/><trkpt lat="37.478694571" lon="-118.925140752"/><trkpt lat="37.478639083" lon="-118.925180566"/><trkpt lat="37.478567502" lon="-118.925199425"/><trkpt lat="37.478576805" lon="-118.925302774"/><trkpt lat="37.478629528" lon="-118.925427916"/><trkpt lat="37.478649728" lon="-118.925538557"/><trkpt lat="37.478577225" lon="-118.925612317"/><trkpt lat="37.478542272" lon="-118.925742069"/><trkpt lat="37.478551073" lon="-118.925872995"/><trkpt lat="37.478623828" lon="-118.926115567"/><trkpt lat="37.478637155" lon="-118.926308518"/><trkpt lat="37.478644866" lon="-118.926508175"/><trkpt lat="37.47868577" lon="-118.926688051"/><trkpt lat="37.478765901" lon="-118.92682082"/><trkpt lat="37.478789538" lon="-118.927048389"/><trkpt lat="37.478813427" lon="-118.927269084"/><trkpt lat="37.478820132" lon="-118.9275306"/><trkpt lat="37.478824239" lon="-118.927613245"/><trkpt lat="37.478916273" lon="-118.927684408"/><trkpt lat="37.47907863" lon="-118.927812399"/><trkpt lat="37.47918617" lon="-118.927938966"/><trkpt lat="37.479316005" lon="-118.928045416"/><trkpt lat="37.479352551" lon="-118.928156393"/><trkpt lat="37.479326986" lon="-118.928382704"/><trkpt lat="37.479285579" lon="-118.928567357"/><trkpt lat="37.47925574" lon="-118.928717896"/><trkpt lat="37.47926848" lon="-118.928945214"/><trkpt lat="37.47933235" lon="-118.929063817"/><trkpt lat="37.479405524" lon="-118.929278897"/><trkpt lat="37.479431173" lon="-118.929389622"/><trkpt lat="37.479373757" lon="-118.92954628"/><trkpt lat="37.479262445" lon="-118.929653484"/><trkpt lat="37.479183655" lon="-118.929775273"/><trkpt lat="37.479143003" lon="-118.929918688"/><trkpt lat="37.479146188" lon="-118.930056319"/><trkpt lat="37.479127496" lon="-118.930193363"/><trkpt lat="37.479054155" lon="-118.930322193"/><trkpt lat="37.478948124" lon="-118.930436354"/><trkpt lat="37.478880482" lon="-118.930551521"/><trkpt lat="37.478862712" lon="-118.93063358"/><trkpt lat="37.478926331" lon="-118.930765931"/><trkpt lat="37.478979221" lon="-118.930884199"/><trkpt lat="37.479091622" lon="-118.931052173"/><trkpt lat="37.479182146" lon="-118.931212686"/><trkpt lat="37.479315335" lon="-118.931449978"/><trkpt lat="37.479449613" lon="-118.931618538"/><trkpt lat="37.479567714" lon="-118.931772849"/><trkpt lat="37.47969076" lon="-118.931954904"/><trkpt lat="37.479847251" lon="-118.93211022"/><trkpt lat="37.479980942" lon="-118.932313146"/><trkpt lat="37.480049254" lon="-118.932493692"/><trkpt lat="37.480117232" lon="-118.932694942"/><trkpt lat="37.48019577" lon="-118.932923935"/><trkpt lat="37.480291659" lon="-118.93309149"/><trkpt lat="37.480400037" lon="-118.933169944"/><trkpt lat="37.480492909" lon="-118.933186121"/><trkpt lat="37.480628192" lon="-118.933292739"/><trkpt lat="37.480784431" lon="-118.933461886"/><trkpt lat="37.480951482" lon="-118.933638074"/><trkpt lat="37.481059358" lon="-118.933744105"/><trkpt lat="37.481129179" lon="-118.9338353"/><trkpt lat="37.48116455" lon="-118.934015008"/><trkpt lat="37.481107302" lon="-118.934164876"/><trkpt lat="37.481072433" lon="-118.934287755"/><trkpt lat="37.481075618" lon="-118.934425386"/><trkpt lat="37.481177207" lon="-118.934586234"/><trkpt lat="37.481349455" lon="-118.93477642"/><trkpt lat="37.481582053" lon="-118.934968114"/><trkpt lat="37.481771652" lon="-118.935103649"/><trkpt lat="37.481901068" lon="-118.935237676"/><trkpt lat="37.482140372" lon="-118.935353933"/><trkpt lat="37.482351596" lon="-118.935510674"/><trkpt lat="37.482530717" lon="-118.93561855"/><trkpt lat="37.482663989" lon="-118.935848968"/><trkpt lat="37.482798435" lon="-118.936003698"/><trkpt lat="37.482920894" lon="-118.936226992"/><trkpt lat="37.483107056" lon="-118.936238727"/><trkpt lat="37.483419366" lon="-118.936246773"/><trkpt lat="37.483654227" lon="-118.936301004"/><trkpt lat="37.483856147" lon="-118.936354313"/><trkpt lat="37.48407525" lon="-118.936366886"/><trkpt lat="37.484199973" lon="-118.93644576"/><trkpt lat="37.484358307" lon="-118.936484233"/><trkpt lat="37.484565843" lon="-118.936530836"/><trkpt lat="37.484757537" lon="-118.936542738"/><trkpt lat="37.484923583" lon="-118.936443832"/><trkpt lat="37.485059286" lon="-118.936192794"/><trkpt lat="37.485150062" lon="-118.936002608"/><trkpt lat="37.485284172" lon="-118.935847878"/><trkpt lat="37.485472597" lon="-118.935721982"/><trkpt lat="37.485649791" lon="-118.935609665"/><trkpt lat="37.485761773" lon="-118.935468094"/><trkpt lat="37.485845424" lon="-118.935380839"/><trkpt lat="37.486071065" lon="-118.935324764"/><trkpt lat="37.486297041" lon="-118.935248069"/><trkpt lat="37.486424865" lon="-118.935141284"/><trkpt lat="37.486556377" lon="-118.935144721"/><trkpt lat="37.486725943" lon="-118.935169699"/><trkpt lat="37.486819485" lon="-118.935144637"/><trkpt lat="37.48695787" lon="-118.935065679"/><trkpt lat="37.487092903" lon="-118.934849007"/><trkpt lat="37.487249309" lon="-118.934674244"/><trkpt lat="37.48734436" lon="-118.934559748"/><trkpt lat="37.48753245" lon="-118.934454555"/><trkpt lat="37.487686174" lon="-118.934437875"/><trkpt lat="37.487739064" lon="-118.934556143"/><trkpt lat="37.487812405" lon="-118.934764434"/><trkpt lat="37.487846604" lon="-118.93501983"/><trkpt lat="37.487902595" lon="-118.935282687"/><trkpt lat="37.48796043" lon="-118.935435489"/><trkpt lat="37.48807543" lon="-118.935438422"/><trkpt lat="37.488203505" lon="-118.935317975"/><trkpt lat="37.488309955" lon="-118.935176237"/><trkpt lat="37.48842705" lon="-118.935055453"/><trkpt lat="37.488494525" lon="-118.934954032"/><trkpt lat="37.48857717" lon="-118.934928635"/><trkpt lat="37.488659481" lon="-118.934923857"/><trkpt lat="37.488744641" lon="-118.935077414"/><trkpt lat="37.488779845" lon="-118.935270952"/><trkpt lat="37.488855617" lon="-118.935327865"/><trkpt lat="37.488938598" lon="-118.935281932"/><trkpt lat="37.488973718" lon="-118.935145224"/><trkpt lat="37.48900448" lon="-118.934939615"/><trkpt lat="37.489007078" lon="-118.934781533"/><trkpt lat="37.48903105" lon="-118.934658319"/><trkpt lat="37.489131046" lon="-118.934578355"/><trkpt lat="37.489219895" lon="-118.934505014"/><trkpt lat="37.489305558" lon="-118.934293957"/><trkpt lat="37.489334475" lon="-118.934205277"/><trkpt lat="37.489409745" lon="-118.933959603"/><trkpt lat="37.489461545" lon="-118.933809567"/><trkpt lat="37.489540922" lon="-118.933646539"/><trkpt lat="37.489548381" lon="-118.933522906"/><trkpt lat="37.489582663" lon="-118.933441266"/><trkpt lat="37.489636308" lon="-118.933511423"/><trkpt lat="37.489721049" lon="-118.933692472"/><trkpt lat="37.489705123" lon="-118.933994723"/><trkpt lat="37.489729263" lon="-118.9341948"/><trkpt lat="37.489775866" lon="-118.934361096"/><trkpt lat="37.489794306" lon="-118.934574835"/><trkpt lat="37.489795731" lon="-118.93482252"/><trkpt lat="37.489786008" lon="-118.935083617"/><trkpt lat="37.489756001" lon="-118.935241112"/><trkpt lat="37.489768993" lon="-118.935454683"/><trkpt lat="37.489727503" lon="-118.93564621"/><trkpt lat="37.489686431" lon="-118.935810244"/><trkpt lat="37.489663046" lon="-118.935899092"/><trkpt lat="37.489711158" lon="-118.935975954"/><trkpt lat="37.489881646" lon="-118.935939074"/><trkpt lat="37.490040315" lon="-118.935956927"/><trkpt lat="37.490216335" lon="-118.935920214"/><trkpt lat="37.490358995" lon="-118.935910156"/><trkpt lat="37.490507104" lon="-118.935907139"/><trkpt lat="37.490598299" lon="-118.936026413"/><trkpt lat="37.490667533" lon="-118.936152058"/><trkpt lat="37.490764679" lon="-118.936243923"/><trkpt lat="37.49084875" lon="-118.936129175"/><trkpt lat="37.490966767" lon="-118.935953407"/><trkpt lat="37.491046647" lon="-118.935762802"/><trkpt lat="37.491066009" lon="-118.935584519"/><trkpt lat="37.491091406" lon="-118.93537187"/><trkpt lat="37.491072966" lon="-118.935158132"/><trkpt lat="37.491028374" lon="-118.934868118"/><trkpt lat="37.490977412" lon="-118.934632922"/><trkpt lat="37.49094313" lon="-118.934384398"/><trkpt lat="37.490947908" lon="-118.934088685"/><trkpt lat="37.490995936" lon="-118.933835384"/><trkpt lat="37.491053184" lon="-118.933685599"/><trkpt lat="37.491156282" lon="-118.933413019"/><trkpt lat="37.491191654" lon="-118.933262648"/><trkpt lat="37.491278071" lon="-118.93300348"/><trkpt lat="37.491397429" lon="-118.932745149"/><trkpt lat="37.491539" lon="-118.932466786"/><trkpt lat="37.491700854" lon="-118.932292107"/><trkpt lat="37.491855668" lon="-118.932206612"/><trkpt lat="37.492014924" lon="-118.9321901"/><trkpt lat="37.492211647" lon="-118.932229578"/><trkpt lat="37.492347602" lon="-118.932294957"/><trkpt lat="37.492437707" lon="-118.932483047"/><trkpt lat="37.492522029" lon="-118.932691589"/><trkpt lat="37.492628982" lon="-118.932852605"/><trkpt lat="37.492787484" lon="-118.932884205"/><trkpt lat="37.492935844" lon="-118.932860484"/><trkpt lat="37.493034583" lon="-118.93285621"/><trkpt lat="37.493111445" lon="-118.932851264"/><trkpt lat="37.493143296" lon="-118.932914045"/><trkpt lat="37.493153019" lon="-118.932989901"/><trkpt lat="37.493212782" lon="-118.933018986"/><trkpt lat="37.493340103" lon="-118.932946566"/><trkpt lat="37.493456528" lon="-118.932867022"/><trkpt lat="37.493578903" lon="-118.93275328"/><trkpt lat="37.493828097" lon="-118.932601484"/><trkpt lat="37.494076872" lon="-118.932470307"/><trkpt lat="37.494292958" lon="-118.932331419"/><trkpt lat="37.49448264" lon="-118.932129918"/><trkpt lat="37.494699899" lon="-118.931915425"/><trkpt lat="37.494925121" lon="-118.931549722"/><trkpt lat="37.495166184" lon="-118.931218889"/><trkpt lat="37.495474219" lon="-118.930820916"/><trkpt lat="37.495602798" lon="-118.930666018"/><trkpt lat="37.495821733" lon="-118.930348344"/><trkpt lat="37.496062964" lon="-118.930010553"/><trkpt lat="37.496302519" lon="-118.929775944"/><trkpt lat="37.496539978" lon="-118.929665135"/><trkpt lat="37.496745335" lon="-118.929512165"/><trkpt lat="37.496967036" lon="-118.929359615"/><trkpt lat="37.497103158" lon="-118.929081084"/><trkpt lat="37.497235592" lon="-118.929029452"/><trkpt lat="37.49744514" lon="-118.928952338"/><trkpt lat="37.497611856" lon="-118.928812109"/><trkpt lat="37.497706991" lon="-118.928690739"/><trkpt lat="37.497867504" lon="-118.928598538"/><trkpt lat="37.498043692" lon="-118.928548079"/><trkpt lat="37.498254748" lon="-118.928381531"/><trkpt lat="37.498376369" lon="-118.928315816"/><trkpt lat="37.498548282" lon="-118.928196458"/><trkpt lat="37.498666383" lon="-118.928013733"/><trkpt lat="37.498816671" lon="-118.927873084"/><trkpt lat="37.49897752" lon="-118.927753391"/><trkpt lat="37.499132752" lon="-118.92764736"/><trkpt lat="37.499262001" lon="-118.927451139"/><trkpt lat="37.499434333" lon="-118.927304205"/><trkpt lat="37.49960281" lon="-118.927060878"/><trkpt lat="37.499738261" lon="-118.926816713"/><trkpt lat="37.499858625" lon="-118.926496441"/><trkpt lat="37.500031292" lon="-118.926328886"/><trkpt lat="37.500193901" lon="-118.926106095"/><trkpt lat="37.500338238" lon="-118.925992856"/><trkpt lat="37.500520125" lon="-118.925928734"/><trkpt lat="37.500680638" lon="-118.925836533"/><trkpt lat="37.500841236" lon="-118.925737459"/><trkpt lat="37.500969144" lon="-118.925623801"/><trkpt lat="37.501158072" lon="-118.925463539"/><trkpt lat="37.501353454" lon="-118.925248375"/><trkpt lat="37.501455965" lon="-118.925010245"/><trkpt lat="37.501547579" lon="-118.92477178"/><trkpt lat="37.501628213" lon="-118.924533064"/><trkpt lat="37.501722341" lon="-118.924473552"/><trkpt lat="37.501866259" lon="-118.924387889"/><trkpt lat="37.502016881" lon="-118.924226621"/><trkpt lat="37.502067676" lon="-118.924138444"/><trkpt lat="37.502076142" lon="-118.923952952"/><trkpt lat="37.502100449" lon="-118.923809035"/><trkpt lat="37.502174294" lon="-118.923645839"/><trkpt lat="37.502214275" lon="-118.923550537"/><trkpt lat="37.502207235" lon="-118.923309557"/><trkpt lat="37.502284599" lon="-118.92327033"/><trkpt lat="37.502406305" lon="-118.923197743"/><trkpt lat="37.502502613" lon="-118.923007557"/><trkpt lat="37.502609398" lon="-118.9228452"/><trkpt lat="37.502670335" lon="-118.922805469"/><trkpt lat="37.502730433" lon="-118.922820808"/><trkpt lat="37.502789106" lon="-118.922918625"/><trkpt lat="37.502793381" lon="-118.922994398"/><trkpt lat="37.502797488" lon="-118.923077043"/><trkpt lat="37.50282364" lon="-118.923153402"/><trkpt lat="37.502878709" lon="-118.923141081"/><trkpt lat="37.502929335" lon="-118.92305986"/><trkpt lat="37.502974765" lon="-118.922964642"/><trkpt lat="37.503074259" lon="-118.922912171"/><trkpt lat="37.503152378" lon="-118.922824748"/><trkpt lat="37.50324131" lon="-118.922751322"/><trkpt lat="37.503303001" lon="-118.92266348"/><trkpt lat="37.503335606" lon="-118.92264504"/><trkpt lat="37.503355471" lon="-118.922680914"/><trkpt lat="37.503346838" lon="-118.922738582"/><trkpt lat="37.503340468" lon="-118.922815528"/><trkpt lat="37.503365194" lon="-118.922870765"/><trkpt lat="37.503406182" lon="-118.922868669"/><trkpt lat="37.503433255" lon="-118.922782587"/><trkpt lat="37.503460245" lon="-118.922696505"/><trkpt lat="37.503478937" lon="-118.922648728"/><trkpt lat="37.503514979" lon="-118.92263364"/><trkpt lat="37.503553117" lon="-118.922653841"/><trkpt lat="37.503559738" lon="-118.922715113"/><trkpt lat="37.503535682" lon="-118.922778731"/><trkpt lat="37.50350886" lon="-118.922855174"/><trkpt lat="37.503499724" lon="-118.922944944"/><trkpt lat="37.5035014" lon="-118.922999594"/><trkpt lat="37.503531659" lon="-118.92302935"/><trkpt lat="37.503578011" lon="-118.92300806"/><trkpt lat="37.503630733" lon="-118.92291938"/><trkpt lat="37.503662333" lon="-118.922862383"/><trkpt lat="37.503699046" lon="-118.922808655"/><trkpt lat="37.503725365" lon="-118.922767583"/><trkpt lat="37.503753528" lon="-118.922765069"/><trkpt lat="37.503783451" lon="-118.922814019"/><trkpt lat="37.503789403" lon="-118.922920302"/><trkpt lat="37.503788061" lon="-118.923003785"/><trkpt lat="37.503807675" lon="-118.923058938"/><trkpt lat="37.503832486" lon="-118.923104536"/><trkpt lat="37.503833491" lon="-118.923046701"/><trkpt lat="37.503849501" lon="-118.923005378"/><trkpt lat="37.503880598" lon="-118.922980484"/><trkpt lat="37.503897781" lon="-118.923025914"/><trkpt lat="37.503901217" lon="-118.923128843"/><trkpt lat="37.503934409" lon="-118.923136052"/><trkpt lat="37.503984114" lon="-118.923073104"/><trkpt lat="37.504020492" lon="-118.923038654"/><trkpt lat="37.504064078" lon="-118.923036559"/><trkpt lat="37.504083272" lon="-118.923114175"/><trkpt lat="37.504089475" lon="-118.923207549"/><trkpt lat="37.504098024" lon="-118.923310647"/><trkpt lat="37.504109088" lon="-118.923416929"/><trkpt lat="37.504144544" lon="-118.923440399"/><trkpt lat="37.50418067" lon="-118.923422042"/><trkpt lat="37.504202547" lon="-118.923338978"/><trkpt lat="37.504213611" lon="-118.923287848"/><trkpt lat="37.504233057" lon="-118.923191959"/><trkpt lat="37.504285527" lon="-118.923113002"/><trkpt lat="37.50431302" lon="-118.923158683"/><trkpt lat="37.504327102" lon="-118.923236132"/><trkpt lat="37.504338166" lon="-118.923342498"/><trkpt lat="37.504343949" lon="-118.923458336"/><trkpt lat="37.504362473" lon="-118.923580963"/><trkpt lat="37.50436591" lon="-118.923680624"/><trkpt lat="37.504326263" lon="-118.923760001"/><trkpt lat="37.504231799" lon="-118.923898973"/><trkpt lat="37.504139682" lon="-118.924054038"/><trkpt lat="37.504042955" lon="-118.924176916"/><trkpt lat="37.503938684" lon="-118.92429309"/><trkpt lat="37.503857967" lon="-118.924374562"/><trkpt lat="37.503792755" lon="-118.924450083"/><trkpt lat="37.503804909" lon="-118.924485706"/><trkpt lat="37.503868528" lon="-118.924513031"/><trkpt lat="37.503945725" lon="-118.92448931"/><trkpt lat="37.504061479" lon="-118.924456956"/><trkpt lat="37.504131133" lon="-118.924423428"/><trkpt lat="37.504202798" lon="-118.924422003"/><trkpt lat="37.50420481" lon="-118.924460644"/><trkpt lat="37.504164744" lon="-118.924562484"/><trkpt lat="37.504119817" lon="-118.924648063"/><trkpt lat="37.504076818" lon="-118.924772283"/><trkpt lat="37.504052427" lon="-118.924851995"/><trkpt lat="37.504043961" lon="-118.924903208"/><trkpt lat="37.504100706" lon="-118.924875716"/><trkpt lat="37.50417606" lon="-118.924810169"/><trkpt lat="37.504238589" lon="-118.924744288"/><trkpt lat="37.504337411" lon="-118.924647225"/><trkpt lat="37.504448304" lon="-118.924598694"/><trkpt lat="37.504546456" lon="-118.924546558"/><trkpt lat="37.504646871" lon="-118.9245106"/><trkpt lat="37.504762961" lon="-118.924458968"/><trkpt lat="37.50488257" lon="-118.92434313"/><trkpt lat="37.504963372" lon="-118.924255203"/><trkpt lat="37.505031601" lon="-118.924157303"/><trkpt lat="37.505064122" lon="-118.924045656"/><trkpt lat="37.505083568" lon="-118.923949767"/><trkpt lat="37.505161939" lon="-118.923855387"/><trkpt lat="37.505273838" lon="-118.923745751"/><trkpt lat="37.505431753" lon="-118.923532013"/><trkpt lat="37.505553542" lon="-118.923266307"/><trkpt lat="37.505695447" lon="-118.923035804"/><trkpt lat="37.50583048" lon="-118.922805134"/><trkpt lat="37.505951682" lon="-118.922574045"/><trkpt lat="37.506066179" lon="-118.922334155"/><trkpt lat="37.506151171" lon="-118.922206247"/><trkpt lat="37.506236583" lon="-118.922052272"/><trkpt lat="37.506245468" lon="-118.921931153"/><trkpt lat="37.506337585" lon="-118.921786062"/><trkpt lat="37.506369352" lon="-118.921960322"/><trkpt lat="37.506373711" lon="-118.922116561"/><trkpt lat="37.50634932" lon="-118.922341447"/><trkpt lat="37.506325683" lon="-118.922522916"/><trkpt lat="37.506292993" lon="-118.922834303"/><trkpt lat="37.506253179" lon="-118.92315424"/><trkpt lat="37.506220657" lon="-118.923456911"/><trkpt lat="37.506213617" lon="-118.923890423"/><trkpt lat="37.506199367" lon="-118.924341034"/><trkpt lat="37.506170869" lon="-118.924817294"/><trkpt lat="37.506089984" lon="-118.925118791"/><trkpt lat="37.506069867" lon="-118.925508549"/><trkpt lat="37.506089145" lon="-118.926020768"/><trkpt lat="37.506069951" lon="-118.926349841"/><trkpt lat="37.506079506" lon="-118.926610267"/><trkpt lat="37.506130971" lon="-118.926845798"/><trkpt lat="37.506160894" lon="-118.927132795"/><trkpt lat="37.506136755" lon="-118.927340331"/><trkpt lat="37.506221412" lon="-118.927654736"/><trkpt lat="37.506341105" lon="-118.927943995"/><trkpt lat="37.506603878" lon="-118.928358397"/><trkpt lat="37.506848797" lon="-118.92859024"/><trkpt lat="37.507101679" lon="-118.928761566"/><trkpt lat="37.507409379" lon="-118.928960301"/><trkpt lat="37.507799221" lon="-118.92920455"/><trkpt lat="37.508133994" lon="-118.929438656"/><trkpt lat="37.508488297" lon="-118.929742668"/><trkpt lat="37.50891896" lon="-118.930031341"/><trkpt lat="37.509335876" lon="-118.930310961"/><trkpt lat="37.509610131" lon="-118.930439455"/><trkpt lat="37.509903163" lon="-118.930689907"/><trkpt lat="37.510129726" lon="-118.930782527"/><trkpt lat="37.510295268" lon="-118.930795435"/><trkpt lat="37.510596514" lon="-118.930968018"/><trkpt lat="37.510913685" lon="-118.931010934"/><trkpt lat="37.511273688" lon="-118.930968186"/><trkpt lat="37.511647437" lon="-118.930925773"/><trkpt lat="37.511916161" lon="-118.930976065"/><trkpt lat="37.51204717" lon="-118.930988135"/><trkpt lat="37.512113973" lon="-118.931128616"/><trkpt lat="37.512188824" lon="-118.931199946"/><trkpt lat="37.512334418" lon="-118.931169016"/><trkpt lat="37.512591826" lon="-118.931062901"/><trkpt lat="37.512868093" lon="-118.931070026"/><trkpt lat="37.513116365" lon="-118.931102464"/><trkpt lat="37.513300432" lon="-118.931254679"/><trkpt lat="37.513458263" lon="-118.931319471"/><trkpt lat="37.513547027" lon="-118.931382503"/><trkpt lat="37.513565803" lon="-118.931504376"/><trkpt lat="37.513620201" lon="-118.931557853"/><trkpt lat="37.513610898" lon="-118.931705039"/><trkpt lat="37.513734531" lon="-118.931751642"/><trkpt lat="37.51375339" lon="-118.931864882"/><trkpt lat="37.513857242" lon="-118.931850214"/><trkpt lat="37.51396847" lon="-118.931809729"/><trkpt lat="37.514077015" lon="-118.931933949"/><trkpt lat="37.514260076" lon="-118.932146849"/><trkpt lat="37.514408352" lon="-118.932376262"/><trkpt lat="37.514468953" lon="-118.93247324"/><trkpt lat="37.514522262" lon="-118.932596035"/><trkpt lat="37.514740694" lon="-118.932757806"/><trkpt lat="37.514918558" lon="-118.932866519"/><trkpt lat="37.515145792" lon="-118.932915721"/><trkpt lat="37.515299432" lon="-118.932815641"/><trkpt lat="37.515480397" lon="-118.932733582"/><trkpt lat="37.515645772" lon="-118.932763841"/><trkpt lat="37.515818439" lon="-118.932768283"/><trkpt lat="37.515894715" lon="-118.932752945"/><trkpt lat="37.516023796" lon="-118.932886384"/><trkpt lat="37.516098311" lon="-118.932975065"/><trkpt lat="37.516066628" lon="-118.933225768"/><trkpt lat="37.516049109" lon="-118.933450822"/><trkpt lat="37.516031591" lon="-118.93367596"/><trkpt lat="37.515942911" lon="-118.934029257"/><trkpt lat="37.515924135" lon="-118.93433243"/><trkpt lat="37.515920866" lon="-118.934531836"/><trkpt lat="37.515875353" lon="-118.934782203"/><trkpt lat="37.515824139" lon="-118.934954368"/><trkpt lat="37.515738728" lon="-118.935108259"/><trkpt lat="37.51569489" lon="-118.935254607"/><trkpt lat="37.515726574" lon="-118.935428867"/><trkpt lat="37.515758257" lon="-118.935603211"/><trkpt lat="37.515837885" lon="-118.935804795"/><trkpt lat="37.515904857" lon="-118.935936643"/><trkpt lat="37.5160072" lon="-118.936017361"/><trkpt lat="37.516095964" lon="-118.936080309"/><trkpt lat="37.51618389" lon="-118.936195392"/><trkpt lat="37.516153967" lon="-118.936333358"/><trkpt lat="37.516082637" lon="-118.936470319"/><trkpt lat="37.516099149" lon="-118.936730996"/><trkpt lat="37.516082218" lon="-118.936921349"/><trkpt lat="37.516141227" lon="-118.937113713"/><trkpt lat="37.516222699" lon="-118.937202562"/><trkpt lat="37.516413135" lon="-118.93738973"/><trkpt lat="37.516543726" lon="-118.937427783"/><trkpt lat="37.516681021" lon="-118.937483355"/><trkpt lat="37.516762912" lon="-118.93754622"/><trkpt lat="37.516733157" lon="-118.937675552"/><trkpt lat="37.5166687" lon="-118.93781268"/><trkpt lat="37.516660234" lon="-118.937907899"/><trkpt lat="37.51676375" lon="-118.937919214"/><trkpt lat="37.516880678" lon="-118.9379483"/><trkpt lat="37.516990397" lon="-118.938003201"/><trkpt lat="37.517099446" lon="-118.93809272"/><trkpt lat="37.517043035" lon="-118.938160697"/><trkpt lat="37.516980087" lon="-118.938211072"/><trkpt lat="37.516847569" lon="-118.938285755"/><trkpt lat="37.516757045" lon="-118.938326743"/><trkpt lat="37.516638776" lon="-118.938375693"/><trkpt lat="37.516520089" lon="-118.938450711"/><trkpt lat="37.5165739" lon="-118.938538888"/><trkpt lat="37.516697953" lon="-118.938559424"/><trkpt lat="37.516869949" lon="-118.938607285"/><trkpt lat="37.516992828" lon="-118.938697223"/><trkpt lat="37.517143618" lon="-118.93877048"/><trkpt lat="37.517287284" lon="-118.938860921"/><trkpt lat="37.51738904" lon="-118.93897634"/><trkpt lat="37.517399853" lon="-118.939158814"/><trkpt lat="37.517494066" lon="-118.939308682"/><trkpt lat="37.517635133" lon="-118.939555278"/><trkpt lat="37.517756084" lon="-118.939766586"/><trkpt lat="37.517870665" lon="-118.939943025"/><trkpt lat="37.517966386" lon="-118.940006224"/><trkpt lat="37.518040733" lon="-118.940103622"/><trkpt lat="37.518157326" lon="-118.940158691"/><trkpt lat="37.518274589" lon="-118.940170342"/><trkpt lat="37.518386068" lon="-118.940112591"/><trkpt lat="37.518468713" lon="-118.940132037"/><trkpt lat="37.518584635" lon="-118.940221807"/><trkpt lat="37.51874716" lon="-118.940425571"/><trkpt lat="37.518889401" lon="-118.940602681"/><trkpt lat="37.519059721" lon="-118.940745927"/><trkpt lat="37.519155443" lon="-118.940809127"/><trkpt lat="37.519362811" lon="-118.940805858"/><trkpt lat="37.519534305" lon="-118.940879703"/><trkpt lat="37.519725831" lon="-118.940997468"/><trkpt lat="37.519903611" lon="-118.941114815"/><trkpt lat="37.520074937" lon="-118.941197377"/><trkpt lat="37.520133108" lon="-118.941441709"/><trkpt lat="37.520193206" lon="-118.941573389"/><trkpt lat="37.520306194" lon="-118.941845298"/><trkpt lat="37.520427061" lon="-118.942056606"/><trkpt lat="37.520562513" lon="-118.942224914"/><trkpt lat="37.520739203" lon="-118.94240303"/><trkpt lat="37.520868201" lon="-118.942545187"/><trkpt lat="37.520927629" lon="-118.942711568"/><trkpt lat="37.521008095" lon="-118.942861101"/><trkpt lat="37.521096608" lon="-118.942941483"/><trkpt lat="37.521108259" lon="-118.943071906"/><trkpt lat="37.521126615" lon="-118.943219846"/><trkpt lat="37.521250164" lon="-118.943266449"/><trkpt lat="37.52135938" lon="-118.943347335"/><trkpt lat="37.52150883" lon="-118.943507429"/><trkpt lat="37.521616705" lon="-118.94366635"/><trkpt lat="37.521723825" lon="-118.943877323"/><trkpt lat="37.521887273" lon="-118.944020402"/><trkpt lat="37.522071674" lon="-118.944155267"/><trkpt lat="37.522222549" lon="-118.944219975"/><trkpt lat="37.522320114" lon="-118.944170438"/><trkpt lat="37.5223839" lon="-118.944076644"/><trkpt lat="37.522507785" lon="-118.944105897"/><trkpt lat="37.522643572" lon="-118.944248222"/><trkpt lat="37.522806097" lon="-118.944451986"/><trkpt lat="37.52292051" lon="-118.944637142"/><trkpt lat="37.523000138" lon="-118.944838727"/><trkpt lat="37.523109186" lon="-118.944928329"/><trkpt lat="37.523301048" lon="-118.945028745"/><trkpt lat="37.523472542" lon="-118.945102589"/><trkpt lat="37.523672702" lon="-118.945116503"/><trkpt lat="37.523859283" lon="-118.945112647"/><trkpt lat="37.523968918" lon="-118.945167549"/><trkpt lat="37.524078721" lon="-118.945213817"/><trkpt lat="37.524174191" lon="-118.945294367"/><trkpt lat="37.524069585" lon="-118.94535237"/><trkpt lat="37.523978809" lon="-118.945410708"/><trkpt lat="37.523894906" lon="-118.945469297"/><trkpt lat="37.523857942" lon="-118.945615813"/><trkpt lat="37.523952657" lon="-118.945739698"/><trkpt lat="37.524084756" lon="-118.945691083"/><trkpt lat="37.524243677" lon="-118.945686556"/><trkpt lat="37.524403436" lon="-118.945638696"/><trkpt lat="37.524549281" lon="-118.945590416"/><trkpt lat="37.52473033" lon="-118.945508357"/><trkpt lat="37.524897214" lon="-118.945443314"/><trkpt lat="37.525000982" lon="-118.945437362"/><trkpt lat="37.525180355" lon="-118.94545069"/><trkpt lat="37.525373474" lon="-118.945473069"/><trkpt lat="37.525525019" lon="-118.945503077"/><trkpt lat="37.52568922" lon="-118.945602737"/><trkpt lat="37.525868509" lon="-118.945624782"/><trkpt lat="37.526069339" lon="-118.945595277"/><trkpt lat="37.526249634" lon="-118.945556637"/><trkpt lat="37.526416099" lon="-118.945517577"/><trkpt lat="37.52652674" lon="-118.945511794"/><trkpt lat="37.52658776" lon="-118.945582788"/><trkpt lat="37.526523052" lon="-118.945737267"/><trkpt lat="37.526423894" lon="-118.945882106"/><trkpt lat="37.526269164" lon="-118.946051588"/><trkpt lat="37.526100352" lon="-118.946229368"/><trkpt lat="37.526001949" lon="-118.946330957"/><trkpt lat="37.525902288" lon="-118.946510497"/><trkpt lat="37.525831209" lon="-118.946630107"/><trkpt lat="37.525927182" lon="-118.94667604"/><trkpt lat="37.526079146" lon="-118.94667998"/><trkpt lat="37.526280144" lon="-118.946641842"/><trkpt lat="37.526425906" lon="-118.946602279"/><trkpt lat="37.526614834" lon="-118.946459703"/><trkpt lat="37.526740562" lon="-118.946376219"/><trkpt lat="37.526852628" lon="-118.946283683"/><trkpt lat="37.52700543" lon="-118.946235655"/><trkpt lat="37.52713711" lon="-118.946213024"/><trkpt lat="37.527269041" lon="-118.946173126"/><trkpt lat="37.527338108" lon="-118.946174886"/><trkpt lat="37.52743517" lon="-118.946151417"/><trkpt lat="37.52741958" lon="-118.946263734"/><trkpt lat="37.527383287" lon="-118.946366915"/><trkpt lat="37.527338276" lon="-118.946582666"/><trkpt lat="37.527238447" lon="-118.946770923"/><trkpt lat="37.527118586" lon="-118.94691526"/><trkpt lat="37.527025547" lon="-118.947112402"/><trkpt lat="37.526910799" lon="-118.947369643"/><trkpt lat="37.526809797" lon="-118.947627302"/><trkpt lat="37.526779706" lon="-118.947773986"/><trkpt lat="37.526665544" lon="-118.947996525"/><trkpt lat="37.526530763" lon="-118.948209928"/><trkpt lat="37.52648022" lon="-118.948338758"/><trkpt lat="37.52652674" lon="-118.948452752"/><trkpt lat="37.526650038" lon="-118.948516706"/><trkpt lat="37.526808288" lon="-118.948555514"/><trkpt lat="37.527001575" lon="-118.948569261"/><trkpt lat="37.527174242" lon="-118.948573703"/><trkpt lat="37.527319165" lon="-118.948586192"/><trkpt lat="37.527427627" lon="-118.948710496"/><trkpt lat="37.527361913" lon="-118.948925659"/><trkpt lat="37.527317908" lon="-118.94908064"/><trkpt lat="37.527309107" lon="-118.949193209"/><trkpt lat="37.527308268" lon="-118.949245261"/><trkpt lat="37.527334001" lon="-118.949358668"/><trkpt lat="37.527414635" lon="-118.949499568"/><trkpt lat="37.527537933" lon="-118.949563522"/><trkpt lat="37.52768252" lon="-118.949593361"/><trkpt lat="37.527827779" lon="-118.949588416"/><trkpt lat="37.528026346" lon="-118.949524043"/><trkpt lat="37.528254082" lon="-118.949507112"/><trkpt lat="37.528417194" lon="-118.949545668"/><trkpt lat="37.528571002" lon="-118.949595373"/><trkpt lat="37.528695893" lon="-118.949747169"/><trkpt lat="37.528847521" lon="-118.949933834"/><trkpt lat="37.528925557" lon="-118.950164337"/><trkpt lat="37.528922539" lon="-118.950347062"/><trkpt lat="37.528921198" lon="-118.950426942"/><trkpt lat="37.528848527" lon="-118.950425098"/><trkpt lat="37.528776862" lon="-118.95035469"/><trkpt lat="37.528668903" lon="-118.950283276"/><trkpt lat="37.528578127" lon="-118.95026953"/><trkpt lat="37.528505372" lon="-118.950267602"/><trkpt lat="37.528494392" lon="-118.950381596"/><trkpt lat="37.528446447" lon="-118.950528782"/><trkpt lat="37.528355755" lon="-118.950515036"/><trkpt lat="37.528211754" lon="-118.950419901"/><trkpt lat="37.528084014" lon="-118.950439347"/><trkpt lat="37.527919225" lon="-118.950503636"/><trkpt lat="37.527871281" lon="-118.950650906"/><trkpt lat="37.527949987" lon="-118.950847127"/><trkpt lat="37.528029531" lon="-118.950986266"/><trkpt lat="37.528053252" lon="-118.951203944"/><trkpt lat="37.527996842" lon="-118.951316681"/><trkpt lat="37.527958537" lon="-118.95142992"/><trkpt lat="37.528000781" lon="-118.951625219"/><trkpt lat="37.528060125" lon="-118.9518895"/><trkpt lat="37.528110584" lon="-118.952142131"/><trkpt lat="37.528152242" lon="-118.952371627"/><trkpt lat="37.528102789" lon="-118.95261026"/><trkpt lat="37.527988208" lon="-118.952938495"/><trkpt lat="37.527911346" lon="-118.953187773"/><trkpt lat="37.527888212" lon="-118.953484157"/><trkpt lat="37.527893409" lon="-118.953724215"/><trkpt lat="37.527844291" lon="-118.953939965"/><trkpt lat="37.52775888" lon="-118.95413233"/><trkpt lat="37.527727447" lon="-118.954405244"/><trkpt lat="37.527686963" lon="-118.954655444"/><trkpt lat="37.52761689" lon="-118.955042018"/><trkpt lat="37.527599037" lon="-118.955179313"/><trkpt lat="37.527546985" lon="-118.955368074"/><trkpt lat="37.527449839" lon="-118.955583572"/><trkpt lat="37.527322015" lon="-118.955775937"/><trkpt lat="37.527176337" lon="-118.955967799"/><trkpt lat="37.526968382" lon="-118.956158068"/><trkpt lat="37.52679538" lon="-118.956382787"/><trkpt lat="37.526595891" lon="-118.956601219"/><trkpt lat="37.526432108" lon="-118.956809426"/><trkpt lat="37.526253406" lon="-118.957112264"/><trkpt lat="37.52608317" lon="-118.957443265"/><trkpt lat="37.526028436" lon="-118.957788432"/><trkpt lat="37.525971187" lon="-118.958021784"/><trkpt lat="37.525939923" lon="-118.95829495"/><trkpt lat="37.525872951" lon="-118.958572727"/><trkpt lat="37.525754599" lon="-118.959000204"/><trkpt lat="37.525619315" lon="-118.959371271"/><trkpt lat="37.525456287" lon="-118.959803106"/><trkpt lat="37.525343215" lon="-118.960174676"/><trkpt lat="37.525281943" lon="-118.960379949"/><trkpt lat="37.525270293" lon="-118.960547419"/><trkpt lat="37.525245482" lon="-118.960697707"/><trkpt lat="37.52510299" lon="-118.960967939"/><trkpt lat="37.524855891" lon="-118.9613696"/><trkpt lat="37.524704346" lon="-118.961645197"/><trkpt lat="37.52451106" lon="-118.962020287"/><trkpt lat="37.524331603" lon="-118.962373417"/><trkpt lat="37.524186177" lon="-118.962816903"/><trkpt lat="37.524213586" lon="-118.963041203"/><trkpt lat="37.524287682" lon="-118.96340657"/><trkpt lat="37.524399497" lon="-118.963644365"/><trkpt lat="37.524596136" lon="-118.963873191"/><trkpt lat="37.524829824" lon="-118.964013504"/><trkpt lat="37.525076838" lon="-118.964154152"/><trkpt lat="37.525249505" lon="-118.96421467"/><trkpt lat="37.525479337" lon="-118.964321287"/><trkpt lat="37.525669187" lon="-118.964421367"/><trkpt lat="37.525836993" lon="-118.964504013"/><trkpt lat="37.52603028" lon="-118.9646657"/><trkpt lat="37.526191799" lon="-118.964859992"/><trkpt lat="37.526397407" lon="-118.965083538"/><trkpt lat="37.526654983" lon="-118.965392159"/><trkpt lat="37.526864028" lon="-118.965677228"/><trkpt lat="37.527162926" lon="-118.966177125"/><trkpt lat="37.527415557" lon="-118.966519274"/><trkpt lat="37.527659889" lon="-118.966822028"/><trkpt lat="37.5278976" lon="-118.966990421"/><trkpt lat="37.528108321" lon="-118.967169374"/><trkpt lat="37.528329603" lon="-118.967253445"/><trkpt lat="37.528568571" lon="-118.967343634"/><trkpt lat="37.528824052" lon="-118.967512529"/><trkpt lat="37.529053381" lon="-118.967647143"/><trkpt lat="37.529291008" lon="-118.967815535"/><trkpt lat="37.529455293" lon="-118.967847805"/><trkpt lat="37.529648328" lon="-118.96802064"/><trkpt lat="37.529859217" lon="-118.968193978"/><trkpt lat="37.530038925" lon="-118.968366478"/><trkpt lat="37.530302368" lon="-118.968591448"/><trkpt lat="37.530486519" lon="-118.968764031"/><trkpt lat="37.530639991" lon="-118.968907865"/><trkpt lat="37.530753314" lon="-118.969056224"/><trkpt lat="37.530899579" lon="-118.96936208"/><trkpt lat="37.531061517" lon="-118.969534077"/><trkpt lat="37.531206859" lon="-118.969632983"/><trkpt lat="37.531395117" lon="-118.969822414"/><trkpt lat="37.531549176" lon="-118.96993272"/><trkpt lat="37.531743636" lon="-118.970021736"/><trkpt lat="37.53194673" lon="-118.970127767"/><trkpt lat="37.532106657" lon="-118.970148722"/><trkpt lat="37.532319557" lon="-118.970199097"/><trkpt lat="37.532511083" lon="-118.970198594"/><trkpt lat="37.532662461" lon="-118.970202534"/><trkpt lat="37.532871421" lon="-118.970219214"/><trkpt lat="37.533030929" lon="-118.970268164"/><trkpt lat="37.533301245" lon="-118.970348043"/><trkpt lat="37.533518421" lon="-118.97040965"/><trkpt lat="37.533661919" lon="-118.970351899"/><trkpt lat="37.533839867" lon="-118.970362209"/><trkpt lat="37.534048576" lon="-118.970395653"/><trkpt lat="37.53424882" lon="-118.970406549"/><trkpt lat="37.534421487" lon="-118.970467066"/><trkpt lat="37.534630699" lon="-118.970472515"/><trkpt lat="37.534791967" lon="-118.970415266"/><trkpt lat="37.535014926" lon="-118.970393222"/><trkpt lat="37.535202093" lon="-118.970386935"/><trkpt lat="37.535358081" lon="-118.970379895"/><trkpt lat="37.535514738" lon="-118.97033371"/><trkpt lat="37.535650609" lon="-118.970197504"/><trkpt lat="37.535826294" lon="-118.970073536"/><trkpt lat="37.536004912" lon="-118.970044702"/><trkpt lat="37.536135083" lon="-118.969981"/><trkpt lat="37.536304398" lon="-118.96997991"/><trkpt lat="37.536398359" lon="-118.969948813"/><trkpt lat="37.536471952" lon="-118.969810931"/><trkpt lat="37.536491817" lon="-118.969688471"/><trkpt lat="37.536547724" lon="-118.969538938"/><trkpt lat="37.536590388" lon="-118.969383454"/><trkpt lat="37.536654677" lon="-118.969267784"/><trkpt lat="37.536697844" lon="-118.96934716"/><trkpt lat="37.536732377" lon="-118.969415221"/><trkpt lat="37.536797337" lon="-118.96952318"/><trkpt lat="37.536904374" lon="-118.969514798"/><trkpt lat="37.537042508" lon="-118.969507255"/><trkpt lat="37.537203608" lon="-118.969461154"/><trkpt lat="37.537307208" lon="-118.969391165"/><trkpt lat="37.537459508" lon="-118.969339281"/><trkpt lat="37.537588589" lon="-118.969342718"/><trkpt lat="37.537708785" lon="-118.969345903"/><trkpt lat="37.537807524" lon="-118.969298126"/><trkpt lat="37.537866617" lon="-118.969227048"/><trkpt lat="37.537907185" lon="-118.969194526"/><trkpt lat="37.537968373" lon="-118.969263257"/><trkpt lat="37.538011037" lon="-118.969376246"/><trkpt lat="37.538026627" lon="-118.969510859"/><trkpt lat="37.53808572" lon="-118.969439697"/><trkpt lat="37.538158558" lon="-118.969340958"/><trkpt lat="37.538244557" lon="-118.969259318"/><trkpt lat="37.538315132" lon="-118.969300389"/><trkpt lat="37.538383864" lon="-118.969453191"/><trkpt lat="37.5383987" lon="-118.96963248"/><trkpt lat="37.538417643" lon="-118.969828701"/><trkpt lat="37.5384246" lon="-118.969946299"/><trkpt lat="37.538418481" lon="-118.970046798"/><trkpt lat="37.53839409" lon="-118.970174789"/><trkpt lat="37.538444046" lon="-118.970114607"/><trkpt lat="37.538494002" lon="-118.970060041"/><trkpt lat="37.53853499" lon="-118.97000514"/><trkpt lat="37.538560554" lon="-118.970072949"/><trkpt lat="37.538590562" lon="-118.970140843"/><trkpt lat="37.53858461" lon="-118.970230194"/><trkpt lat="37.538610091" lon="-118.970309151"/><trkpt lat="37.538655354" lon="-118.970265565"/><trkpt lat="37.538692318" lon="-118.970182668"/><trkpt lat="37.538769096" lon="-118.970117625"/><trkpt lat="37.538848557" lon="-118.970158864"/><trkpt lat="37.538927179" lon="-118.970250394"/><trkpt lat="37.53900052" lon="-118.970392132"/><trkpt lat="37.539043603" lon="-118.970482741"/><trkpt lat="37.538992474" lon="-118.970609978"/><trkpt lat="37.539006807" lon="-118.970817262"/><trkpt lat="37.5390172" lon="-118.970996551"/><trkpt lat="37.539046453" lon="-118.97110912"/><trkpt lat="37.539062547" lon="-118.971215822"/><trkpt lat="37.539073527" lon="-118.971355883"/><trkpt lat="37.539097499" lon="-118.971524276"/><trkpt lat="37.538976129" lon="-118.971906658"/><trkpt lat="37.53881176" lon="-118.972361628"/><trkpt lat="37.538493667" lon="-118.97263756"/><trkpt lat="37.538322927" lon="-118.973104516"/><trkpt lat="37.538147913" lon="-118.973525204"/><trkpt lat="37.537983544" lon="-118.973980173"/><trkpt lat="37.537856055" lon="-118.974076146"/><trkpt lat="37.537722029" lon="-118.974211933"/><trkpt lat="37.537539471" lon="-118.974346379"/><trkpt lat="37.537398236" lon="-118.974499432"/><trkpt lat="37.537332689" lon="-118.974689282"/><trkpt lat="37.537191287" lon="-118.974850969"/><trkpt lat="37.537074694" lon="-118.975187503"/><trkpt lat="37.536970591" lon="-118.975611376"/><trkpt lat="37.53692315" lon="-118.97595847"/><trkpt lat="37.536892556" lon="-118.976131808"/><trkpt lat="37.536953324" lon="-118.976229122"/><trkpt lat="37.537050471" lon="-118.976223003"/><trkpt lat="37.53714812" lon="-118.976190817"/><trkpt lat="37.537211487" lon="-118.976131473"/><trkpt lat="37.537216349" lon="-118.976253513"/><trkpt lat="37.537192712" lon="-118.976427102"/><trkpt lat="37.537126662" lon="-118.97664302"/><trkpt lat="37.537031192" lon="-118.976962622"/><trkpt lat="37.536896328" lon="-118.977150628"/><trkpt lat="37.536743861" lon="-118.977555893"/><trkpt lat="37.536658281" lon="-118.977701655"/><trkpt lat="37.536577061" lon="-118.977995524"/><trkpt lat="37.536488632" lon="-118.97830666"/><trkpt lat="37.536382098" lon="-118.978460552"/><trkpt lat="37.536191577" lon="-118.978655767"/><trkpt lat="37.536077499" lon="-118.97884436"/><trkpt lat="37.536079427" lon="-118.979140492"/><trkpt lat="37.536060484" lon="-118.979444671"/><trkpt lat="37.535946406" lon="-118.979633264"/><trkpt lat="37.53583258" lon="-118.979804423"/><trkpt lat="37.535766447" lon="-118.980029058"/><trkpt lat="37.535693021" lon="-118.980270876"/><trkpt lat="37.53566863" lon="-118.980487883"/><trkpt lat="37.53567257" lon="-118.980662143"/><trkpt lat="37.535758317" lon="-118.98092567"/><trkpt lat="37.535856469" lon="-118.981276536"/><trkpt lat="37.535998123" lon="-118.981515421"/><trkpt lat="37.53614028" lon="-118.981719436"/><trkpt lat="37.536283946" lon="-118.981836447"/><trkpt lat="37.536420655" lon="-118.981953291"/><trkpt lat="37.536613857" lon="-118.982010707"/><trkpt lat="37.536807228" lon="-118.982059322"/><trkpt lat="37.53694511" lon="-118.982106512"/><trkpt lat="37.537102187" lon="-118.982250011"/><trkpt lat="37.537260856" lon="-118.982297787"/><trkpt lat="37.5374409" lon="-118.982311282"/><trkpt lat="37.537551541" lon="-118.98233165"/><trkpt lat="37.537703421" lon="-118.982370459"/><trkpt lat="37.537807273" lon="-118.982381942"/><trkpt lat="37.537918333" lon="-118.982376158"/><trkpt lat="37.537943814" lon="-118.982507503"/><trkpt lat="37.537946664" lon="-118.982751416"/><trkpt lat="37.537955884" lon="-118.983030282"/><trkpt lat="37.537985304" lon="-118.98334452"/><trkpt lat="37.537961164" lon="-118.983544176"/><trkpt lat="37.537894528" lon="-118.983794879"/><trkpt lat="37.537807943" lon="-118.98399286"/><trkpt lat="37.537756395" lon="-118.984174412"/><trkpt lat="37.537731919" lon="-118.984391419"/><trkpt lat="37.537734099" lon="-118.984678835"/><trkpt lat="37.537736613" lon="-118.984940099"/><trkpt lat="37.537787994" lon="-118.985185353"/><trkpt lat="37.537846668" lon="-118.98540454"/><trkpt lat="37.537856475" lon="-118.985648621"/><trkpt lat="37.53784541" lon="-118.985892199"/><trkpt lat="37.537853625" lon="-118.986232001"/><trkpt lat="37.537869718" lon="-118.986511035"/><trkpt lat="37.537913304" lon="-118.986808257"/><trkpt lat="37.537978096" lon="-118.987079915"/><trkpt lat="37.538022017" lon="-118.987351069"/><trkpt lat="37.538068537" lon="-118.987474199"/><trkpt lat="37.538191667" lon="-118.987573273"/><trkpt lat="37.538398113" lon="-118.98766581"/><trkpt lat="37.538577318" lon="-118.987731524"/><trkpt lat="37.538687792" lon="-118.987760609"/><trkpt lat="37.538805138" lon="-118.987789862"/><trkpt lat="37.538906308" lon="-118.987958003"/><trkpt lat="37.539082495" lon="-118.988206526"/><trkpt lat="37.539306376" lon="-118.988499809"/><trkpt lat="37.539475355" lon="-118.988756882"/><trkpt lat="37.539686328" lon="-118.98899761"/><trkpt lat="37.539857235" lon="-118.989141444"/><trkpt lat="37.539994279" lon="-118.989240937"/><trkpt lat="37.540128892" lon="-118.98947957"/><trkpt lat="37.540292172" lon="-118.989666821"/><trkpt lat="37.540421505" lon="-118.989809565"/><trkpt lat="37.540586125" lon="-118.989918446"/><trkpt lat="37.540828278" lon="-118.989951052"/><trkpt lat="37.541168164" lon="-118.98994267"/><trkpt lat="37.541431524" lon="-118.989949711"/><trkpt lat="37.541777194" lon="-118.99001115"/><trkpt lat="37.542046672" lon="-118.990070662"/><trkpt lat="37.542267116" lon="-118.9901549"/><trkpt lat="37.542486135" lon="-118.990326142"/><trkpt lat="37.542697946" lon="-118.990514651"/><trkpt lat="37.542917049" lon="-118.99067726"/><trkpt lat="37.543040933" lon="-118.990732832"/><trkpt lat="37.543137157" lon="-118.99078765"/><trkpt lat="37.543191724" lon="-118.990841378"/><trkpt lat="37.543188035" lon="-118.991058972"/><trkpt lat="37.543199267" lon="-118.991216049"/><trkpt lat="37.543099439" lon="-118.991378825"/><trkpt lat="37.543012602" lon="-118.991594156"/><trkpt lat="37.542933142" lon="-118.991783671"/><trkpt lat="37.542950073" lon="-118.992010485"/><trkpt lat="37.542934064" lon="-118.99214074"/><trkpt lat="37.542883018" lon="-118.992287423"/><trkpt lat="37.542884359" lon="-118.992618341"/><trkpt lat="37.542856699" lon="-118.993026875"/><trkpt lat="37.542842701" lon="-118.993444545"/><trkpt lat="37.542900536" lon="-118.993716035"/><trkpt lat="37.542953677" lon="-118.993856767"/><trkpt lat="37.542971363" lon="-118.994040079"/><trkpt lat="37.543030959" lon="-118.994207131"/><trkpt lat="37.543125674" lon="-118.994349036"/><trkpt lat="37.543173451" lon="-118.99439388"/><trkpt lat="37.543198345" lon="-118.994560009"/><trkpt lat="37.54323598" lon="-118.994796127"/><trkpt lat="37.543378053" lon="-118.99500886"/><trkpt lat="37.543562539" lon="-118.995170547"/><trkpt lat="37.543726489" lon="-118.995314296"/><trkpt lat="37.543842914" lon="-118.995404486"/><trkpt lat="37.544029998" lon="-118.995409515"/><trkpt lat="37.544266284" lon="-118.995380932"/><trkpt lat="37.544502318" lon="-118.995361151"/><trkpt lat="37.544730641" lon="-118.995393422"/><trkpt lat="37.544861566" lon="-118.995440444"/><trkpt lat="37.545123668" lon="-118.995525772"/><trkpt lat="37.545358529" lon="-118.995575644"/><trkpt lat="37.545579895" lon="-118.995607663"/><trkpt lat="37.545863623" lon="-118.995641358"/><trkpt lat="37.54615414" lon="-118.995684022"/><trkpt lat="37.54638833" lon="-118.995777313"/><trkpt lat="37.54662931" lon="-118.995879572"/><trkpt lat="37.546988139" lon="-118.995984932"/><trkpt lat="37.547325678" lon="-118.996115942"/><trkpt lat="37.54758032" lon="-118.996227253"/><trkpt lat="37.547855666" lon="-118.996347785"/><trkpt lat="37.54809564" lon="-118.996510981"/><trkpt lat="37.548384061" lon="-118.996675434"/><trkpt lat="37.548568547" lon="-118.996837204"/><trkpt lat="37.548731659" lon="-118.997033089"/><trkpt lat="37.548927795" lon="-118.997325785"/><trkpt lat="37.549068695" lon="-118.997608256"/><trkpt lat="37.549231052" lon="-118.997847727"/><trkpt lat="37.549414784" lon="-118.998052916"/><trkpt lat="37.54957689" lon="-118.998309821"/><trkpt lat="37.549629109" lon="-118.998502856"/><trkpt lat="37.549575381" lon="-118.998806197"/><trkpt lat="37.549535064" lon="-118.999144826"/><trkpt lat="37.54947002" lon="-118.999299807"/><trkpt lat="37.549327696" lon="-118.999513714"/><trkpt lat="37.549198782" lon="-118.999754107"/><trkpt lat="37.54902184" lon="-118.999967091"/><trkpt lat="37.548873816" lon="-119.000111176"/><trkpt lat="37.548738616" lon="-119.000316616"/><trkpt lat="37.548630321" lon="-119.000566229"/><trkpt lat="37.548493948" lon="-119.000841239"/><trkpt lat="37.548415661" lon="-119.000961101"/><trkpt lat="37.548300745" lon="-119.001193196"/><trkpt lat="37.548254477" lon="-119.001470637"/><trkpt lat="37.548187254" lon="-119.001756208"/><trkpt lat="37.548011318" lon="-119.001908256"/><trkpt lat="37.547849044" lon="-119.002069356"/><trkpt lat="37.547733877" lon="-119.002318801"/><trkpt lat="37.547612507" lon="-119.002524577"/><trkpt lat="37.54741461" lon="-119.002745692"/><trkpt lat="37.547253426" lon="-119.002845855"/><trkpt lat="37.547068689" lon="-119.003110891"/><trkpt lat="37.546904823" lon="-119.003367797"/><trkpt lat="37.546783285" lon="-119.003582206"/><trkpt lat="37.546729809" lon="-119.003876913"/><trkpt lat="37.546682032" lon="-119.004241358"/><trkpt lat="37.546668705" lon="-119.004615527"/><trkpt lat="37.546691" lon="-119.004938314"/><trkpt lat="37.546712961" lon="-119.005278535"/><trkpt lat="37.546790075" lon="-119.0056377"/><trkpt lat="37.54685713" lon="-119.005770134"/><trkpt lat="37.546976991" lon="-119.006060734"/><trkpt lat="37.547193496" lon="-119.006380085"/><trkpt lat="37.547392817" lon="-119.006481254"/><trkpt lat="37.547654165" lon="-119.006610168"/><trkpt lat="37.547867233" lon="-119.00672039"/><trkpt lat="37.548017101" lon="-119.006881155"/><trkpt lat="37.548157247" lon="-119.007198494"/><trkpt lat="37.548312228" lon="-119.007463949"/><trkpt lat="37.548432006" lon="-119.007763267"/><trkpt lat="37.548524877" lon="-119.008009611"/><trkpt lat="37.548583969" lon="-119.008202814"/><trkpt lat="37.548663178" lon="-119.008440021"/><trkpt lat="37.548708022" lon="-119.008658957"/><trkpt lat="37.548711374" lon="-119.008868085"/><trkpt lat="37.54873543" lon="-119.009086434"/><trkpt lat="37.548683295" lon="-119.009294054"/><trkpt lat="37.54855413" lon="-119.009551881"/><trkpt lat="37.548444662" lon="-119.009871148"/><trkpt lat="37.548350617" lon="-119.010103745"/><trkpt lat="37.548283646" lon="-119.010371966"/><trkpt lat="37.548268642" lon="-119.010841856"/><trkpt lat="37.548366291" lon="-119.011218958"/><trkpt lat="37.548532756" lon="-119.011624055"/><trkpt lat="37.548678853" lon="-119.012002498"/><trkpt lat="37.548810616" lon="-119.012406673"/><trkpt lat="37.548916312" lon="-119.012714289"/><trkpt lat="37.548932238" lon="-119.013002124"/><trkpt lat="37.549004741" lon="-119.013221813"/><trkpt lat="37.549091326" lon="-119.013433205"/><trkpt lat="37.549227113" lon="-119.013602268"/><trkpt lat="37.549326774" lon="-119.013857581"/><trkpt lat="37.549426602" lon="-119.014104092"/><trkpt lat="37.549553923" lon="-119.014360076"/><trkpt lat="37.549660876" lon="-119.014598122"/><trkpt lat="37.549794568" lon="-119.014889142"/><trkpt lat="37.549961619" lon="-119.015259454"/><trkpt lat="37.550179046" lon="-119.015517868"/><trkpt lat="37.550381469" lon="-119.015845601"/><trkpt lat="37.550479369" lon="-119.016205268"/><trkpt lat="37.550723283" lon="-119.016542807"/><trkpt lat="37.550910618" lon="-119.016939858"/><trkpt lat="37.551064258" lon="-119.0172836"/><trkpt lat="37.551189568" lon="-119.01766154"/><trkpt lat="37.551309094" lon="-119.017969575"/><trkpt lat="37.551400792" lon="-119.018285573"/><trkpt lat="37.55153331" lon="-119.018646246"/><trkpt lat="37.551578404" lon="-119.018847831"/><trkpt lat="37.551608747" lon="-119.019101216"/><trkpt lat="37.551569268" lon="-119.019378824"/><trkpt lat="37.551508751" lon="-119.01967328"/><trkpt lat="37.551498273" lon="-119.019882074"/><trkpt lat="37.551439265" lon="-119.020089442"/><trkpt lat="37.551428033" lon="-119.020341737"/><trkpt lat="37.551477654" lon="-119.020682713"/><trkpt lat="37.551542781" lon="-119.020928387"/><trkpt lat="37.551587289" lon="-119.021164756"/><trkpt lat="37.551556109" lon="-119.021364162"/><trkpt lat="37.551525095" lon="-119.021554934"/><trkpt lat="37.551604304" lon="-119.021792226"/><trkpt lat="37.551647471" lon="-119.022106966"/><trkpt lat="37.551662391" lon="-119.02244702"/><trkpt lat="37.551635485" lon="-119.022803418"/><trkpt lat="37.551645376" lon="-119.023038782"/><trkpt lat="37.551604137" lon="-119.023420913"/><trkpt lat="37.551560802" lon="-119.023924833"/><trkpt lat="37.551469943" lon="-119.024375277"/><trkpt lat="37.551450245" lon="-119.024714408"/><trkpt lat="37.551433733" lon="-119.025271386"/><trkpt lat="37.551377155" lon="-119.025740102"/><trkpt lat="37.551356871" lon="-119.026114102"/><trkpt lat="37.551337676" lon="-119.026427083"/><trkpt lat="37.551295264" lon="-119.026878783"/><trkpt lat="37.551317392" lon="-119.027201654"/><trkpt lat="37.551208679" lon="-119.027477419"/><trkpt lat="37.551202979" lon="-119.027808169"/><trkpt lat="37.551183617" lon="-119.02812995"/><trkpt lat="37.551248409" lon="-119.028392974"/><trkpt lat="37.551428117" lon="-119.028833276"/><trkpt lat="37.551541692" lon="-119.02908029"/><trkpt lat="37.551709916" lon="-119.029380949"/><trkpt lat="37.551823407" lon="-119.029636597"/><trkpt lat="37.551978808" lon="-119.029875984"/><trkpt lat="37.552045276" lon="-119.030043287"/><trkpt lat="37.552096071" lon="-119.030314609"/><trkpt lat="37.552236216" lon="-119.030632032"/><trkpt lat="37.552336128" lon="-119.03086991"/><trkpt lat="37.552450961" lon="-119.031047188"/><trkpt lat="37.552574174" lon="-119.031137628"/><trkpt lat="37.552781375" lon="-119.03118683"/><trkpt lat="37.552977428" lon="-119.031078955"/><trkpt lat="37.553228131" lon="-119.031016091"/><trkpt lat="37.553436756" lon="-119.030978205"/><trkpt lat="37.553610764" lon="-119.030939396"/><trkpt lat="37.553728782" lon="-119.030933948"/><trkpt lat="37.553882757" lon="-119.030850967"/><trkpt lat="37.5540426" lon="-119.030829258"/><trkpt lat="37.554172603" lon="-119.030928584"/><trkpt lat="37.554310067" lon="-119.031002009"/><trkpt lat="37.554518776" lon="-119.030964123"/><trkpt lat="37.554671327" lon="-119.030959597"/><trkpt lat="37.554836953" lon="-119.031007625"/><trkpt lat="37.554946924" lon="-119.031062862"/><trkpt lat="37.555086315" lon="-119.031023132"/><trkpt lat="37.555223275" lon="-119.031122625"/><trkpt lat="37.555333748" lon="-119.031151794"/><trkpt lat="37.555473056" lon="-119.031112064"/><trkpt lat="37.555633234" lon="-119.031072836"/><trkpt lat="37.555709174" lon="-119.031092366"/><trkpt lat="37.555777486" lon="-119.031155147"/><trkpt lat="37.555874046" lon="-119.031183897"/><trkpt lat="37.556028273" lon="-119.031083565"/><trkpt lat="37.556175375" lon="-119.031000501"/><trkpt lat="37.556245448" lon="-119.030958842"/><trkpt lat="37.556294398" lon="-119.030934032"/><trkpt lat="37.556501096" lon="-119.031009385"/><trkpt lat="37.556652054" lon="-119.03110058"/><trkpt lat="37.556817345" lon="-119.031166043"/><trkpt lat="37.556906864" lon="-119.031203343"/><trkpt lat="37.557017338" lon="-119.031232428"/><trkpt lat="37.557145581" lon="-119.031436276"/><trkpt lat="37.557237949" lon="-119.031708771"/><trkpt lat="37.557378849" lon="-119.031982692"/><trkpt lat="37.55748027" lon="-119.032133482"/><trkpt lat="37.55769996" lon="-119.03226139"/><trkpt lat="37.557905903" lon="-119.032380246"/><trkpt lat="37.558125928" lon="-119.032490803"/><trkpt lat="37.558201281" lon="-119.032545118"/><trkpt lat="37.558296835" lon="-119.032634804"/><trkpt lat="37.55841326" lon="-119.03271636"/><trkpt lat="37.558584334" lon="-119.032851644"/><trkpt lat="37.558664633" lon="-119.033019366"/><trkpt lat="37.55874468" lon="-119.033204438"/><trkpt lat="37.558854064" lon="-119.033294544"/><trkpt lat="37.559005441" lon="-119.033359587"/><trkpt lat="37.559086829" lon="-119.033466373"/><trkpt lat="37.559243068" lon="-119.033653541"/><trkpt lat="37.559378268" lon="-119.033857556"/><trkpt lat="37.559555462" lon="-119.034036594"/><trkpt lat="37.559692003" lon="-119.034162238"/><trkpt lat="37.559854863" lon="-119.034367008"/><trkpt lat="37.560012192" lon="-119.03449324"/><trkpt lat="37.560205059" lon="-119.034568174"/><trkpt lat="37.560350904" lon="-119.034554763"/><trkpt lat="37.560483757" lon="-119.034488713"/><trkpt lat="37.56055383" lon="-119.034447055"/><trkpt lat="37.56066489" lon="-119.034441356"/><trkpt lat="37.560733873" lon="-119.034460718"/><trkpt lat="37.560824146" lon="-119.034454431"/><trkpt lat="37.560901428" lon="-119.03439559"/><trkpt lat="37.561048949" lon="-119.034286374"/><trkpt lat="37.561176354" lon="-119.034133069"/><trkpt lat="37.561303843" lon="-119.033979764"/><trkpt lat="37.561410042" lon="-119.03385194"/><trkpt lat="37.561543398" lon="-119.033759823"/><trkpt lat="37.561655128" lon="-119.033710621"/><trkpt lat="37.561808266" lon="-119.033702994"/><trkpt lat="37.561905244" lon="-119.033698468"/><trkpt lat="37.562020328" lon="-119.033637196"/><trkpt lat="37.562191822" lon="-119.033606015"/><trkpt lat="37.562311348" lon="-119.033616493"/><trkpt lat="37.562429029" lon="-119.033734258"/><trkpt lat="37.562621813" lon="-119.033789579"/><trkpt lat="37.562786685" lon="-119.033815563"/><trkpt lat="37.562918365" lon="-119.033783376"/><trkpt lat="37.563079214" lon="-119.033709029"/><trkpt lat="37.563199997" lon="-119.033647841"/><trkpt lat="37.563330838" lon="-119.03365857"/><trkpt lat="37.56348297" lon="-119.033763008"/><trkpt lat="37.56362278" lon="-119.033917151"/><trkpt lat="37.563783713" lon="-119.034172129"/><trkpt lat="37.563927043" lon="-119.03445527"/><trkpt lat="37.564014634" lon="-119.03466532"/><trkpt lat="37.564125191" lon="-119.034861708"/><trkpt lat="37.564093927" lon="-119.03502549"/><trkpt lat="37.564055119" lon="-119.035289353"/><trkpt lat="37.564045647" lon="-119.035511138"/><trkpt lat="37.56399502" lon="-119.035803247"/><trkpt lat="37.563961577" lon="-119.036088819"/><trkpt lat="37.563889995" lon="-119.036272969"/><trkpt lat="37.563828472" lon="-119.036536245"/><trkpt lat="37.563784048" lon="-119.036799939"/><trkpt lat="37.563715065" lon="-119.037163211"/><trkpt lat="37.563694529" lon="-119.037363203"/><trkpt lat="37.563640801" lon="-119.037504941"/><trkpt lat="37.563570058" lon="-119.037639052"/><trkpt lat="37.563548516" lon="-119.037896208"/><trkpt lat="37.563554971" lon="-119.038182786"/><trkpt lat="37.563559329" lon="-119.038261659"/><trkpt lat="37.563647339" lon="-119.038443044"/><trkpt lat="37.563680448" lon="-119.038508423"/><trkpt lat="37.563843727" lon="-119.038627446"/><trkpt lat="37.563944729" lon="-119.038716126"/><trkpt lat="37.564083701" lon="-119.038920393"/><trkpt lat="37.564179674" lon="-119.038973199"/><trkpt lat="37.564304816" lon="-119.038990885"/><trkpt lat="37.564393999" lon="-119.039107896"/><trkpt lat="37.564576389" lon="-119.039105717"/><trkpt lat="37.564768167" lon="-119.039225578"/><trkpt lat="37.565001687" lon="-119.039231949"/><trkpt lat="37.565314835" lon="-119.039254831"/><trkpt lat="37.565554474" lon="-119.039239911"/><trkpt lat="37.565731583" lon="-119.039216107"/><trkpt lat="37.565937191" lon="-119.039193057"/><trkpt lat="37.566165011" lon="-119.039199259"/><trkpt lat="37.566386964" lon="-119.039219711"/><trkpt lat="37.566489056" lon="-119.039251143"/><trkpt lat="37.566612521" lon="-119.039361868"/><trkpt lat="37.5667354" lon="-119.039508468"/><trkpt lat="37.566869427" lon="-119.039669652"/><trkpt lat="37.567031616" lon="-119.039845923"/><trkpt lat="37.567216521" lon="-119.040030073"/><trkpt lat="37.567368736" lon="-119.040127303"/><trkpt lat="37.567544505" lon="-119.040182205"/><trkpt lat="37.567822449" lon="-119.040261414"/><trkpt lat="37.568060998" lon="-119.040310951"/><trkpt lat="37.568225283" lon="-119.040365517"/><trkpt lat="37.568360902" lon="-119.040433662"/><trkpt lat="37.568423012" lon="-119.040471213"/><trkpt lat="37.568553267" lon="-119.040517733"/><trkpt lat="37.568672542" lon="-119.040542459"/><trkpt lat="37.568781255" lon="-119.04051681"/><trkpt lat="37.56899382" lon="-119.040422346"/><trkpt lat="37.569257263" lon="-119.040350765"/><trkpt lat="37.569457842" lon="-119.040284716"/><trkpt lat="37.569664037" lon="-119.040225875"/><trkpt lat="37.56977912" lon="-119.040164603"/><trkpt lat="37.570009623" lon="-119.040020518"/><trkpt lat="37.570188073" lon="-119.039918007"/><trkpt lat="37.570435256" lon="-119.039795883"/><trkpt lat="37.570710685" lon="-119.039688846"/><trkpt lat="37.570986282" lon="-119.039574601"/><trkpt lat="37.571180491" lon="-119.039551299"/><trkpt lat="37.571351901" lon="-119.039527327"/><trkpt lat="37.571533034" lon="-119.039596729"/><trkpt lat="37.571719447" lon="-119.039694881"/><trkpt lat="37.571906699" lon="-119.039742993"/><trkpt lat="37.572224373" lon="-119.0398305"/><trkpt lat="37.572519584" lon="-119.039903004"/><trkpt lat="37.572717564" lon="-119.039987158"/><trkpt lat="37.572818398" lon="-119.040090172"/><trkpt lat="37.573053595" lon="-119.040332912"/><trkpt lat="37.573310332" lon="-119.040647903"/><trkpt lat="37.573443521" lon="-119.040859211"/><trkpt lat="37.573620882" lon="-119.041150482"/><trkpt lat="37.573767984" lon="-119.041541247"/><trkpt lat="37.573943082" lon="-119.041961432"/><trkpt lat="37.57407493" lon="-119.042251445"/><trkpt lat="37.574251285" lon="-119.042600049"/><trkpt lat="37.574378438" lon="-119.042825522"/><trkpt lat="37.57443619" lon="-119.043113524"/><trkpt lat="37.574436776" lon="-119.043407142"/><trkpt lat="37.574450187" lon="-119.043622389"/><trkpt lat="37.574503412" lon="-119.043838643"/><trkpt lat="37.574698711" lon="-119.044080377"/><trkpt lat="37.574833492" lon="-119.044198645"/><trkpt lat="37.575009093" lon="-119.044260755"/><trkpt lat="37.575105065" lon="-119.044313477"/><trkpt lat="37.575233728" lon="-119.04445312"/><trkpt lat="37.575373705" lon="-119.044600138"/><trkpt lat="37.575694313" lon="-119.044845309"/><trkpt lat="37.57594116" lon="-119.045074051"/><trkpt lat="37.576126568" lon="-119.045229536"/><trkpt lat="37.576364446" lon="-119.04531478"/><trkpt lat="37.576533761" lon="-119.045412596"/><trkpt lat="37.576805502" lon="-119.045520304"/><trkpt lat="37.576936176" lon="-119.045545366"/><trkpt lat="37.577083195" lon="-119.045613846"/><trkpt lat="37.577225268" lon="-119.045639243"/><trkpt lat="37.577437162" lon="-119.04558057"/><trkpt lat="37.577706305" lon="-119.045509156"/><trkpt lat="37.57793555" lon="-119.045436736"/><trkpt lat="37.578032864" lon="-119.045410752"/><trkpt lat="37.578186588" lon="-119.045422068"/><trkpt lat="37.578448355" lon="-119.045443609"/><trkpt lat="37.578675756" lon="-119.045478478"/><trkpt lat="37.578886393" lon="-119.04549147"/><trkpt lat="37.578914808" lon="-119.045499349"/><trkpt lat="37.579010362" lon="-119.045573613"/><trkpt lat="37.579139611" lon="-119.045684589"/><trkpt lat="37.57929761" lon="-119.045774862"/><trkpt lat="37.579336502" lon="-119.0458332"/><trkpt lat="37.579402383" lon="-119.045978291"/><trkpt lat="37.579451501" lon="-119.046101337"/><trkpt lat="37.579470696" lon="-119.046309544"/><trkpt lat="37.579478407" lon="-119.046524623"/><trkpt lat="37.579520652" lon="-119.046719167"/><trkpt lat="37.57957547" lon="-119.046842465"/><trkpt lat="37.579675801" lon="-119.046974061"/><trkpt lat="37.579793483" lon="-119.047091911"/><trkpt lat="37.579872441" lon="-119.047137089"/><trkpt lat="37.579979813" lon="-119.047190147"/><trkpt lat="37.580162119" lon="-119.047195176"/><trkpt lat="37.580326907" lon="-119.047228284"/><trkpt lat="37.580496892" lon="-119.047283102"/><trkpt lat="37.580660675" lon="-119.047373543"/><trkpt lat="37.580880867" lon="-119.047494158"/><trkpt lat="37.581067113" lon="-119.047599602"/><trkpt lat="37.581247911" lon="-119.047690462"/><trkpt lat="37.581366682" lon="-119.047743855"/><trkpt lat="37.58150314" lon="-119.04776196"/><trkpt lat="37.581650661" lon="-119.047801858"/><trkpt lat="37.581781419" lon="-119.047819711"/><trkpt lat="37.581946794" lon="-119.047817113"/><trkpt lat="37.582311491" lon="-119.047819963"/><trkpt lat="37.582528498" lon="-119.047797248"/><trkpt lat="37.582733352" lon="-119.047817197"/><trkpt lat="37.582886657" lon="-119.047850138"/><trkpt lat="37.583112717" lon="-119.047963712"/><trkpt lat="37.583243893" lon="-119.047960192"/><trkpt lat="37.583346572" lon="-119.047955833"/><trkpt lat="37.583448831" lon="-119.047973016"/><trkpt lat="37.583545893" lon="-119.047961282"/><trkpt lat="37.58375695" lon="-119.047952816"/><trkpt lat="37.583917212" lon="-119.047914259"/><trkpt lat="37.584207812" lon="-119.047922222"/><trkpt lat="37.584413085" lon="-119.047913505"/><trkpt lat="37.584538478" lon="-119.047916941"/><trkpt lat="37.584662447" lon="-119.047999168"/><trkpt lat="37.584769903" lon="-119.048045101"/><trkpt lat="37.584832599" lon="-119.048046777"/><trkpt lat="37.58501281" lon="-119.048173511"/><trkpt lat="37.58514801" lon="-119.048263198"/><trkpt lat="37.5852268" lon="-119.048394207"/><trkpt lat="37.585232165" lon="-119.048548518"/><trkpt lat="37.585220765" lon="-119.04874281"/><trkpt lat="37.585206851" lon="-119.04884859"/><trkpt lat="37.585256137" lon="-119.04902176"/><trkpt lat="37.585292514" lon="-119.049128965"/><trkpt lat="37.585374657" lon="-119.049260058"/><trkpt lat="37.58543551" lon="-119.049347648"/><trkpt lat="37.58546602" lon="-119.049442029"/><trkpt lat="37.585532069" lon="-119.04958033"/><trkpt lat="37.58561396" lon="-119.049729193"/><trkpt lat="37.585721249" lon="-119.049919127"/><trkpt lat="37.585839266" lon="-119.05007151"/><trkpt lat="37.585933311" lon="-119.050215594"/><trkpt lat="37.585999947" lon="-119.05031601"/><trkpt lat="37.586046802" lon="-119.050514409"/><trkpt lat="37.58610405" lon="-119.050690429"/><trkpt lat="37.586190552" lon="-119.050920261"/><trkpt lat="37.586243944" lon="-119.05108857"/><trkpt lat="37.586265486" lon="-119.05123827"/><trkpt lat="37.586302115" lon="-119.051448992"/><trkpt lat="37.58631737" lon="-119.051611181"/><trkpt lat="37.586386353" lon="-119.051810252"/><trkpt lat="37.586456425" lon="-119.051941009"/><trkpt lat="37.586515266" lon="-119.0520286"/><trkpt lat="37.586597241" lon="-119.052169835"/><trkpt lat="37.58669137" lon="-119.052308891"/><trkpt lat="37.58676446" lon="-119.052389273"/><trkpt lat="37.586839311" lon="-119.052479798"/><trkpt lat="37.586895889" lon="-119.052579962"/><trkpt lat="37.586957663" lon="-119.052725723"/><trkpt lat="37.587043494" lon="-119.052879699"/><trkpt lat="37.587077776" lon="-119.052989334"/><trkpt lat="37.587115495" lon="-119.053136939"/><trkpt lat="37.587161679" lon="-119.053254453"/><trkpt lat="37.587181544" lon="-119.053383954"/><trkpt lat="37.587205349" lon="-119.053521082"/><trkpt lat="37.587231416" lon="-119.053638009"/><trkpt lat="37.587254634" lon="-119.05380548"/><trkpt lat="37.58728154" lon="-119.053993234"/><trkpt lat="37.5873092" lon="-119.054138074"/><trkpt lat="37.587335519" lon="-119.054244943"/><trkpt lat="37.587365611" lon="-119.054367067"/><trkpt lat="37.587398468" lon="-119.054443846"/><trkpt lat="37.587472899" lon="-119.05455457"/><trkpt lat="37.587548001" lon="-119.054632438"/><trkpt lat="37.587621175" lon="-119.054702679"/><trkpt lat="37.587702228" lon="-119.054785827"/><trkpt lat="37.58773366" lon="-119.05482715"/><trkpt lat="37.587815467" lon="-119.054983556"/><trkpt lat="37.587910015" lon="-119.055094868"/><trkpt lat="37.587991655" lon="-119.055142561"/><trkpt lat="37.588067763" lon="-119.055159828"/><trkpt lat="37.588167842" lon="-119.055187907"/><trkpt lat="37.588229617" lon="-119.055219926"/><trkpt lat="37.588325255" lon="-119.055275666"/><trkpt lat="37.588388538" lon="-119.055335512"/><trkpt lat="37.58846934" lon="-119.055431234"/><trkpt lat="37.588537568" lon="-119.055554448"/><trkpt lat="37.588601522" lon="-119.055695264"/><trkpt lat="37.588621639" lon="-119.055823507"/><trkpt lat="37.588642426" lon="-119.055943033"/><trkpt lat="37.588657094" lon="-119.056037832"/><trkpt lat="37.588709062" lon="-119.056055686"/><trkpt lat="37.588764802" lon="-119.056044957"/><trkpt lat="37.588805454" lon="-119.05595988"/><trkpt lat="37.588850884" lon="-119.055788722"/><trkpt lat="37.588855745" lon="-119.055698616"/><trkpt lat="37.588877119" lon="-119.055596609"/><trkpt lat="37.588918861" lon="-119.055450009"/><trkpt lat="37.588957585" lon="-119.055286897"/><trkpt lat="37.588982312" lon="-119.055180866"/><trkpt lat="37.589009805" lon="-119.055103669"/><trkpt lat="37.58903319" lon="-119.055071482"/><trkpt lat="37.589066047" lon="-119.055060083"/><trkpt lat="37.589094881" lon="-119.055093694"/><trkpt lat="37.589126145" lon="-119.055172568"/><trkpt lat="37.589166462" lon="-119.055296788"/><trkpt lat="37.589219101" lon="-119.055458307"/><trkpt lat="37.589284815" lon="-119.055624269"/><trkpt lat="37.589373747" lon="-119.055770366"/><trkpt lat="37.589468546" lon="-119.055949403"/><trkpt lat="37.58954809" lon="-119.056070605"/><trkpt lat="37.589639872" lon="-119.056241428"/><trkpt lat="37.589735175" lon="-119.0563918"/><trkpt lat="37.589804744" lon="-119.056525072"/><trkpt lat="37.589912703" lon="-119.056700421"/><trkpt lat="37.589994511" lon="-119.056879124"/><trkpt lat="37.590086376" lon="-119.057041733"/><trkpt lat="37.59020037" lon="-119.057246"/><trkpt lat="37.590300869" lon="-119.057478597"/><trkpt lat="37.590392148" lon="-119.05767398"/><trkpt lat="37.590470938" lon="-119.05784036"/><trkpt lat="37.590566073" lon="-119.058003053"/><trkpt lat="37.590655591" lon="-119.058112185"/><trkpt lat="37.590768915" lon="-119.058168679"/><trkpt lat="37.590881903" lon="-119.058241602"/><trkpt lat="37.590933619" lon="-119.0582758"/><trkpt lat="37.59097226" lon="-119.05830564"/><trkpt lat="37.591049876" lon="-119.058348807"/><trkpt lat="37.591094384" lon="-119.058419801"/><trkpt lat="37.591158757" lon="-119.058474954"/><trkpt lat="37.591268308" lon="-119.058555923"/><trkpt lat="37.591420356" lon="-119.058642257"/><trkpt lat="37.591572236" lon="-119.058732614"/><trkpt lat="37.591719255" lon="-119.058732614"/><trkpt lat="37.591928048" lon="-119.058742421"/><trkpt lat="37.592088394" lon="-119.058726327"/><trkpt lat="37.592200125" lon="-119.058684334"/><trkpt lat="37.592338007" lon="-119.058643011"/><trkpt lat="37.592456443" lon="-119.058592888"/><trkpt lat="37.592562055" lon="-119.058530107"/><trkpt lat="37.592680743" lon="-119.058467746"/><trkpt lat="37.592770094" lon="-119.058400439"/><trkpt lat="37.592913508" lon="-119.0584167"/><trkpt lat="37.593135545" lon="-119.058418712"/><trkpt lat="37.593305362" lon="-119.058415275"/><trkpt lat="37.593446178" lon="-119.058394488"/><trkpt lat="37.593582887" lon="-119.058422903"/><trkpt lat="37.593726721" lon="-119.058414605"/><trkpt lat="37.593866447" lon="-119.058455341"/><trkpt lat="37.594022183" lon="-119.058513008"/><trkpt lat="37.594140954" lon="-119.058631193"/><trkpt lat="37.594269365" lon="-119.058757927"/><trkpt lat="37.594427029" lon="-119.05889363"/><trkpt lat="37.594601037" lon="-119.059025645"/><trkpt lat="37.594721066" lon="-119.059074093"/><trkpt lat="37.594830785" lon="-119.059151039"/><trkpt lat="37.595040835" lon="-119.059275845"/><trkpt lat="37.595257005" lon="-119.059429569"/><trkpt lat="37.595466888" lon="-119.059566697"/><trkpt lat="37.595635196" lon="-119.05965345"/><trkpt lat="37.595755477" lon="-119.059685469"/><trkpt lat="37.595943483" lon="-119.059764594"/><trkpt lat="37.596099135" lon="-119.059826368"/><trkpt lat="37.596391076" lon="-119.059941117"/><trkpt lat="37.59666374" lon="-119.06003491"/><trkpt lat="37.59687488" lon="-119.060102301"/><trkpt lat="37.597151063" lon="-119.060183773"/><trkpt lat="37.597469408" lon="-119.060278824"/><trkpt lat="37.597651631" lon="-119.060320733"/><trkpt lat="37.597863441" lon="-119.060343029"/><trkpt lat="37.598156221" lon="-119.060412683"/><trkpt lat="37.598344646" lon="-119.060467165"/><trkpt lat="37.598565258" lon="-119.060551235"/><trkpt lat="37.59865243" lon="-119.060607059"/><trkpt lat="37.598730717" lon="-119.060613262"/><trkpt lat="37.598762233" lon="-119.060679814"/><trkpt lat="37.598754438" lon="-119.060749384"/><trkpt lat="37.598695094" lon="-119.060784671"/><trkpt lat="37.598639186" lon="-119.060807806"/><trkpt lat="37.598521253" lon="-119.060825072"/><trkpt lat="37.598370546" lon="-119.060853738"/><trkpt lat="37.598220007" lon="-119.06087419"/><trkpt lat="37.598118503" lon="-119.060887769"/><trkpt lat="37.597945081" lon="-119.060907634"/><trkpt lat="37.597728325" lon="-119.060975527"/><trkpt lat="37.597593376" lon="-119.06103747"/><trkpt lat="37.597458847" lon="-119.061074769"/><trkpt lat="37.597222477" lon="-119.061142076"/><trkpt lat="37.597049307" lon="-119.06114962"/><trkpt lat="37.596826432" lon="-119.061192703"/><trkpt lat="37.596665835" lon="-119.061225224"/><trkpt lat="37.596455952" lon="-119.061276857"/><trkpt lat="37.596240118" lon="-119.061291441"/><trkpt lat="37.596043898" lon="-119.061310636"/><trkpt lat="37.595824292" lon="-119.061353803"/><trkpt lat="37.595552299" lon="-119.061407782"/><trkpt lat="37.595303608" lon="-119.061437873"/><trkpt lat="37.595067741" lon="-119.061476514"/><trkpt lat="37.594812093" lon="-119.061530996"/><trkpt lat="37.594645042" lon="-119.061559243"/><trkpt lat="37.594497437" lon="-119.061596124"/><trkpt lat="37.594389142" lon="-119.061625963"/><trkpt lat="37.594346227" lon="-119.061649432"/><trkpt lat="37.59432259" lon="-119.06169394"/><trkpt lat="37.594321668" lon="-119.061751356"/><trkpt lat="37.594347065" lon="-119.061793098"/><trkpt lat="37.594402051" lon="-119.061823357"/><trkpt lat="37.59449576" lon="-119.061879348"/><trkpt lat="37.594616041" lon="-119.061911367"/><trkpt lat="37.59480807" lon="-119.061949505"/><trkpt lat="37.594938073" lon="-119.061981859"/><trkpt lat="37.595211994" lon="-119.062005831"/><trkpt lat="37.595420284" lon="-119.062048579"/><trkpt lat="37.595763104" lon="-119.062053943"/><trkpt lat="37.596180858" lon="-119.062069617"/><trkpt lat="37.596772201" lon="-119.062057212"/><trkpt lat="37.596980408" lon="-119.06209996"/><trkpt lat="37.597322306" lon="-119.062158633"/><trkpt lat="37.597690774" lon="-119.062193502"/><trkpt lat="37.598016327" lon="-119.062251756"/><trkpt lat="37.598345568" lon="-119.062285535"/><trkpt lat="37.598661566" lon="-119.062331216"/><trkpt lat="37.599079572" lon="-119.062330462"/><trkpt lat="37.599546276" lon="-119.062347477"/><trkpt lat="37.599791614" lon="-119.062325517"/><trkpt lat="37.599921618" lon="-119.062361978"/><trkpt lat="37.600078024" lon="-119.062378574"/><trkpt lat="37.600168716" lon="-119.06242216"/><trkpt lat="37.60025287" lon="-119.062465578"/><trkpt lat="37.600405924" lon="-119.062490305"/><trkpt lat="37.60059217" lon="-119.062487287"/><trkpt lat="37.600699542" lon="-119.062510757"/><trkpt lat="37.60081253" lon="-119.062583679"/><trkpt lat="37.600987796" lon="-119.062645957"/><trkpt lat="37.601120817" lon="-119.062698931"/><trkpt lat="37.601240594" lon="-119.062755592"/><trkpt lat="37.601380991" lon="-119.062759448"/><trkpt lat="37.601560447" lon="-119.062768584"/><trkpt lat="37.60176287" lon="-119.062774116"/><trkpt lat="37.601889772" lon="-119.062798172"/><trkpt lat="37.602104349" lon="-119.062853409"/><trkpt lat="37.602322446" lon="-119.062896408"/><trkpt lat="37.602465022" lon="-119.062957764"/><trkpt lat="37.602610365" lon="-119.063052144"/><trkpt lat="37.602712456" lon="-119.063072344"/><trkpt lat="37.602867689" lon="-119.063147698"/><trkpt lat="37.603036417" lon="-119.063196145"/><trkpt lat="37.603214029" lon="-119.06323378"/><trkpt lat="37.60343045" lon="-119.063289016"/><trkpt lat="37.603625916" lon="-119.063299913"/><trkpt lat="37.603791123" lon="-119.063298991"/><trkpt lat="37.603964545" lon="-119.063331094"/><trkpt lat="37.604029421" lon="-119.063349282"/><trkpt lat="37.604067642" lon="-119.063399574"/><trkpt lat="37.604083987" lon="-119.063460091"/><trkpt lat="37.604091614" lon="-119.063520441"/><trkpt lat="37.6040518" lon="-119.063563105"/><trkpt lat="37.603999078" lon="-119.063594369"/><trkpt lat="37.603915678" lon="-119.063635776"/><trkpt lat="37.603823477" lon="-119.063687911"/><trkpt lat="37.603731109" lon="-119.063750943"/><trkpt lat="37.603651062" lon="-119.063852532"/><trkpt lat="37.603570931" lon="-119.063959653"/><trkpt lat="37.603450818" lon="-119.064114802"/><trkpt lat="37.603335399" lon="-119.064248241"/><trkpt lat="37.60323884" lon="-119.064300209"/><trkpt lat="37.603137419" lon="-119.064384783"/><trkpt lat="37.603036584" lon="-119.064431218"/><trkpt lat="37.602932146" lon="-119.064433733"/><trkpt lat="37.602832317" lon="-119.064425519"/><trkpt lat="37.602746403" lon="-119.064363074"/><trkpt lat="37.602643389" lon="-119.064289145"/><trkpt lat="37.602510871" lon="-119.064159729"/><trkpt lat="37.602420514" lon="-119.064102648"/><trkpt lat="37.60235128" lon="-119.064084291"/><trkpt lat="37.602278357" lon="-119.06402763"/><trkpt lat="37.602205602" lon="-119.063960072"/><trkpt lat="37.602102673" lon="-119.063880695"/><trkpt lat="37.602020781" lon="-119.063840127"/><trkpt lat="37.601916678" lon="-119.06382638"/><trkpt lat="37.60180369" lon="-119.063823195"/><trkpt lat="37.60168626" lon="-119.063825458"/><trkpt lat="37.601581234" lon="-119.063860746"/><trkpt lat="37.60153329" lon="-119.063870385"/><trkpt lat="37.601468163" lon="-119.063863093"/><trkpt lat="37.601407059" lon="-119.063877761"/><trkpt lat="37.601350313" lon="-119.063892597"/><trkpt lat="37.601202121" lon="-119.063910367"/><trkpt lat="37.601105813" lon="-119.06394599"/><trkpt lat="37.601001039" lon="-119.063970381"/><trkpt lat="37.600887297" lon="-119.06401095"/><trkpt lat="37.600790653" lon="-119.064068366"/><trkpt lat="37.600737093" lon="-119.064148832"/><trkpt lat="37.600740027" lon="-119.064230891"/><trkpt lat="37.600768944" lon="-119.064313704"/><trkpt lat="37.600798281" lon="-119.064380089"/><trkpt lat="37.600853853" lon="-119.064430799"/><trkpt lat="37.600919064" lon="-119.064432643"/><trkpt lat="37.600993244" lon="-119.06441831"/><trkpt lat="37.601045463" lon="-119.064414287"/><trkpt lat="37.601128193" lon="-119.064411102"/><trkpt lat="37.601205893" lon="-119.064440606"/><trkpt lat="37.601257106" lon="-119.064496597"/><trkpt lat="37.601337321" lon="-119.064635485"/><trkpt lat="37.60141368" lon="-119.064741433"/><trkpt lat="37.601450309" lon="-119.064884512"/><trkpt lat="37.601442263" lon="-119.065097412"/><trkpt lat="37.601423319" lon="-119.065184332"/><trkpt lat="37.601424493" lon="-119.065364711"/><trkpt lat="37.601435138" lon="-119.065501671"/><trkpt lat="37.601451147" lon="-119.065584065"/><trkpt lat="37.601523986" lon="-119.065646175"/><trkpt lat="37.601622725" lon="-119.065714488"/><trkpt lat="37.601726074" lon="-119.065771988"/><trkpt lat="37.601786843" lon="-119.065779196"/><trkpt lat="37.601829842" lon="-119.065807695"/><trkpt lat="37.60194635" lon="-119.065860081"/><trkpt lat="37.602010807" lon="-119.065900147"/><trkpt lat="37.602057913" lon="-119.065945158"/><trkpt lat="37.602126226" lon="-119.066012632"/><trkpt lat="37.602215828" lon="-119.066113466"/><trkpt lat="37.602297217" lon="-119.06618136"/><trkpt lat="37.602347676" lon="-119.066281104"/><trkpt lat="37.602362931" lon="-119.06640172"/><trkpt lat="37.602348095" lon="-119.066505153"/><trkpt lat="37.602289757" lon="-119.066607412"/><trkpt lat="37.60225757" lon="-119.066710342"/><trkpt lat="37.602234939" lon="-119.066758873"/><trkpt lat="37.602215996" lon="-119.066845793"/><trkpt lat="37.602231335" lon="-119.066966409"/><trkpt lat="37.602251871" lon="-119.067032626"/><trkpt lat="37.602272741" lon="-119.067082331"/><trkpt lat="37.602340383" lon="-119.067193558"/><trkpt lat="37.602421017" lon="-119.067305038"/><trkpt lat="37.602450522" lon="-119.067360526"/><trkpt lat="37.602464352" lon="-119.067563117"/><trkpt lat="37.602458568" lon="-119.067890849"/><trkpt lat="37.60244281" lon="-119.068048932"/><trkpt lat="37.60246125" lon="-119.068235178"/><trkpt lat="37.602505339" lon="-119.068449587"/><trkpt lat="37.602562085" lon="-119.068686124"/><trkpt lat="37.60261422" lon="-119.068933474"/><trkpt lat="37.602654202" lon="-119.069136819"/><trkpt lat="37.602720922" lon="-119.069297165"/><trkpt lat="37.602805663" lon="-119.06942524"/><trkpt lat="37.602881854" lon="-119.069542084"/><trkpt lat="37.602918651" lon="-119.069674267"/><trkpt lat="37.603006577" lon="-119.069867972"/><trkpt lat="37.603084613" lon="-119.070126973"/><trkpt lat="37.603164157" lon="-119.070304083"/><trkpt lat="37.603248311" lon="-119.070464931"/><trkpt lat="37.603312265" lon="-119.07053777"/><trkpt lat="37.603428438" lon="-119.070606586"/><trkpt lat="37.603574703" lon="-119.070692584"/><trkpt lat="37.603725828" lon="-119.070756873"/><trkpt lat="37.603902267" lon="-119.070860138"/><trkpt lat="37.604148109" lon="-119.070970863"/><trkpt lat="37.604334019" lon="-119.07103071"/><trkpt lat="37.604507273" lon="-119.071068261"/><trkpt lat="37.604672564" lon="-119.071067423"/><trkpt lat="37.604811201" lon="-119.071093155"/><trkpt lat="37.604914801" lon="-119.071139758"/><trkpt lat="37.604934331" lon="-119.07126599"/><trkpt lat="37.6049174" lon="-119.071484087"/><trkpt lat="37.604857888" lon="-119.071657341"/><trkpt lat="37.604820421" lon="-119.071809305"/><trkpt lat="37.604796365" lon="-119.071939811"/><trkpt lat="37.60484674" lon="-119.072045004"/><trkpt lat="37.604953609" lon="-119.072146341"/><trkpt lat="37.605056791" lon="-119.072214821"/><trkpt lat="37.605215712" lon="-119.072323116"/><trkpt lat="37.605348816" lon="-119.072419675"/><trkpt lat="37.605452668" lon="-119.072449934"/><trkpt lat="37.605587449" lon="-119.072448174"/><trkpt lat="37.605721392" lon="-119.072495615"/><trkpt lat="37.605846701" lon="-119.072542889"/><trkpt lat="37.606019955" lon="-119.07258044"/><trkpt lat="37.606154066" lon="-119.072616985"/><trkpt lat="37.606222881" lon="-119.072662666"/><trkpt lat="37.606355734" lon="-119.072770206"/><trkpt lat="37.606510296" lon="-119.072883781"/><trkpt lat="37.60664776" lon="-119.072980508"/><trkpt lat="37.606840879" lon="-119.073122498"/><trkpt lat="37.607073141" lon="-119.073265577"/><trkpt lat="37.607275229" lon="-119.073396921"/><trkpt lat="37.60747279" lon="-119.07353363"/><trkpt lat="37.607568176" lon="-119.073552657"/><trkpt lat="37.60765451" lon="-119.073587861"/><trkpt lat="37.607761379" lon="-119.073689198"/><trkpt lat="37.607868416" lon="-119.073785087"/><trkpt lat="37.607924324" lon="-119.073819453"/><trkpt lat="37.608124232" lon="-119.073824985"/><trkpt lat="37.608272005" lon="-119.073829092"/><trkpt lat="37.608317938" lon="-119.073934285"/><trkpt lat="37.608347023" lon="-119.074011566"/><trkpt lat="37.608432602" lon="-119.07409044"/><trkpt lat="37.608553888" lon="-119.074115669"/><trkpt lat="37.608665116" lon="-119.074222622"/><trkpt lat="37.608801993" lon="-119.074352123"/><trkpt lat="37.608916992" lon="-119.074486569"/><trkpt lat="37.608990166" lon="-119.074526802"/><trkpt lat="37.609105334" lon="-119.074655715"/><trkpt lat="37.609216142" lon="-119.074784545"/><trkpt lat="37.609323515" lon="-119.074858557"/><trkpt lat="37.609396353" lon="-119.074920751"/><trkpt lat="37.609521998" lon="-119.074946065"/><trkpt lat="37.609625431" lon="-119.0749982"/><trkpt lat="37.609677566" lon="-119.074999625"/><trkpt lat="37.609725343" lon="-119.075000966"/><trkpt lat="37.609781083" lon="-119.075046228"/><trkpt lat="37.609867919" lon="-119.075054107"/><trkpt lat="37.609958025" lon="-119.075122168"/><trkpt lat="37.610017285" lon="-119.075211268"/><trkpt lat="37.610067492" lon="-119.075327441"/><trkpt lat="37.610100601" lon="-119.075421318"/><trkpt lat="37.610150222" lon="-119.075564817"/><trkpt lat="37.610211913" lon="-119.075768748"/><trkpt lat="37.610269915" lon="-119.075928843"/><trkpt lat="37.610332947" lon="-119.076056331"/><trkpt lat="37.610456329" lon="-119.076207289"/><trkpt lat="37.610610975" lon="-119.0763155"/><trkpt lat="37.610787414" lon="-119.076418765"/><trkpt lat="37.610941809" lon="-119.076537872"/><trkpt lat="37.610980365" lon="-119.076571735"/><trkpt lat="37.61102722" lon="-119.076627726"/><trkpt lat="37.611082625" lon="-119.076689333"/><trkpt lat="37.611171808" lon="-119.076812128"/><trkpt lat="37.611226039" lon="-119.076944813"/><trkpt lat="37.611301979" lon="-119.077072637"/><trkpt lat="37.611335926" lon="-119.077122761"/><trkpt lat="37.61136082" lon="-119.077188978"/><trkpt lat="37.611432904" lon="-119.077294841"/><trkpt lat="37.611526279" lon="-119.077423168"/><trkpt lat="37.611570619" lon="-119.077621149"/><trkpt lat="37.611602303" lon="-119.077797001"/><trkpt lat="37.611651756" lon="-119.077951396"/><trkpt lat="37.611727612" lon="-119.078090116"/><trkpt lat="37.611834398" lon="-119.078196986"/><trkpt lat="37.611946044" lon="-119.078276614"/><trkpt lat="37.612048974" lon="-119.07835599"/><trkpt lat="37.612160873" lon="-119.078424722"/><trkpt lat="37.612263802" lon="-119.078504099"/><trkpt lat="37.612310071" lon="-119.078592863"/><trkpt lat="37.612325074" lon="-119.078729907"/><trkpt lat="37.612313256" lon="-119.078904502"/><trkpt lat="37.612308981" lon="-119.079150259"/><trkpt lat="37.612328595" lon="-119.079271127"/><trkpt lat="37.612334378" lon="-119.079435244"/><trkpt lat="37.612340581" lon="-119.079583436"/><trkpt lat="37.612330606" lon="-119.079799941"/><trkpt lat="37.612363379" lon="-119.080040837"/><trkpt lat="37.612434626" lon="-119.080189951"/><trkpt lat="37.612517439" lon="-119.080385836"/><trkpt lat="37.612538645" lon="-119.080579961"/><trkpt lat="37.612539483" lon="-119.080881961"/><trkpt lat="37.612541495" lon="-119.081114223"/><trkpt lat="37.612573262" lon="-119.08140935"/><trkpt lat="37.612619111" lon="-119.081604145"/><trkpt lat="37.612744588" lon="-119.081824422"/><trkpt lat="37.612865875" lon="-119.081928525"/><trkpt lat="37.613006523" lon="-119.081986612"/><trkpt lat="37.613141304" lon="-119.082029108"/><trkpt lat="37.613232918" lon="-119.082070347"/><trkpt lat="37.613365352" lon="-119.082244439"/><trkpt lat="37.613443304" lon="-119.082362708"/><trkpt lat="37.613601889" lon="-119.08245231"/><trkpt lat="37.613760978" lon="-119.082510984"/><trkpt lat="37.613846473" lon="-119.082552055"/><trkpt lat="37.613887209" lon="-119.082684824"/><trkpt lat="37.613957953" lon="-119.082864868"/><trkpt lat="37.61407245" lon="-119.083007444"/><trkpt lat="37.614200357" lon="-119.083088413"/><trkpt lat="37.614334971" lon="-119.083138704"/><trkpt lat="37.614450892" lon="-119.083203832"/><trkpt lat="37.614480816" lon="-119.083251106"/><trkpt lat="37.614477966" lon="-119.083413631"/><trkpt lat="37.614481654" lon="-119.083553106"/><trkpt lat="37.614429519" lon="-119.083714206"/><trkpt lat="37.614329522" lon="-119.0837966"/><trkpt lat="37.614248302" lon="-119.08386399"/><trkpt lat="37.614123663" lon="-119.083945714"/><trkpt lat="37.614012016" lon="-119.083989048"/><trkpt lat="37.613906991" lon="-119.084009333"/><trkpt lat="37.613788806" lon="-119.084075717"/><trkpt lat="37.613663916" lon="-119.084172864"/><trkpt lat="37.613539444" lon="-119.084246792"/><trkpt lat="37.613420505" lon="-119.084351817"/><trkpt lat="37.613332411" lon="-119.084457764"/><trkpt lat="37.61325622" lon="-119.084587265"/><trkpt lat="37.613253957" lon="-119.084718777"/><trkpt lat="37.613277175" lon="-119.084796896"/><trkpt lat="37.613356803" lon="-119.084822293"/><trkpt lat="37.613524105" lon="-119.084765045"/><trkpt lat="37.613623263" lon="-119.08472917"/><trkpt lat="37.613715883" lon="-119.084716262"/><trkpt lat="37.613788806" lon="-119.084772505"/><trkpt lat="37.613880085" lon="-119.084836962"/><trkpt lat="37.613914618" lon="-119.084969563"/><trkpt lat="37.613898693" lon="-119.085178189"/><trkpt lat="37.613914702" lon="-119.085317999"/><trkpt lat="37.613956276" lon="-119.085404249"/><trkpt lat="37.614009837" lon="-119.085506424"/><trkpt lat="37.614057362" lon="-119.085608432"/><trkpt lat="37.614086112" lon="-119.08572536"/><trkpt lat="37.614082759" lon="-119.085911103"/><trkpt lat="37.614001706" lon="-119.085970782"/><trkpt lat="37.613932723" lon="-119.086038508"/><trkpt lat="37.613936998" lon="-119.086146969"/><trkpt lat="37.61397237" lon="-119.086233135"/><trkpt lat="37.6140639" lon="-119.086282169"/><trkpt lat="37.614174541" lon="-119.086292982"/><trkpt lat="37.614341173" lon="-119.086274458"/><trkpt lat="37.614527" lon="-119.086217713"/><trkpt lat="37.61471903" lon="-119.086153423"/><trkpt lat="37.614861857" lon="-119.086087793"/><trkpt lat="37.615010552" lon="-119.086037753"/><trkpt lat="37.615146507" lon="-119.086010596"/><trkpt lat="37.615264691" lon="-119.085944211"/><trkpt lat="37.615380613" lon="-119.086009422"/><trkpt lat="37.615428893" lon="-119.086064911"/><trkpt lat="37.615449931" lon="-119.086266831"/><trkpt lat="37.615459068" lon="-119.086445197"/><trkpt lat="37.615488069" lon="-119.086546618"/><trkpt lat="37.615584796" lon="-119.086649967"/><trkpt lat="37.615676578" lon="-119.086683495"/><trkpt lat="37.61581094" lon="-119.086749209"/><trkpt lat="37.61590247" lon="-119.086798243"/><trkpt lat="37.615968687" lon="-119.086885247"/><trkpt lat="37.615991235" lon="-119.087002007"/><trkpt lat="37.615933651" lon="-119.087124299"/><trkpt lat="37.615845557" lon="-119.087230247"/><trkpt lat="37.615776742" lon="-119.087290261"/><trkpt lat="37.615762744" lon="-119.087382797"/><trkpt lat="37.615829716" lon="-119.087431077"/><trkpt lat="37.615933819" lon="-119.08746494"/><trkpt lat="37.616044963" lon="-119.087444907"/><trkpt lat="37.616180582" lon="-119.087440968"/><trkpt lat="37.616354171" lon="-119.087376092"/><trkpt lat="37.616478391" lon="-119.08731767"/><trkpt lat="37.616638988" lon="-119.087291183"/><trkpt lat="37.616787432" lon="-119.08725665"/><trkpt lat="37.616861695" lon="-119.087235527"/><trkpt lat="37.617008714" lon="-119.087278359"/><trkpt lat="37.617236115" lon="-119.087307947"/><trkpt lat="37.61735891" lon="-119.08732689"/><trkpt lat="37.617501486" lon="-119.087276682"/><trkpt lat="37.617650265" lon="-119.087218931"/><trkpt lat="37.617817987" lon="-119.087138465"/><trkpt lat="37.618008843" lon="-119.087143745"/><trkpt lat="37.618162902" lon="-119.087140309"/><trkpt lat="37.618261389" lon="-119.087143075"/><trkpt lat="37.618341101" lon="-119.087160844"/><trkpt lat="37.618446965" lon="-119.087094124"/><trkpt lat="37.618552744" lon="-119.087035116"/><trkpt lat="37.618676713" lon="-119.0869922"/><trkpt lat="37.618786935" lon="-119.087026231"/><trkpt lat="37.618945772" lon="-119.087100327"/><trkpt lat="37.619086001" lon="-119.087181715"/><trkpt lat="37.619220279" lon="-119.087247429"/><trkpt lat="37.619324047" lon="-119.08730451"/><trkpt lat="37.619448518" lon="-119.087230582"/><trkpt lat="37.61959143" lon="-119.087157156"/><trkpt lat="37.619715231" lon="-119.087121952"/><trkpt lat="37.619875576" lon="-119.087110972"/><trkpt lat="37.620016225" lon="-119.087169059"/><trkpt lat="37.620143713" lon="-119.087273329"/><trkpt lat="37.620259803" lon="-119.087323034"/><trkpt lat="37.620333312" lon="-119.087348348"/><trkpt lat="37.620438924" lon="-119.08729705"/><trkpt lat="37.620587284" lon="-119.087262517"/><trkpt lat="37.620748719" lon="-119.087189594"/><trkpt lat="37.620896995" lon="-119.087162772"/><trkpt lat="37.621063543" lon="-119.08715196"/><trkpt lat="37.621254316" lon="-119.087157324"/><trkpt lat="37.621346517" lon="-119.087167634"/><trkpt lat="37.621421199" lon="-119.087123293"/><trkpt lat="37.621500995" lon="-119.087141063"/><trkpt lat="37.621605182" lon="-119.087167215"/><trkpt lat="37.621746249" lon="-119.087202083"/><trkpt lat="37.621893017" lon="-119.087260421"/><trkpt lat="37.621990331" lon="-119.087332841"/><trkpt lat="37.62207021" lon="-119.087342815"/><trkpt lat="37.622150341" lon="-119.087337367"/><trkpt lat="37.622207087" lon="-119.087261511"/><trkpt lat="37.622288642" lon="-119.087178614"/><trkpt lat="37.622395344" lon="-119.087065458"/><trkpt lat="37.622512439" lon="-119.087061016"/><trkpt lat="37.622641437" lon="-119.087080127"/><trkpt lat="37.622794826" lon="-119.087115331"/><trkpt lat="37.622929523" lon="-119.087157827"/><trkpt lat="37.623046115" lon="-119.087184398"/><trkpt lat="37.623155415" lon="-119.087272575"/><trkpt lat="37.623283993" lon="-119.087314904"/><trkpt lat="37.623425564" lon="-119.087318927"/><trkpt lat="37.623561434" lon="-119.087299481"/><trkpt lat="37.6236849" lon="-119.0872797"/><trkpt lat="37.623770731" lon="-119.087305348"/><trkpt lat="37.623873996" lon="-119.087385647"/><trkpt lat="37.623946331" lon="-119.087472903"/><trkpt lat="37.624023277" lon="-119.087546831"/><trkpt lat="37.624089578" lon="-119.087555129"/><trkpt lat="37.624204913" lon="-119.087532666"/><trkpt lat="37.624328379" lon="-119.087481536"/><trkpt lat="37.624431644" lon="-119.08742018"/><trkpt lat="37.624577405" lon="-119.087411463"/><trkpt lat="37.624710342" lon="-119.087402327"/><trkpt lat="37.624922153" lon="-119.087414648"/><trkpt lat="37.625087779" lon="-119.087435352"/><trkpt lat="37.62520479" lon="-119.087464353"/><trkpt lat="37.625298752" lon="-119.087492684"/><trkpt lat="37.625430264" lon="-119.087567031"/><trkpt lat="37.625540821" lon="-119.087669626"/><trkpt lat="37.625671495" lon="-119.087792169"/><trkpt lat="37.625828236" lon="-119.087880012"/><trkpt lat="37.625960503" lon="-119.087912617"/><trkpt lat="37.626082627" lon="-119.087941786"/><trkpt lat="37.626222856" lon="-119.087952096"/><trkpt lat="37.626338191" lon="-119.087932901"/><trkpt lat="37.626476828" lon="-119.08789183"/><trkpt lat="37.626615716" lon="-119.087834666"/><trkpt lat="37.626741193" lon="-119.087818908"/><trkpt lat="37.626873124" lon="-119.087867606"/><trkpt lat="37.627053419" lon="-119.087927286"/><trkpt lat="37.627228266" lon="-119.088005992"/><trkpt lat="37.627342427" lon="-119.088047734"/><trkpt lat="37.627454409" lon="-119.088073382"/><trkpt lat="37.62759489" lon="-119.088070868"/><trkpt lat="37.62768684" lon="-119.088070281"/><trkpt lat="37.62780888" lon="-119.088102635"/><trkpt lat="37.627897644" lon="-119.088137168"/><trkpt lat="37.628002334" lon="-119.088140102"/><trkpt lat="37.62815522" lon="-119.08816047"/><trkpt lat="37.628303245" lon="-119.088164661"/><trkpt lat="37.628448503" lon="-119.088184778"/><trkpt lat="37.628601808" lon="-119.088179413"/><trkpt lat="37.62873156" lon="-119.08820875"/><trkpt lat="37.628895007" lon="-119.08821336"/><trkpt lat="37.628995003" lon="-119.088190477"/><trkpt lat="37.629114445" lon="-119.088222748"/><trkpt lat="37.629264146" lon="-119.08827832"/><trkpt lat="37.62937814" lon="-119.088332886"/><trkpt lat="37.629502611" lon="-119.088371694"/><trkpt lat="37.62963756" lon="-119.088394744"/><trkpt lat="37.629772844" lon="-119.0883986"/><trkpt lat="37.629905529" lon="-119.088408742"/><trkpt lat="37.630027318" lon="-119.088453837"/><trkpt lat="37.630113401" lon="-119.088494824"/><trkpt lat="37.63022664" lon="-119.088591132"/><trkpt lat="37.630325211" lon="-119.088651733"/><trkpt lat="37.630449934" lon="-119.088674448"/><trkpt lat="37.630569879" lon="-119.088677885"/><trkpt lat="37.63068689" lon="-119.088706803"/><trkpt lat="37.630798873" lon="-119.088729266"/><trkpt lat="37.63093885" lon="-119.088755669"/><trkpt lat="37.631058376" lon="-119.08878467"/><trkpt lat="37.631200533" lon="-119.088833621"/><trkpt lat="37.631368171" lon="-119.08888978"/><trkpt lat="37.631533043" lon="-119.08895541"/><trkpt lat="37.631718032" lon="-119.089034451"/><trkpt lat="37.63192364" lon="-119.089107625"/><trkpt lat="37.632063786" lon="-119.089127658"/><trkpt lat="37.63217845" lon="-119.089140482"/><trkpt lat="37.632258078" lon="-119.089258332"/><trkpt lat="37.632365366" lon="-119.089402668"/><trkpt lat="37.632417837" lon="-119.089468382"/><trkpt lat="37.632485814" lon="-119.089544071"/><trkpt lat="37.632550104" lon="-119.08958246"/><trkpt lat="37.632602323" lon="-119.089538874"/><trkpt lat="37.6326962" lon="-119.089420522"/><trkpt lat="37.632764513" lon="-119.089354891"/><trkpt lat="37.632873226" lon="-119.089281969"/><trkpt lat="37.632945562" lon="-119.08923897"/><trkpt lat="37.633031812" lon="-119.089300493"/><trkpt lat="37.633139435" lon="-119.089416079"/><trkpt lat="37.633231468" lon="-119.089525631"/><trkpt lat="37.633339511" lon="-119.089615904"/><trkpt lat="37.633448057" lon="-119.089680864"/><trkpt lat="37.633559369" lon="-119.089717744"/><trkpt lat="37.633695323" lon="-119.089749679"/><trkpt lat="37.633822896" lon="-119.089747667"/><trkpt lat="37.633937392" lon="-119.089728389"/><trkpt lat="37.634030683" lon="-119.089770382"/><trkpt lat="37.634141743" lon="-119.089815728"/><trkpt lat="37.634221204" lon="-119.08987985"/><trkpt lat="37.634291528" lon="-119.089952186"/><trkpt lat="37.634353386" lon="-119.089998957"/><trkpt lat="37.634465788" lon="-119.090097779"/><trkpt lat="37.634583218" lon="-119.09016584"/><trkpt lat="37.634714143" lon="-119.090228621"/><trkpt lat="37.634840626" lon="-119.090288468"/><trkpt lat="37.634925283" lon="-119.090313362"/><trkpt lat="37.635021089" lon="-119.090338591"/><trkpt lat="37.635136591" lon="-119.090384021"/><trkpt lat="37.635258129" lon="-119.090474714"/><trkpt lat="37.635382768" lon="-119.090511929"/><trkpt lat="37.635505646" lon="-119.090526681"/><trkpt lat="37.635633219" lon="-119.09052467"/><trkpt lat="37.635745453" lon="-119.090508074"/><trkpt lat="37.635855926" lon="-119.090463314"/><trkpt lat="37.635977799" lon="-119.090404892"/><trkpt lat="37.636094978" lon="-119.09036315"/><trkpt lat="37.636231435" lon="-119.090364156"/><trkpt lat="37.636390021" lon="-119.09038268"/><trkpt lat="37.636526059" lon="-119.090408999"/><trkpt lat="37.63662505" lon="-119.090507487"/><trkpt lat="37.636701493" lon="-119.090613769"/><trkpt lat="37.636802662" lon="-119.090717956"/><trkpt lat="37.636895198" lon="-119.090799345"/><trkpt lat="37.637029728" lon="-119.090912836"/><trkpt lat="37.637167443" lon="-119.090973018"/><trkpt lat="37.63736425" lon="-119.09097855"/><trkpt lat="37.637560302" lon="-119.091031943"/><trkpt lat="37.637684438" lon="-119.091097321"/><trkpt lat="37.637794577" lon="-119.09119891"/><trkpt lat="37.637891471" lon="-119.091288932"/><trkpt lat="37.637962298" lon="-119.091333104"/><trkpt lat="37.638066905" lon="-119.091367051"/><trkpt lat="37.638217108" lon="-119.091351544"/><trkpt lat="37.638317691" lon="-119.09136001"/><trkpt lat="37.638519192" lon="-119.091357244"/><trkpt lat="37.638644082" lon="-119.091383228"/><trkpt lat="37.638788084" lon="-119.091466125"/><trkpt lat="37.638930576" lon="-119.091506694"/><trkpt lat="37.63907223" lon="-119.091597889"/><trkpt lat="37.639220925" lon="-119.091666872"/><trkpt lat="37.639358724" lon="-119.091724204"/><trkpt lat="37.639479591" lon="-119.091724791"/><trkpt lat="37.639602972" lon="-119.091705764"/><trkpt lat="37.639676733" lon="-119.091710625"/><trkpt lat="37.639748063" lon="-119.091726718"/><trkpt lat="37.639834061" lon="-119.091799473"/><trkpt lat="37.639899105" lon="-119.091919502"/><trkpt lat="37.63995694" lon="-119.092064677"/><trkpt lat="37.639996" lon="-119.092136174"/><trkpt lat="37.640057942" lon="-119.09217448"/><trkpt lat="37.640115861" lon="-119.092190154"/><trkpt lat="37.640123153" lon="-119.092286043"/><trkpt lat="37.640080824" lon="-119.092403138"/><trkpt lat="37.640078478" lon="-119.092532471"/><trkpt lat="37.640142096" lon="-119.092607489"/><trkpt lat="37.640216108" lon="-119.092722153"/><trkpt lat="37.640204793" lon="-119.092856934"/><trkpt lat="37.640187275" lon="-119.093087269"/><trkpt lat="37.640164392" lon="-119.093368063"/><trkpt lat="37.640207391" lon="-119.093594458"/><trkpt lat="37.640265394" lon="-119.093857817"/><trkpt lat="37.64034343" lon="-119.093997879"/><trkpt lat="37.640464548" lon="-119.094111118"/><trkpt lat="37.640571166" lon="-119.094282947"/><trkpt lat="37.64066672" lon="-119.094446059"/><trkpt lat="37.640739977" lon="-119.094608584"/><trkpt lat="37.640790688" lon="-119.094778905"/><trkpt lat="37.640842488" lon="-119.094927181"/><trkpt lat="37.640897976" lon="-119.095064141"/><trkpt lat="37.6410372" lon="-119.095151313"/><trkpt lat="37.641077517" lon="-119.095214931"/><trkpt lat="37.64117592" lon="-119.095269833"/><trkpt lat="37.641298799" lon="-119.095346192"/><trkpt lat="37.641378762" lon="-119.09550461"/><trkpt lat="37.641459145" lon="-119.095642241"/><trkpt lat="37.641572803" lon="-119.0957704"/><trkpt lat="37.641737005" lon="-119.095847933"/><trkpt lat="37.641869104" lon="-119.095872492"/><trkpt lat="37.64196801" lon="-119.095896129"/><trkpt lat="37.64207379" lon="-119.096003249"/><trkpt lat="37.642120477" lon="-119.096171223"/><trkpt lat="37.642191136" lon="-119.096391834"/><trkpt lat="37.642237991" lon="-119.096549414"/><trkpt lat="37.64240169" lon="-119.096658127"/><trkpt lat="37.642549211" lon="-119.096745634"/><trkpt lat="37.6427285" lon="-119.096906902"/><trkpt lat="37.642842159" lon="-119.097035062"/><trkpt lat="37.642947016" lon="-119.097194234"/><trkpt lat="37.643028321" lon="-119.097279813"/><trkpt lat="37.643227139" lon="-119.097275035"/><trkpt lat="37.643400729" lon="-119.097290374"/><trkpt lat="37.643556716" lon="-119.097367655"/><trkpt lat="37.643826865" lon="-119.097541915"/><trkpt lat="37.64406357" lon="-119.09773604"/><trkpt lat="37.644283175" lon="-119.097960927"/><trkpt lat="37.64441343" lon="-119.098089589"/><trkpt lat="37.64456179" lon="-119.09812496"/><trkpt lat="37.644692548" lon="-119.098222442"/><trkpt lat="37.644896898" lon="-119.098373987"/><trkpt lat="37.645067386" lon="-119.098566268"/><trkpt lat="37.645306522" lon="-119.098625109"/><trkpt lat="37.645488409" lon="-119.098640615"/><trkpt lat="37.645711536" lon="-119.098667772"/><trkpt lat="37.645883448" lon="-119.098776737"/><trkpt lat="37.646088386" lon="-119.098897101"/><trkpt lat="37.646267675" lon="-119.099058369"/><trkpt lat="37.646464817" lon="-119.099147217"/><trkpt lat="37.646661792" lon="-119.099246543"/><trkpt lat="37.646807302" lon="-119.099448547"/><trkpt lat="37.646943592" lon="-119.099702351"/><trkpt lat="37.647073008" lon="-119.099872587"/><trkpt lat="37.647179123" lon="-119.0999093"/><trkpt lat="37.647348437" lon="-119.099866971"/><trkpt lat="37.647499898" lon="-119.099771166"/><trkpt lat="37.647627806" lon="-119.099686509"/><trkpt lat="37.647764347" lon="-119.099643258"/><trkpt lat="37.647896027" lon="-119.099611659"/><trkpt lat="37.647982361" lon="-119.099496324"/><trkpt lat="37.647999795" lon="-119.099302534"/><trkpt lat="37.647974733" lon="-119.09913104"/><trkpt lat="37.647837354" lon="-119.098962313"/><trkpt lat="37.64771305" lon="-119.098841026"/><trkpt lat="37.647601739" lon="-119.098784951"/><trkpt lat="37.647504425" lon="-119.098729212"/><trkpt lat="37.647393197" lon="-119.098667186"/><trkpt lat="37.647278868" lon="-119.098510863"/><trkpt lat="37.64719639" lon="-119.098414304"/><trkpt lat="37.647091281" lon="-119.098270051"/><trkpt lat="37.646980975" lon="-119.098155135"/><trkpt lat="37.646914003" lon="-119.09797065"/><trkpt lat="37.646811157" lon="-119.09769698"/><trkpt lat="37.646718118" lon="-119.097399926"/><trkpt lat="37.646618709" lon="-119.097202867"/><trkpt lat="37.646477139" lon="-119.096998684"/><trkpt lat="37.646358535" lon="-119.096824592"/><trkpt lat="37.646235153" lon="-119.096656283"/><trkpt lat="37.646106826" lon="-119.096499542"/><trkpt lat="37.645945558" lon="-119.096353697"/><trkpt lat="37.645826619" lon="-119.09619729"/><trkpt lat="37.645716313" lon="-119.096082291"/><trkpt lat="37.645621346" lon="-119.095897134"/><trkpt lat="37.64557248" lon="-119.095748523"/><trkpt lat="37.645547166" lon="-119.095588848"/><trkpt lat="37.645554459" lon="-119.095441913"/><trkpt lat="37.645593099" lon="-119.095378211"/><trkpt lat="37.645705584" lon="-119.095369661"/><trkpt lat="37.645878503" lon="-119.095386257"/><trkpt lat="37.646103138" lon="-119.095392628"/><trkpt lat="37.646294832" lon="-119.095403859"/><trkpt lat="37.646487029" lon="-119.095391622"/><trkpt lat="37.646665145" lon="-119.095378965"/><trkpt lat="37.646815935" lon="-119.095324399"/><trkpt lat="37.646910315" lon="-119.095279891"/><trkpt lat="37.647032356" lon="-119.095259774"/><trkpt lat="37.647219524" lon="-119.095265055"/><trkpt lat="37.647368973" lon="-119.095286932"/><trkpt lat="37.647476094" lon="-119.095319454"/><trkpt lat="37.647577683" lon="-119.09539883"/><trkpt lat="37.64770668" lon="-119.095514333"/><trkpt lat="37.647798378" lon="-119.095622879"/><trkpt lat="37.647903487" lon="-119.095767131"/><trkpt lat="37.648008261" lon="-119.095929069"/><trkpt lat="37.648146059" lon="-119.096080111"/><trkpt lat="37.648279751" lon="-119.096195782"/><trkpt lat="37.648460129" lon="-119.09631866"/><trkpt lat="37.648637742" lon="-119.096335424"/><trkpt lat="37.64875995" lon="-119.09630944"/><trkpt lat="37.648961702" lon="-119.096285636"/><trkpt lat="37.649181895" lon="-119.096274236"/><trkpt lat="37.649331512" lon="-119.096284295"/><trkpt lat="37.64944802" lon="-119.096317068"/><trkpt lat="37.649653796" lon="-119.096328719"/><trkpt lat="37.649822189" lon="-119.096333496"/><trkpt lat="37.6500226" lon="-119.096386218"/><trkpt lat="37.650208762" lon="-119.096444473"/><trkpt lat="37.650408754" lon="-119.096520748"/><trkpt lat="37.650547894" lon="-119.096595347"/><trkpt lat="37.650706563" lon="-119.096623342"/><trkpt lat="37.650819467" lon="-119.09659124"/><trkpt lat="37.650965983" lon="-119.096512953"/><trkpt lat="37.651103865" lon="-119.096393175"/><trkpt lat="37.651240826" lon="-119.096326372"/><trkpt lat="37.651451044" lon="-119.096349925"/><trkpt lat="37.65162874" lon="-119.096360821"/><trkpt lat="37.651844323" lon="-119.096349254"/><trkpt lat="37.652008189" lon="-119.096347997"/><trkpt lat="37.652176414" lon="-119.096364509"/><trkpt lat="37.652334664" lon="-119.096416058"/><trkpt lat="37.652450837" lon="-119.096466433"/><trkpt lat="37.652612608" lon="-119.096582942"/><trkpt lat="37.65277002" lon="-119.096681597"/><trkpt lat="37.652922906" lon="-119.096774217"/><trkpt lat="37.653084928" lon="-119.096872956"/><trkpt lat="37.65332289" lon="-119.0969209"/><trkpt lat="37.653481225" lon="-119.096966581"/><trkpt lat="37.653638972" lon="-119.097047551"/><trkpt lat="37.653796133" lon="-119.097158024"/><trkpt lat="37.653939966" lon="-119.097232707"/><trkpt lat="37.65406955" lon="-119.097318789"/><trkpt lat="37.654237943" lon="-119.097323567"/><trkpt lat="37.654429721" lon="-119.097334882"/><trkpt lat="37.654654188" lon="-119.097347036"/><trkpt lat="37.654767428" lon="-119.097297247"/><trkpt lat="37.654885696" lon="-119.097229941"/><trkpt lat="37.654990889" lon="-119.097103374"/><trkpt lat="37.655081665" lon="-119.096999941"/><trkpt lat="37.65515727" lon="-119.096960882"/><trkpt lat="37.655307641" lon="-119.096929785"/><trkpt lat="37.655467065" lon="-119.096916625"/><trkpt lat="37.655681977" lon="-119.096940346"/><trkpt lat="37.65576697" lon="-119.096901538"/><trkpt lat="37.655976769" lon="-119.096948644"/><trkpt lat="37.656111298" lon="-119.097017208"/><trkpt lat="37.656171815" lon="-119.09703657"/><trkpt lat="37.656276003" lon="-119.096968845"/><trkpt lat="37.656375831" lon="-119.096883349"/><trkpt lat="37.656470295" lon="-119.096838925"/><trkpt lat="37.656633826" lon="-119.09685527"/><trkpt lat="37.656784197" lon="-119.096824173"/><trkpt lat="37.656999528" lon="-119.096824424"/><trkpt lat="37.65719072" lon="-119.09686516"/><trkpt lat="37.657349473" lon="-119.096893156"/><trkpt lat="37.657419126" lon="-119.096924588"/><trkpt lat="37.657511747" lon="-119.09698016"/><trkpt lat="37.657631859" lon="-119.097071858"/><trkpt lat="37.657751888" lon="-119.09716364"/><trkpt lat="37.657904942" lon="-119.097244442"/><trkpt lat="37.658035532" lon="-119.097271683"/><trkpt lat="37.658213228" lon="-119.097282579"/><trkpt lat="37.658456387" lon="-119.097301271"/><trkpt lat="37.658596449" lon="-119.097322896"/><trkpt lat="37.658661073" lon="-119.097371763"/><trkpt lat="37.658766517" lon="-119.097498413"/><trkpt lat="37.65884514" lon="-119.09755365"/><trkpt lat="37.658980591" lon="-119.09756924"/><trkpt lat="37.659134986" lon="-119.097573599"/><trkpt lat="37.659251997" lon="-119.097576868"/><trkpt lat="37.659315951" lon="-119.097667057"/><trkpt lat="37.659351574" lon="-119.097768143"/><trkpt lat="37.659371942" lon="-119.097939469"/><trkpt lat="37.65940614" lon="-119.098123033"/><trkpt lat="37.659455761" lon="-119.098230405"/><trkpt lat="37.659532959" lon="-119.098362168"/><trkpt lat="37.659578053" lon="-119.098457638"/><trkpt lat="37.659570258" lon="-119.098634077"/><trkpt lat="37.659585932" lon="-119.09880532"/><trkpt lat="37.659676792" lon="-119.098960971"/><trkpt lat="37.659791792" lon="-119.099076055"/><trkpt lat="37.659926405" lon="-119.099138752"/><trkpt lat="37.660024306" lon="-119.099165071"/><trkpt lat="37.660111226" lon="-119.0992794"/><trkpt lat="37.660150956" lon="-119.099410074"/><trkpt lat="37.66017694" lon="-119.099528594"/><trkpt lat="37.660162523" lon="-119.099816764"/><trkpt lat="37.660181131" lon="-119.100082302"/><trkpt lat="37.660205439" lon="-119.100294951"/><trkpt lat="37.660276182" lon="-119.100532494"/><trkpt lat="37.660386488" lon="-119.100647494"/><trkpt lat="37.660506768" lon="-119.100727458"/><trkpt lat="37.660632832" lon="-119.100742796"/><trkpt lat="37.660806756" lon="-119.100706503"/><trkpt lat="37.660980932" lon="-119.100652523"/><trkpt lat="37.661123341" lon="-119.100538781"/><trkpt lat="37.66123197" lon="-119.100488825"/><trkpt lat="37.661335152" lon="-119.100474073"/><trkpt lat="37.66149885" lon="-119.100484634"/><trkpt lat="37.66164788" lon="-119.100530064"/><trkpt lat="37.661763467" lon="-119.100609859"/><trkpt lat="37.661872432" lon="-119.100801386"/><trkpt lat="37.661991622" lon="-119.10094019"/><trkpt lat="37.66212129" lon="-119.101020405"/><trkpt lat="37.662214497" lon="-119.10104664"/><trkpt lat="37.662302423" lon="-119.101102129"/><trkpt lat="37.662394373" lon="-119.10119894"/><trkpt lat="37.662434857" lon="-119.101288375"/><trkpt lat="37.662409795" lon="-119.101381917"/><trkpt lat="37.66231047" lon="-119.101437991"/><trkpt lat="37.662230087" lon="-119.101482835"/><trkpt lat="37.662163787" lon="-119.101528097"/><trkpt lat="37.662111903" lon="-119.101550141"/><trkpt lat="37.662069574" lon="-119.101560703"/><trkpt lat="37.662041076" lon="-119.101583501"/><trkpt lat="37.661964716" lon="-119.1016638"/><trkpt lat="37.661897829" lon="-119.101738399"/><trkpt lat="37.66185022" lon="-119.101784164"/><trkpt lat="37.661857596" lon="-119.101896314"/><trkpt lat="37.661877545" lon="-119.102091193"/><trkpt lat="37.661855416" lon="-119.102279032"/><trkpt lat="37.661749804" lon="-119.102429152"/><trkpt lat="37.661664225" lon="-119.102503248"/><trkpt lat="37.661583591" lon="-119.102559825"/><trkpt lat="37.661489714" lon="-119.102558652"/><trkpt lat="37.661327692" lon="-119.102591006"/><trkpt lat="37.661121329" lon="-119.102640543"/><trkpt lat="37.660959139" lon="-119.102682117"/><trkpt lat="37.660875991" lon="-119.102818239"/><trkpt lat="37.66095411" lon="-119.102968192"/><trkpt lat="37.661149325" lon="-119.103130633"/><trkpt lat="37.661302211" lon="-119.103199532"/><trkpt lat="37.661471106" lon="-119.10319509"/><trkpt lat="37.661574874" lon="-119.103133399"/><trkpt lat="37.661701776" lon="-119.103017058"/><trkpt lat="37.661834294" lon="-119.102993086"/><trkpt lat="37.661886094" lon="-119.102966851"/><trkpt lat="37.662061611" lon="-119.10299954"/><trkpt lat="37.662229501" lon="-119.103050418"/><trkpt lat="37.662383057" lon="-119.103082437"/><trkpt lat="37.662557652" lon="-119.103170447"/><trkpt lat="37.662681034" lon="-119.103247812"/><trkpt lat="37.662833417" lon="-119.103344455"/><trkpt lat="37.662948752" lon="-119.103458533"/><trkpt lat="37.663064506" lon="-119.103554087"/><trkpt lat="37.663291739" lon="-119.103569761"/><trkpt lat="37.663533892" lon="-119.10356733"/><trkpt lat="37.663680492" lon="-119.103580741"/><trkpt lat="37.663826505" lon="-119.103621813"/><trkpt lat="37.663971093" lon="-119.103745949"/><trkpt lat="37.664048625" lon="-119.103923477"/><trkpt lat="37.66411853" lon="-119.104119362"/><trkpt lat="37.664213078" lon="-119.104168145"/><trkpt lat="37.664366383" lon="-119.104209468"/><trkpt lat="37.664541984" lon="-119.104242157"/><trkpt lat="37.664637286" lon="-119.104244839"/><trkpt lat="37.664730996" lon="-119.104339806"/><trkpt lat="37.664750693" lon="-119.104469558"/><trkpt lat="37.664770894" lon="-119.104571734"/><trkpt lat="37.664894778" lon="-119.104621354"/><trkpt lat="37.665032493" lon="-119.104717579"/><trkpt lat="37.665090496" lon="-119.104756135"/><trkpt lat="37.665080857" lon="-119.104885133"/><trkpt lat="37.665026877" lon="-119.105031313"/><trkpt lat="37.664995445" lon="-119.10515042"/><trkpt lat="37.664999133" lon="-119.105353598"/><trkpt lat="37.665099045" lon="-119.10551344"/><trkpt lat="37.665220583" lon="-119.105692226"/><trkpt lat="37.665400375" lon="-119.105900433"/><trkpt lat="37.665587962" lon="-119.106081147"/><trkpt lat="37.665813016" lon="-119.106216766"/><trkpt lat="37.665951066" lon="-119.10629455"/><trkpt lat="37.666022731" lon="-119.10638893"/><trkpt lat="37.666042596" lon="-119.106509462"/><trkpt lat="37.666018121" lon="-119.10664726"/><trkpt lat="37.66596498" lon="-119.10674734"/><trkpt lat="37.665976882" lon="-119.106904585"/><trkpt lat="37.666054582" lon="-119.107072977"/><trkpt lat="37.666249629" lon="-119.107244639"/><trkpt lat="37.666424224" lon="-119.107332733"/><trkpt lat="37.666607033" lon="-119.10736559"/><trkpt lat="37.66675313" lon="-119.107406661"/><trkpt lat="37.666869806" lon="-119.107446894"/><trkpt lat="37.66699872" lon="-119.107625932"/><trkpt lat="37.66718463" lon="-119.10789893"/><trkpt lat="37.667356376" lon="-119.108143849"/><trkpt lat="37.667506747" lon="-119.108351218"/><trkpt lat="37.667687545" lon="-119.108504103"/><trkpt lat="37.667889297" lon="-119.108712897"/><trkpt lat="37.668047799" lon="-119.108874332"/><trkpt lat="37.668213928" lon="-119.109026799"/><trkpt lat="37.66838274" lon="-119.109022357"/><trkpt lat="37.668588012" lon="-119.10903736"/><trkpt lat="37.668732852" lon="-119.109143056"/><trkpt lat="37.668854389" lon="-119.109321926"/><trkpt lat="37.668925803" lon="-119.109434746"/><trkpt lat="37.669061506" lon="-119.109641695"/><trkpt lat="37.669256218" lon="-119.109831881"/><trkpt lat="37.669379264" lon="-119.109927686"/><trkpt lat="37.669509687" lon="-119.110023743"/><trkpt lat="37.669625692" lon="-119.110100856"/><trkpt lat="37.66975645" lon="-119.110178389"/><trkpt lat="37.669975972" lon="-119.110212335"/><trkpt lat="37.670131121" lon="-119.110152153"/><trkpt lat="37.670256682" lon="-119.110109573"/><trkpt lat="37.670365227" lon="-119.110195739"/><trkpt lat="37.670452399" lon="-119.110244354"/><trkpt lat="37.670643255" lon="-119.110240582"/><trkpt lat="37.670848863" lon="-119.110237146"/><trkpt lat="37.671076013" lon="-119.11025282"/><trkpt lat="37.671280447" lon="-119.110314008"/><trkpt lat="37.671492677" lon="-119.110347787"/><trkpt lat="37.671704823" lon="-119.110381482"/><trkpt lat="37.671988802" lon="-119.110509558"/><trkpt lat="37.672207318" lon="-119.110598909"/><trkpt lat="37.672417704" lon="-119.110734109"/><trkpt lat="37.672546953" lon="-119.110894706"/><trkpt lat="37.672633119" lon="-119.110998726"/><trkpt lat="37.672638483" lon="-119.111109702"/><trkpt lat="37.672555335" lon="-119.111245824"/><trkpt lat="37.672487022" lon="-119.111373145"/><trkpt lat="37.672476713" lon="-119.111539023"/><trkpt lat="37.67255458" lon="-119.111698195"/><trkpt lat="37.672713501" lon="-119.111841191"/><trkpt lat="37.672857335" lon="-119.112002207"/><trkpt lat="37.67305146" lon="-119.112229357"/><trkpt lat="37.673259666" lon="-119.112484502"/><trkpt lat="37.67339604" lon="-119.11265457"/><trkpt lat="37.673458653" lon="-119.112850288"/><trkpt lat="37.673459491" lon="-119.113210374"/><trkpt lat="37.673505591" lon="-119.113507178"/><trkpt lat="37.673595948" lon="-119.113786714"/><trkpt lat="37.67365085" lon="-119.11400062"/><trkpt lat="37.673692005" lon="-119.114158703"/><trkpt lat="37.673916724" lon="-119.114312846"/><trkpt lat="37.674142029" lon="-119.114439329"/><trkpt lat="37.674214533" lon="-119.114487525"/><trkpt lat="37.674343027" lon="-119.114685087"/><trkpt lat="37.67443548" lon="-119.114853898"/><trkpt lat="37.67455752" lon="-119.115005108"/><trkpt lat="37.674643183" lon="-119.115136787"/><trkpt lat="37.674715184" lon="-119.115212727"/><trkpt lat="37.674787939" lon="-119.115251703"/><trkpt lat="37.67500042" lon="-119.115266958"/><trkpt lat="37.675249865" lon="-119.115274083"/><trkpt lat="37.675381377" lon="-119.115305515"/><trkpt lat="37.675482715" lon="-119.115382293"/><trkpt lat="37.675582459" lon="-119.115551356"/><trkpt lat="37.675630823" lon="-119.11571891"/><trkpt lat="37.675693184" lon="-119.115923764"/><trkpt lat="37.675794186" lon="-119.116018983"/><trkpt lat="37.675933745" lon="-119.116013702"/><trkpt lat="37.676132228" lon="-119.115991658"/><trkpt lat="37.676307997" lon="-119.116015127"/><trkpt lat="37.676439341" lon="-119.116055863"/><trkpt lat="37.676511677" lon="-119.116113279"/><trkpt lat="37.67656792" lon="-119.116253424"/><trkpt lat="37.676661881" lon="-119.116329951"/><trkpt lat="37.676838655" lon="-119.116298016"/><trkpt lat="37.676971508" lon="-119.116255688"/><trkpt lat="37.677125819" lon="-119.116241606"/><trkpt lat="37.677294044" lon="-119.116274128"/><trkpt lat="37.677445589" lon="-119.116416872"/><trkpt lat="37.677470986" lon="-119.116639243"/><trkpt lat="37.677486325" lon="-119.117008969"/><trkpt lat="37.67751717" lon="-119.117333014"/><trkpt lat="37.677585566" lon="-119.117611963"/><trkpt lat="37.677684138" lon="-119.117845651"/><trkpt lat="37.67785714" lon="-119.118016725"/><trkpt lat="37.678133575" lon="-119.118153937"/><trkpt lat="37.67836743" lon="-119.118206743"/><trkpt lat="37.678725924" lon="-119.118272373"/><trkpt lat="37.67893807" lon="-119.118306153"/><trkpt lat="37.679122137" lon="-119.118274385"/><trkpt lat="37.679285835" lon="-119.11814983"/><trkpt lat="37.679494042" lon="-119.117998788"/><trkpt lat="37.679694537" lon="-119.117866019"/><trkpt lat="37.6798434" lon="-119.117750181"/><trkpt lat="37.679940211" lon="-119.117669882"/><trkpt lat="37.680020761" lon="-119.117681365"/><trkpt lat="37.680084798" lon="-119.117794018"/><trkpt lat="37.680156128" lon="-119.117906839"/><trkpt lat="37.68022201" lon="-119.117917987"/><trkpt lat="37.680318654" lon="-119.117846908"/><trkpt lat="37.680394677" lon="-119.117701314"/><trkpt lat="37.680484867" lon="-119.1175838"/><trkpt lat="37.680580672" lon="-119.117558906"/><trkpt lat="37.680645213" lon="-119.117643815"/><trkpt lat="37.680650409" lon="-119.117764011"/><trkpt lat="37.680623755" lon="-119.118021755"/><trkpt lat="37.680642447" lon="-119.118206995"/><trkpt lat="37.680707322" lon="-119.118273463"/><trkpt lat="37.680781167" lon="-119.118247898"/><trkpt lat="37.680885606" lon="-119.118149243"/><trkpt lat="37.680997169" lon="-119.118069364"/><trkpt lat="37.681071684" lon="-119.118006835"/><trkpt lat="37.681167154" lon="-119.118000297"/><trkpt lat="37.681254745" lon="-119.118030556"/><trkpt lat="37.681259522" lon="-119.118169192"/><trkpt lat="37.681217277" lon="-119.118481921"/><trkpt lat="37.681219624" lon="-119.118759027"/><trkpt lat="37.681252817" lon="-119.118953822"/><trkpt lat="37.681368319" lon="-119.11905868"/><trkpt lat="37.681491198" lon="-119.119163789"/><trkpt lat="37.681627907" lon="-119.119315417"/><trkpt lat="37.681742571" lon="-119.119466459"/><trkpt lat="37.681900989" lon="-119.119637199"/><trkpt lat="37.68201666" lon="-119.119732836"/><trkpt lat="37.682118248" lon="-119.119800311"/><trkpt lat="37.682330059" lon="-119.11985253"/><trkpt lat="37.682417482" lon="-119.119892009"/><trkpt lat="37.68251094" lon="-119.119996196"/><trkpt lat="37.682639519" lon="-119.120193841"/><trkpt lat="37.682723925" lon="-119.120399365"/><trkpt lat="37.68281688" lon="-119.120531296"/><trkpt lat="37.682828782" lon="-119.120688625"/><trkpt lat="37.682870943" lon="-119.120791387"/><trkpt lat="37.682980327" lon="-119.120831452"/><trkpt lat="37.683068505" lon="-119.120824747"/><trkpt lat="37.68315752" lon="-119.120771857"/><trkpt lat="37.683275035" lon="-119.12076599"/><trkpt lat="37.683370253" lon="-119.120777976"/><trkpt lat="37.683427753" lon="-119.120844193"/><trkpt lat="37.683425071" lon="-119.120991882"/><trkpt lat="37.683371427" lon="-119.121119622"/><trkpt lat="37.683325578" lon="-119.12121987"/><trkpt lat="37.683323901" lon="-119.121312154"/><trkpt lat="37.683389615" lon="-119.121332522"/><trkpt lat="37.683470417" lon="-119.121325649"/><trkpt lat="37.68351526" lon="-119.121280722"/><trkpt lat="37.683603438" lon="-119.121274017"/><trkpt lat="37.683690526" lon="-119.121331936"/><trkpt lat="37.683800329" lon="-119.121344257"/><trkpt lat="37.68389605" lon="-119.121328499"/><trkpt lat="37.683926728" lon="-119.121255577"/><trkpt lat="37.683943659" lon="-119.121126747"/><trkpt lat="37.68401918" lon="-119.121008897"/><trkpt lat="37.684116745" lon="-119.120891634"/><trkpt lat="37.684235098" lon="-119.120839583"/><trkpt lat="37.684360575" lon="-119.120797003"/><trkpt lat="37.684500637" lon="-119.120764062"/><trkpt lat="37.684714459" lon="-119.120705556"/><trkpt lat="37.684841026" lon="-119.120607572"/><trkpt lat="37.684944374" lon="-119.120573541"/><trkpt lat="37.685106397" lon="-119.120541271"/><trkpt lat="37.685232209" lon="-119.120480251"/><trkpt lat="37.685336731" lon="-119.120381596"/><trkpt lat="37.685433794" lon="-119.120292077"/><trkpt lat="37.685559271" lon="-119.120249497"/><trkpt lat="37.685676953" lon="-119.120234326"/><trkpt lat="37.685758006" lon="-119.120218232"/><trkpt lat="37.685777955" lon="-119.120329628"/><trkpt lat="37.685805364" lon="-119.120441191"/><trkpt lat="37.685877029" lon="-119.120535571"/><trkpt lat="37.685942911" lon="-119.120546719"/><trkpt lat="37.68601005" lon="-119.120483939"/><trkpt lat="37.686084229" lon="-119.120439934"/><trkpt lat="37.68612857" lon="-119.120422751"/><trkpt lat="37.686126893" lon="-119.120515035"/><trkpt lat="37.686191434" lon="-119.120599944"/><trkpt lat="37.68625631" lon="-119.120666413"/><trkpt lat="37.686307104" lon="-119.120695582"/><trkpt lat="37.686366783" lon="-119.120641937"/><trkpt lat="37.686405173" lon="-119.120550659"/><trkpt lat="37.686465941" lon="-119.120432306"/><trkpt lat="37.686533164" lon="-119.120369609"/><trkpt lat="37.686593514" lon="-119.120279001"/><trkpt lat="37.686651517" lon="-119.120317558"/><trkpt lat="37.686628131" lon="-119.120390816"/><trkpt lat="37.686590161" lon="-119.120463571"/><trkpt lat="37.686573481" lon="-119.12057396"/><trkpt lat="37.686534505" lon="-119.12070212"/><trkpt lat="37.686517825" lon="-119.120812425"/><trkpt lat="37.686537523" lon="-119.120942261"/><trkpt lat="37.686639195" lon="-119.121000599"/><trkpt lat="37.686800715" lon="-119.120995989"/><trkpt lat="37.686954942" lon="-119.120991128"/><trkpt lat="37.687123669" lon="-119.120995989"/><trkpt lat="37.687255181" lon="-119.121027421"/><trkpt lat="37.687400356" lon="-119.121114677"/><trkpt lat="37.68757428" lon="-119.121239651"/><trkpt lat="37.687718784" lon="-119.121363871"/><trkpt lat="37.68786354" lon="-119.121478787"/><trkpt lat="37.687993878" lon="-119.121574843"/><trkpt lat="37.688096222" lon="-119.121596301"/><trkpt lat="37.688183896" lon="-119.121617256"/><trkpt lat="37.688269559" lon="-119.121749019"/><trkpt lat="37.688277271" lon="-119.122137018"/><trkpt lat="37.688291688" lon="-119.122562231"/><trkpt lat="37.688357821" lon="-119.12296121"/><trkpt lat="37.688417584" lon="-119.123313837"/><trkpt lat="37.6884491" lon="-119.123601001"/><trkpt lat="37.688444071" lon="-119.123877939"/><trkpt lat="37.688389588" lon="-119.124051863"/><trkpt lat="37.688342566" lon="-119.124216735"/><trkpt lat="37.688358407" lon="-119.124558801"/><trkpt lat="37.688418506" lon="-119.124892987"/><trkpt lat="37.688495954" lon="-119.125070684"/><trkpt lat="37.688583545" lon="-119.125100859"/><trkpt lat="37.688671052" lon="-119.125131117"/><trkpt lat="37.688751519" lon="-119.1251426"/><trkpt lat="37.688808097" lon="-119.125264306"/><trkpt lat="37.688850425" lon="-119.125357848"/><trkpt lat="37.68896006" lon="-119.125379473"/><trkpt lat="37.68901974" lon="-119.125325745"/><trkpt lat="37.689072462" lon="-119.125253409"/><trkpt lat="37.689137254" lon="-119.125319878"/><trkpt lat="37.689214787" lon="-119.125497574"/><trkpt lat="37.689327858" lon="-119.125740901"/><trkpt lat="37.68942819" lon="-119.12586621"/><trkpt lat="37.689569341" lon="-119.125983724"/><trkpt lat="37.689660117" lon="-119.126079446"/><trkpt lat="37.689784337" lon="-119.126114985"/><trkpt lat="37.689860193" lon="-119.126137532"/><trkpt lat="37.689928925" lon="-119.126174413"/><trkpt lat="37.689979384" lon="-119.126193272"/><trkpt lat="37.690064879" lon="-119.126198636"/><trkpt lat="37.690115673" lon="-119.126200145"/><trkpt lat="37.690173173" lon="-119.126216322"/><trkpt lat="37.690209886" lon="-119.126231913"/><trkpt lat="37.690222878" lon="-119.126284635"/><trkpt lat="37.690214664" lon="-119.126351271"/><trkpt lat="37.690174095" lon="-119.126422852"/><trkpt lat="37.690138221" lon="-119.126488734"/><trkpt lat="37.690125732" lon="-119.126540786"/><trkpt lat="37.690126905" lon="-119.126604823"/><trkpt lat="37.69015356" lon="-119.126663748"/><trkpt lat="37.690192619" lon="-119.126676489"/><trkpt lat="37.690239474" lon="-119.126645895"/><trkpt lat="37.69027208" lon="-119.126629299"/><trkpt lat="37.690309379" lon="-119.126612954"/><trkpt lat="37.690344332" lon="-119.126599375"/><trkpt lat="37.690395461" lon="-119.12658345"/><trkpt lat="37.690425469" lon="-119.126584288"/><trkpt lat="37.690473497" lon="-119.126617648"/><trkpt lat="37.690493111" lon="-119.126679339"/><trkpt lat="37.690485399" lon="-119.126725607"/><trkpt lat="37.690441981" lon="-119.126826189"/><trkpt lat="37.690406358" lon="-119.126874637"/><trkpt lat="37.690386828" lon="-119.126932304"/><trkpt lat="37.690386157" lon="-119.126972957"/><trkpt lat="37.690413315" lon="-119.12700288"/><trkpt lat="37.6904481" lon="-119.126998018"/><trkpt lat="37.690503839" lon="-119.126982177"/><trkpt lat="37.690546084" lon="-119.126948481"/><trkpt lat="37.69059998" lon="-119.126909254"/><trkpt lat="37.690656139" lon="-119.126870194"/><trkpt lat="37.690698048" lon="-119.126853934"/><trkpt lat="37.690739958" lon="-119.126840606"/><trkpt lat="37.690785974" lon="-119.126850581"/><trkpt lat="37.690813048" lon="-119.126889221"/><trkpt lat="37.690805169" lon="-119.126941357"/><trkpt lat="37.690773401" lon="-119.127033558"/><trkpt lat="37.690756219" lon="-119.127091225"/><trkpt lat="37.69075077" lon="-119.127137661"/><trkpt lat="37.690768205" lon="-119.127196334"/><trkpt lat="37.690816484" lon="-119.12721226"/><trkpt lat="37.690876666" lon="-119.127208153"/><trkpt lat="37.690950846" lon="-119.127195748"/><trkpt lat="37.691029469" lon="-119.127195077"/><trkpt lat="37.691061739" lon="-119.127198933"/><trkpt lat="37.691088812" lon="-119.127237489"/><trkpt lat="37.691099541" lon="-119.127284344"/><trkpt lat="37.691077916" lon="-119.127327343"/><trkpt lat="37.691055704" lon="-119.127408229"/><trkpt lat="37.69103827" lon="-119.127477547"/><trkpt lat="37.691036928" lon="-119.127550218"/><trkpt lat="37.691054698" lon="-119.127591457"/><trkpt lat="37.691105492" lon="-119.127595816"/><trkpt lat="37.69115679" lon="-119.127571089"/><trkpt lat="37.691205656" lon="-119.127552146"/><trkpt lat="37.691300539" lon="-119.127546111"/><trkpt lat="37.691367511" lon="-119.127550973"/><trkpt lat="37.691413695" lon="-119.127555164"/><trkpt lat="37.691461556" lon="-119.127591457"/><trkpt lat="37.691467172" lon="-119.127667313"/><trkpt lat="37.69146122" lon="-119.127736967"/><trkpt lat="37.69144102" lon="-119.127835287"/><trkpt lat="37.69143247" lon="-119.127922291"/><trkpt lat="37.691447474" lon="-119.127989681"/><trkpt lat="37.691497849" lon="-119.128014408"/><trkpt lat="37.691539591" lon="-119.128009798"/><trkpt lat="37.691602623" lon="-119.127976689"/><trkpt lat="37.691668002" lon="-119.127937797"/><trkpt lat="37.691723993" lon="-119.127910305"/><trkpt lat="37.691798424" lon="-119.127883315"/><trkpt lat="37.691865647" lon="-119.127873676"/><trkpt lat="37.691923482" lon="-119.127872419"/><trkpt lat="37.69196732" lon="-119.127879459"/><trkpt lat="37.692009062" lon="-119.127871916"/><trkpt lat="37.692034375" lon="-119.127878454"/><trkpt lat="37.692047367" lon="-119.127928326"/><trkpt lat="37.692032531" lon="-119.12798021"/><trkpt lat="37.69200814" lon="-119.128052294"/><trkpt lat="37.691967823" lon="-119.128109291"/><trkpt lat="37.691927254" lon="-119.128177939"/><trkpt lat="37.691910407" lon="-119.128212389"/><trkpt lat="37.691893559" lon="-119.128252622"/><trkpt lat="37.691888195" lon="-119.12829319"/><trkpt lat="37.691901438" lon="-119.128328562"/><trkpt lat="37.691961452" lon="-119.128330238"/><trkpt lat="37.692028759" lon="-119.128317665"/><trkpt lat="37.69208475" lon="-119.128290173"/><trkpt lat="37.692126827" lon="-119.128262261"/><trkpt lat="37.692192039" lon="-119.12823502"/><trkpt lat="37.692245515" lon="-119.128219094"/><trkpt lat="37.692296309" lon="-119.128226386"/><trkpt lat="37.692332687" lon="-119.128259411"/><trkpt lat="37.692343583" lon="-119.128294615"/><trkpt lat="37.692330759" lon="-119.128367035"/><trkpt lat="37.692315672" lon="-119.12843057"/><trkpt lat="37.692284072" lon="-119.128516987"/><trkpt lat="37.69225046" lon="-119.128585802"/><trkpt lat="37.692235708" lon="-119.128634837"/><trkpt lat="37.692232355" lon="-119.128692923"/><trkpt lat="37.692282898" lon="-119.128711866"/><trkpt lat="37.692355067" lon="-119.128681943"/><trkpt lat="37.692425223" lon="-119.128640285"/><trkpt lat="37.692497391" lon="-119.128613295"/><trkpt lat="37.692553131" lon="-119.128597369"/><trkpt lat="37.692608787" lon="-119.128587395"/><trkpt lat="37.69266176" lon="-119.128597621"/><trkpt lat="37.692718506" lon="-119.128657468"/><trkpt lat="37.692730911" lon="-119.128739275"/><trkpt lat="37.692701407" lon="-119.12883441"/><trkpt lat="37.692658408" lon="-119.128914624"/><trkpt lat="37.692613648" lon="-119.128959887"/><trkpt lat="37.692562183" lon="-119.128990397"/><trkpt lat="37.692490267" lon="-119.12900582"/><trkpt lat="37.692439472" lon="-119.129001461"/><trkpt lat="37.692390857" lon="-119.129005903"/><trkpt lat="37.692358084" lon="-119.129028199"/><trkpt lat="37.69235054" lon="-119.1290629"/><trkpt lat="37.692347523" lon="-119.129103553"/><trkpt lat="37.692364957" lon="-119.129162226"/><trkpt lat="37.69238499" lon="-119.129203549"/><trkpt lat="37.692395635" lon="-119.129253337"/><trkpt lat="37.692380128" lon="-119.129345957"/><trkpt lat="37.692339728" lon="-119.129403038"/><trkpt lat="37.692293879" lon="-119.129512254"/><trkpt lat="37.692239061" lon="-119.129600851"/><trkpt lat="37.692222716" lon="-119.129737141"/><trkpt lat="37.692218106" lon="-119.129867898"/><trkpt lat="37.692190614" lon="-119.129980635"/><trkpt lat="37.692175359" lon="-119.130055821"/><trkpt lat="37.692108974" lon="-119.130149949"/><trkpt lat="37.692051474" lon="-119.130261764"/><trkpt lat="37.69201803" lon="-119.130318929"/><trkpt lat="37.692005876" lon="-119.130353546"/><trkpt lat="37.692011241" lon="-119.130438035"/><trkpt lat="37.692044433" lon="-119.130523363"/><trkpt lat="37.692077374" lon="-119.130617408"/><trkpt lat="37.692093216" lon="-119.130766271"/><trkpt lat="37.69208408" lon="-119.130885294"/><trkpt lat="37.692065556" lon="-119.131015632"/><trkpt lat="37.692038063" lon="-119.131128369"/><trkpt lat="37.692003697" lon="-119.131240854"/><trkpt lat="37.691977043" lon="-119.131306987"/><trkpt lat="37.691931026" lon="-119.131424921"/><trkpt lat="37.691906299" lon="-119.131511506"/><trkpt lat="37.691920632" lon="-119.131613765"/><trkpt lat="37.691935804" lon="-119.131669421"/><trkpt lat="37.69190412" lon="-119.131761622"/><trkpt lat="37.691855924" lon="-119.131870838"/><trkpt lat="37.691803034" lon="-119.131982736"/><trkpt lat="37.691799095" lon="-119.132072842"/><trkpt lat="37.691790462" lon="-119.132165713"/><trkpt lat="37.691760287" lon="-119.132301584"/><trkpt lat="37.691725669" lon="-119.132425636"/><trkpt lat="37.691740422" lon="-119.132504677"/><trkpt lat="37.691763807" lon="-119.132618755"/><trkpt lat="37.691791384" lon="-119.132753368"/><trkpt lat="37.691823486" lon="-119.132896867"/><trkpt lat="37.691846285" lon="-119.133042963"/><trkpt lat="37.691885764" lon="-119.133160478"/><trkpt lat="37.691911999" lon="-119.133245638"/><trkpt lat="37.691984084" lon="-119.133349573"/><trkpt lat="37.692064885" lon="-119.133482762"/><trkpt lat="37.692138813" lon="-119.133612933"/><trkpt lat="37.692180723" lon="-119.133724663"/><trkpt lat="37.692222046" lon="-119.133868413"/><trkpt lat="37.692259932" lon="-119.134073183"/><trkpt lat="37.692301758" lon="-119.134318773"/><trkpt lat="37.692358" lon="-119.134404771"/><trkpt lat="37.692445507" lon="-119.134552712"/><trkpt lat="37.692511976" lon="-119.134708866"/><trkpt lat="37.692597136" lon="-119.134859657"/><trkpt lat="37.692696461" lon="-119.134990498"/><trkpt lat="37.692801906" lon="-119.135040119"/><trkpt lat="37.693003323" lon="-119.13515931"/><trkpt lat="37.693212284" lon="-119.135283446"/><trkpt lat="37.693389896" lon="-119.13540666"/><trkpt lat="37.693552338" lon="-119.135509757"/><trkpt lat="37.693715449" lon="-119.135568598"/><trkpt lat="37.693790803" lon="-119.135728274"/><trkpt lat="37.693865318" lon="-119.135932205"/><trkpt lat="37.693943521" lon="-119.136150973"/><trkpt lat="37.693950059" lon="-119.13622004"/><trkpt lat="37.694002278" lon="-119.136359347"/><trkpt lat="37.693933547" lon="-119.136485327"/><trkpt lat="37.693865737" lon="-119.136557244"/><trkpt lat="37.693833215" lon="-119.136625221"/><trkpt lat="37.693855679" lon="-119.136679955"/><trkpt lat="37.693933798" lon="-119.136687163"/><trkpt lat="37.694004877" lon="-119.136649864"/><trkpt lat="37.694064053" lon="-119.136622036"/><trkpt lat="37.694119206" lon="-119.136598986"/><trkpt lat="37.694181735" lon="-119.136600746"/><trkpt lat="37.694223393" lon="-119.136675764"/><trkpt lat="37.694194475" lon="-119.136758661"/><trkpt lat="37.694130018" lon="-119.136865027"/><trkpt lat="37.69408593" lon="-119.136922862"/><trkpt lat="37.694010912" lon="-119.13696494"/><trkpt lat="37.693916699" lon="-119.136981955"/><trkpt lat="37.693853332" lon="-119.137024451"/><trkpt lat="37.693817206" lon="-119.137077508"/><trkpt lat="37.693796419" lon="-119.137145821"/><trkpt lat="37.693809997" lon="-119.137259396"/><trkpt lat="37.693835394" lon="-119.137368361"/><trkpt lat="37.69386909" lon="-119.137453018"/><trkpt lat="37.693922566" lon="-119.13752351"/><trkpt lat="37.693955675" lon="-119.137637587"/><trkpt lat="37.693930781" lon="-119.137715623"/><trkpt lat="37.693833886" lon="-119.137885105"/><trkpt lat="37.69374135" lon="-119.138025166"/><trkpt lat="37.693703882" lon="-119.138152068"/><trkpt lat="37.693678821" lon="-119.138239911"/><trkpt lat="37.693579579" lon="-119.138320712"/><trkpt lat="37.693453515" lon="-119.138371255"/><trkpt lat="37.693312028" lon="-119.138411405"/><trkpt lat="37.693248661" lon="-119.138453901"/><trkpt lat="37.693204321" lon="-119.138526488"/><trkpt lat="37.6932065" lon="-119.13862003"/><trkpt lat="37.693216307" lon="-119.138728576"/><trkpt lat="37.693229886" lon="-119.138842151"/><trkpt lat="37.69316216" lon="-119.138909122"/><trkpt lat="37.69306778" lon="-119.138940806"/><trkpt lat="37.692945069" lon="-119.139020937"/><trkpt lat="37.692884384" lon="-119.139132416"/><trkpt lat="37.692806516" lon="-119.139327044"/><trkpt lat="37.692773072" lon="-119.139449084"/><trkpt lat="37.692772401" lon="-119.139700038"/><trkpt lat="37.692817412" lon="-119.140021233"/><trkpt lat="37.692860747" lon="-119.140219381"/><trkpt lat="37.692974824" lon="-119.140399843"/><trkpt lat="37.693081191" lon="-119.140570248"/><trkpt lat="37.693127794" lon="-119.140802845"/><trkpt lat="37.693108264" lon="-119.141018847"/><trkpt lat="37.692990918" lon="-119.141236944"/><trkpt lat="37.692809114" lon="-119.141556462"/><trkpt lat="37.692674585" lon="-119.141857708"/><trkpt lat="37.692634854" lon="-119.142107572"/><trkpt lat="37.69264726" lon="-119.142285101"/><trkpt lat="37.6926916" lon="-119.142429102"/><trkpt lat="37.692728313" lon="-119.1425581"/><trkpt lat="37.692729738" lon="-119.142695982"/><trkpt lat="37.692618594" lon="-119.142786255"/><trkpt lat="37.692492614" lon="-119.142831853"/><trkpt lat="37.692410555" lon="-119.142829506"/><trkpt lat="37.692219196" lon="-119.142814083"/><trkpt lat="37.692066226" lon="-119.142839229"/><trkpt lat="37.691905545" lon="-119.142859178"/><trkpt lat="37.691733297" lon="-119.142868984"/><trkpt lat="37.691604467" lon="-119.142855406"/><trkpt lat="37.691455856" lon="-119.142856076"/><trkpt lat="37.691306071" lon="-119.142920617"/><trkpt lat="37.691238681" lon="-119.142967891"/><trkpt lat="37.691214206" lon="-119.143026229"/><trkpt lat="37.691236837" lon="-119.143071156"/><trkpt lat="37.691278998" lon="-119.14311667"/><trkpt lat="37.691297689" lon="-119.143166458"/><trkpt lat="37.691303892" lon="-119.143255223"/><trkpt lat="37.691263491" lon="-119.143327894"/><trkpt lat="37.691164836" lon="-119.143374246"/><trkpt lat="37.69102687" lon="-119.14343426"/><trkpt lat="37.690826207" lon="-119.143502237"/><trkpt lat="37.690676423" lon="-119.143566862"/><trkpt lat="37.690578103" lon="-119.143598462"/><trkpt lat="37.690428235" lon="-119.143667948"/><trkpt lat="37.690331675" lon="-119.143733494"/><trkpt lat="37.690251376" lon="-119.143808344"/><trkpt lat="37.690335363" lon="-119.144009426"/><trkpt lat="37.690419601" lon="-119.144199444"/><trkpt lat="37.690511635" lon="-119.14444495"/><trkpt lat="37.690647421" lon="-119.144691629"/><trkpt lat="37.690749262" lon="-119.14488215"/><trkpt lat="37.69088706" lon="-119.145018524"/><trkpt lat="37.691016309" lon="-119.145143665"/><trkpt lat="37.691117479" lon="-119.145367295"/><trkpt lat="37.691351082" lon="-119.145539626"/><trkpt lat="37.691551326" lon="-119.145622607"/><trkpt lat="37.691749306" lon="-119.145826958"/><trkpt lat="37.692081314" lon="-119.14589175"/><trkpt lat="37.692212239" lon="-119.145928631"/><trkpt lat="37.692376357" lon="-119.146065842"/><trkpt lat="37.692503175" lon="-119.146323334"/><trkpt lat="37.692674417" lon="-119.146548975"/><trkpt lat="37.692836355" lon="-119.146807473"/><trkpt lat="37.692982536" lon="-119.146966226"/><trkpt lat="37.693181941" lon="-119.14709338"/><trkpt lat="37.693278333" lon="-119.147096146"/><trkpt lat="37.693377156" lon="-119.146966562"/><trkpt lat="37.693477152" lon="-119.146770844"/><trkpt lat="37.693557115" lon="-119.146717954"/><trkpt lat="37.693681167" lon="-119.146644277"/><trkpt lat="37.693812847" lon="-119.146637069"/><trkpt lat="37.693943353" lon="-119.146695994"/><trkpt lat="37.693993477" lon="-119.146829937"/><trkpt lat="37.694025915" lon="-119.146974273"/><trkpt lat="37.694004038" lon="-119.147216426"/><trkpt lat="37.693948969" lon="-119.147347268"/><trkpt lat="37.693849392" lon="-119.147521025"/><trkpt lat="37.693794994" lon="-119.147618758"/><trkpt lat="37.693810081" lon="-119.147751611"/><trkpt lat="37.693921393" lon="-119.147898294"/><trkpt lat="37.694042092" lon="-119.14801212"/><trkpt lat="37.69420621" lon="-119.148149332"/><trkpt lat="37.694327747" lon="-119.148219069"/><trkpt lat="37.694423385" lon="-119.148265924"/><trkpt lat="37.694490021" lon="-119.148455523"/><trkpt lat="37.694574678" lon="-119.148623496"/><trkpt lat="37.694669059" lon="-119.148716871"/><trkpt lat="37.694807863" lon="-119.148829021"/><trkpt lat="37.694892017" lon="-119.148927592"/><trkpt lat="37.694972986" lon="-119.149065055"/><trkpt lat="37.695047669" lon="-119.14915734"/><trkpt lat="37.695133165" lon="-119.149183827"/><trkpt lat="37.695211954" lon="-119.149180138"/><trkpt lat="37.695287308" lon="-119.149107216"/><trkpt lat="37.695344053" lon="-119.149003699"/><trkpt lat="37.695381185" lon="-119.148929687"/><trkpt lat="37.695413036" lon="-119.148885598"/><trkpt lat="37.695456287" lon="-119.148868835"/><trkpt lat="37.695515715" lon="-119.148885515"/><trkpt lat="37.695579836" lon="-119.148899429"/><trkpt lat="37.695623254" lon="-119.14887663"/><trkpt lat="37.695633648" lon="-119.148828853"/><trkpt lat="37.695621159" lon="-119.148729444"/><trkpt lat="37.695615543" lon="-119.148642104"/><trkpt lat="37.6956225" lon="-119.148522159"/><trkpt lat="37.69566902" lon="-119.148460468"/><trkpt lat="37.695757952" lon="-119.148427024"/><trkpt lat="37.695843363" lon="-119.148453511"/><trkpt lat="37.695989292" lon="-119.148436664"/><trkpt lat="37.696118206" lon="-119.148431383"/><trkpt lat="37.696240246" lon="-119.148413949"/><trkpt lat="37.696343595" lon="-119.148374889"/><trkpt lat="37.696445435" lon="-119.148287717"/><trkpt lat="37.696627155" lon="-119.148136759"/><trkpt lat="37.69679714" lon="-119.147979515"/><trkpt lat="37.696928065" lon="-119.147866108"/><trkpt lat="37.696976848" lon="-119.147807518"/><trkpt lat="37.697006604" lon="-119.147748258"/><trkpt lat="37.69701683" lon="-119.147712551"/><trkpt lat="37.697052537" lon="-119.147713557"/><trkpt lat="37.697094614" lon="-119.147762842"/><trkpt lat="37.697141301" lon="-119.147821264"/><trkpt lat="37.697179271" lon="-119.14783434"/><trkpt lat="37.697208608" lon="-119.147793185"/><trkpt lat="37.69721481" lon="-119.147715233"/><trkpt lat="37.697204333" lon="-119.147636862"/><trkpt lat="37.697227634" lon="-119.147535358"/><trkpt lat="37.697253199" lon="-119.147442989"/><trkpt lat="37.697338527" lon="-119.147343328"/><trkpt lat="37.697440535" lon="-119.147247188"/><trkpt lat="37.697561402" lon="-119.14716362"/><trkpt lat="37.697646394" lon="-119.14708198"/><trkpt lat="37.697762568" lon="-119.146995228"/><trkpt lat="37.697871532" lon="-119.146911241"/><trkpt lat="37.697952418" lon="-119.146790458"/><trkpt lat="37.698001871" lon="-119.146695742"/><trkpt lat="37.698060628" lon="-119.146616366"/><trkpt lat="37.698149392" lon="-119.146462725"/><trkpt lat="37.69825249" lon="-119.146303469"/><trkpt lat="37.698329352" lon="-119.146143543"/><trkpt lat="37.698343936" lon="-119.145999793"/><trkpt lat="37.698442508" lon="-119.145828383"/><trkpt lat="37.698545856" lon="-119.145660158"/><trkpt lat="37.698617773" lon="-119.145509033"/><trkpt lat="37.698804522" lon="-119.145214073"/><trkpt lat="37.698919689" lon="-119.145049201"/><trkpt lat="37.699065534" lon="-119.144906206"/><trkpt lat="37.69913259" lon="-119.144760948"/><trkpt lat="37.699239124" lon="-119.144679978"/><trkpt lat="37.699301988" lon="-119.14463371"/><trkpt lat="37.69943811" lon="-119.144496499"/><trkpt lat="37.699575154" lon="-119.144311175"/><trkpt lat="37.699649585" lon="-119.144157115"/><trkpt lat="37.699769279" lon="-119.144004397"/><trkpt lat="37.699839603" lon="-119.143943377"/><trkpt lat="37.699889811" lon="-119.143938767"/><trkpt lat="37.699963236" lon="-119.143970953"/><trkpt lat="37.700073794" lon="-119.144058293"/><trkpt lat="37.700173706" lon="-119.144208329"/><trkpt lat="37.700264566" lon="-119.144328106"/><trkpt lat="37.700396664" lon="-119.144416032"/><trkpt lat="37.700573858" lon="-119.144517286"/><trkpt lat="37.700698664" lon="-119.144607978"/><trkpt lat="37.70080654" lon="-119.144713255"/><trkpt lat="37.700888179" lon="-119.144817693"/><trkpt lat="37.701004017" lon="-119.144878127"/><trkpt lat="37.701182552" lon="-119.144904362"/><trkpt lat="37.701379946" lon="-119.144943086"/><trkpt lat="37.701530987" lon="-119.145034533"/><trkpt lat="37.70168622" lon="-119.145162189"/><trkpt lat="37.701809015" lon="-119.145231843"/><trkpt lat="37.701932648" lon="-119.145391602"/><trkpt lat="37.702085031" lon="-119.145543231"/><trkpt lat="37.702202126" lon="-119.145663762"/><trkpt lat="37.702358197" lon="-119.145743307"/><trkpt lat="37.702438748" lon="-119.145778678"/><trkpt lat="37.702507395" lon="-119.145807764"/><trkpt lat="37.702627843" lon="-119.145877333"/><trkpt lat="37.702762792" lon="-119.146070452"/><trkpt lat="37.702864967" lon="-119.146226607"/><trkpt lat="37.702937135" lon="-119.146324843"/><trkpt lat="37.703036042" lon="-119.14639676"/><trkpt lat="37.70317602" lon="-119.146445878"/><trkpt lat="37.703289008" lon="-119.146530284"/><trkpt lat="37.703402415" lon="-119.14672575"/><trkpt lat="37.703519259" lon="-119.146861369"/><trkpt lat="37.703629564" lon="-119.146963628"/><trkpt lat="37.703735009" lon="-119.147071838"/><trkpt lat="37.703825282" lon="-119.147227658"/><trkpt lat="37.703844728" lon="-119.147339389"/><trkpt lat="37.70389854" lon="-119.147530161"/><trkpt lat="37.7039635" lon="-119.147760328"/><trkpt lat="37.704049414" lon="-119.147892008"/><trkpt lat="37.704167515" lon="-119.147961494"/><trkpt lat="37.7042743" lon="-119.147994602"/><trkpt lat="37.70435309" lon="-119.148126114"/><trkpt lat="37.704443531" lon="-119.148269864"/><trkpt lat="37.704577474" lon="-119.148384947"/><trkpt lat="37.704701442" lon="-119.148523668"/><trkpt lat="37.704872601" lon="-119.148690887"/><trkpt lat="37.705017524" lon="-119.148857268"/><trkpt lat="37.705201758" lon="-119.149096906"/><trkpt lat="37.705303933" lon="-119.149253061"/><trkpt lat="37.705383562" lon="-119.149336461"/><trkpt lat="37.705497555" lon="-119.149366803"/><trkpt lat="37.705622278" lon="-119.149463531"/><trkpt lat="37.70577969" lon="-119.149597306"/><trkpt lat="37.705981024" lon="-119.149775589"/><trkpt lat="37.706200797" lon="-119.149997374"/><trkpt lat="37.706382768" lon="-119.150126958"/><trkpt lat="37.706562644" lon="-119.150372464"/><trkpt lat="37.706755595" lon="-119.150618305"/><trkpt lat="37.707013674" lon="-119.150907481"/><trkpt lat="37.707245937" lon="-119.151162794"/><trkpt lat="37.707517426" lon="-119.151435792"/><trkpt lat="37.707814649" lon="-119.151742738"/><trkpt lat="37.707981449" lon="-119.151979527"/><trkpt lat="37.708124863" lon="-119.152058316"/><trkpt lat="37.708241288" lon="-119.152169377"/><trkpt lat="37.708402304" lon="-119.152364591"/><trkpt lat="37.708581844" lon="-119.152626693"/><trkpt lat="37.708741017" lon="-119.152921317"/><trkpt lat="37.708915193" lon="-119.153116951"/><trkpt lat="37.709111664" lon="-119.153172355"/><trkpt lat="37.709248206" lon="-119.15326749"/><trkpt lat="37.709412323" lon="-119.15328878"/><trkpt lat="37.709553558" lon="-119.153127177"/><trkpt lat="37.709749611" lon="-119.152842863"/><trkpt lat="37.70992999" lon="-119.152698945"/><trkpt lat="37.71016988" lon="-119.152540192"/><trkpt lat="37.710362915" lon="-119.152421504"/><trkpt lat="37.710608169" lon="-119.15232922"/><trkpt lat="37.710880917" lon="-119.152171388"/><trkpt lat="37.711246619" lon="-119.151974833"/><trkpt lat="37.711433033" lon="-119.151855977"/><trkpt lat="37.711693123" lon="-119.151672916"/><trkpt lat="37.711866796" lon="-119.151537046"/><trkpt lat="37.712158654" lon="-119.151412994"/><trkpt lat="37.712310702" lon="-119.151375946"/><trkpt lat="37.712469287" lon="-119.151347363"/><trkpt lat="37.712633153" lon="-119.151385333"/><trkpt lat="37.712914031" lon="-119.151501171"/><trkpt lat="37.713176049" lon="-119.151575016"/><trkpt lat="37.713419292" lon="-119.151590355"/><trkpt lat="37.713663038" lon="-119.151580883"/><trkpt lat="37.713927738" lon="-119.151505698"/><trkpt lat="37.714206604" lon="-119.151372928"/><trkpt lat="37.714526206" lon="-119.151175031"/><trkpt lat="37.71462637" lon="-119.151095068"/><trkpt lat="37.71470625" lon="-119.15104771"/><trkpt lat="37.714802641" lon="-119.15117478"/><trkpt lat="37.714893417" lon="-119.151251977"/><trkpt lat="37.715003472" lon="-119.151354572"/><trkpt lat="37.715100031" lon="-119.151473427"/><trkpt lat="37.715196256" lon="-119.151608795"/><trkpt lat="37.715246379" lon="-119.15175112"/><trkpt lat="37.715249732" lon="-119.151925212"/><trkpt lat="37.715181587" lon="-119.152055802"/><trkpt lat="37.715061139" lon="-119.152160073"/><trkpt lat="37.714961898" lon="-119.152190331"/><trkpt lat="37.71490775" lon="-119.152271636"/><trkpt lat="37.714918647" lon="-119.152396191"/><trkpt lat="37.714928621" lon="-119.152570534"/><trkpt lat="37.714837929" lon="-119.152849652"/><trkpt lat="37.714822926" lon="-119.152948642"/><trkpt lat="37.714833654" lon="-119.153081495"/><trkpt lat="37.714791326" lon="-119.153237734"/><trkpt lat="37.714716978" lon="-119.153343346"/><trkpt lat="37.714582868" lon="-119.153480306"/><trkpt lat="37.714447919" lon="-119.153658673"/><trkpt lat="37.714300314" lon="-119.153811811"/><trkpt lat="37.714160169" lon="-119.153915495"/><trkpt lat="37.714007366" lon="-119.153993865"/><trkpt lat="37.713829083" lon="-119.154021861"/><trkpt lat="37.713599" lon="-119.154006941"/><trkpt lat="37.713549044" lon="-119.153995877"/><trkpt lat="37.713463381" lon="-119.154004343"/><trkpt lat="37.713393141" lon="-119.154026471"/><trkpt lat="37.713333461" lon="-119.154141219"/><trkpt lat="37.713284176" lon="-119.154260661"/><trkpt lat="37.713260958" lon="-119.154385217"/><trkpt lat="37.713241847" lon="-119.154476915"/><trkpt lat="37.713247715" lon="-119.154536426"/><trkpt lat="37.713276967" lon="-119.154559225"/><trkpt lat="37.713310244" lon="-119.15455143"/><trkpt lat="37.713343771" lon="-119.154534834"/><trkpt lat="37.713370258" lon="-119.154517986"/><trkpt lat="37.71340169" lon="-119.154514549"/><trkpt lat="37.713409904" lon="-119.154543299"/><trkpt lat="37.713410491" lon="-119.154607086"/><trkpt lat="37.713407725" lon="-119.154661903"/><trkpt lat="37.713415856" lon="-119.154697275"/><trkpt lat="37.713433206" lon="-119.154700041"/><trkpt lat="37.713451227" lon="-119.154669782"/><trkpt lat="37.713481318" lon="-119.15464648"/><trkpt lat="37.713504368" lon="-119.15462737"/><trkpt lat="37.713519959" lon="-119.154634411"/><trkpt lat="37.713527838" lon="-119.154678583"/><trkpt lat="37.713527251" lon="-119.154711524"/><trkpt lat="37.713523144" lon="-119.15474874"/><trkpt lat="37.713536723" lon="-119.154766761"/><trkpt lat="37.713556085" lon="-119.154760726"/><trkpt lat="37.713577291" lon="-119.154745974"/><trkpt lat="37.713595061" lon="-119.154726695"/><trkpt lat="37.713612327" lon="-119.154738178"/><trkpt lat="37.713611573" lon="-119.154777741"/><trkpt lat="37.713607298" lon="-119.154821495"/><trkpt lat="37.713610567" lon="-119.154834822"/><trkpt lat="37.71363127" lon="-119.154846389"/><trkpt lat="37.713654321" lon="-119.154829457"/><trkpt lat="37.713666642" lon="-119.154823255"/><trkpt lat="37.713676868" lon="-119.15483457"/><trkpt lat="37.713681562" lon="-119.154863236"/><trkpt lat="37.71367888" lon="-119.154918054"/><trkpt lat="37.713674437" lon="-119.154968513"/><trkpt lat="37.713681981" lon="-119.155034646"/><trkpt lat="37.713692291" lon="-119.155138163"/><trkpt lat="37.713701762" lon="-119.1551934"/><trkpt lat="37.713729506" lon="-119.155200776"/><trkpt lat="37.713760938" lon="-119.155201698"/><trkpt lat="37.713779965" lon="-119.155211085"/><trkpt lat="37.713789353" lon="-119.15527286"/><trkpt lat="37.713794718" lon="-119.155358691"/><trkpt lat="37.713803183" lon="-119.15546665"/><trkpt lat="37.713833274" lon="-119.155542171"/><trkpt lat="37.713865545" lon="-119.155589277"/><trkpt lat="37.713925727" lon="-119.15564158"/><trkpt lat="37.713959254" lon="-119.155717269"/><trkpt lat="37.714005355" lon="-119.155867975"/><trkpt lat="37.714042403" lon="-119.155939389"/><trkpt lat="37.714107698" lon="-119.155998398"/><trkpt lat="37.714159833" lon="-119.156010887"/><trkpt lat="37.714211382" lon="-119.155959673"/><trkpt lat="37.714245245" lon="-119.155923296"/><trkpt lat="37.714278353" lon="-119.155924218"/><trkpt lat="37.71433183" lon="-119.155958751"/><trkpt lat="37.714406094" lon="-119.156002672"/><trkpt lat="37.714477424" lon="-119.156015748"/><trkpt lat="37.714533666" lon="-119.155993201"/><trkpt lat="37.714576749" lon="-119.15602522"/><trkpt lat="37.714641709" lon="-119.156099651"/><trkpt lat="37.714730892" lon="-119.156187912"/><trkpt lat="37.714780932" lon="-119.15621792"/><trkpt lat="37.714869613" lon="-119.156230493"/><trkpt lat="37.714952677" lon="-119.156229319"/><trkpt lat="37.71501286" lon="-119.156227475"/><trkpt lat="37.715066923" lon="-119.156247089"/><trkpt lat="37.715108749" lon="-119.156309618"/><trkpt lat="37.715110425" lon="-119.156374494"/><trkpt lat="37.715106318" lon="-119.15644289"/><trkpt lat="37.715168009" lon="-119.156516818"/><trkpt lat="37.715276051" lon="-119.156559566"/><trkpt lat="37.715392727" lon="-119.156599045"/><trkpt lat="37.715503536" lon="-119.156649169"/><trkpt lat="37.715613926" lon="-119.156720834"/><trkpt lat="37.715719538" lon="-119.156738352"/><trkpt lat="37.7158223" lon="-119.156755786"/><trkpt lat="37.715902599" lon="-119.156750841"/><trkpt lat="37.716000834" lon="-119.156703232"/><trkpt lat="37.71606504" lon="-119.1566402"/><trkpt lat="37.716145003" lon="-119.156649755"/><trkpt lat="37.716199234" lon="-119.156662161"/><trkpt lat="37.716259668" lon="-119.1566459"/><trkpt lat="37.716318006" lon="-119.156586304"/><trkpt lat="37.716368549" lon="-119.156486811"/><trkpt lat="37.716473993" lon="-119.156360077"/><trkpt lat="37.716572564" lon="-119.156294446"/><trkpt lat="37.716654539" lon="-119.156195875"/><trkpt lat="37.716710027" lon="-119.156136196"/><trkpt lat="37.716752859" lon="-119.155989597"/><trkpt lat="37.716795439" lon="-119.155853894"/><trkpt lat="37.716830811" lon="-119.155797232"/><trkpt lat="37.71687448" lon="-119.155758843"/><trkpt lat="37.716948576" lon="-119.155778959"/><trkpt lat="37.717064582" lon="-119.155858085"/><trkpt lat="37.717131469" lon="-119.155957326"/><trkpt lat="37.717224173" lon="-119.156057406"/><trkpt lat="37.717373539" lon="-119.156187912"/><trkpt lat="37.71750371" lon="-119.156274665"/><trkpt lat="37.717640167" lon="-119.156332668"/><trkpt lat="37.71777981" lon="-119.156369213"/><trkpt lat="37.717939736" lon="-119.156395448"/><trkpt lat="37.718131598" lon="-119.15639746"/><trkpt lat="37.718295129" lon="-119.156380612"/><trkpt lat="37.718372913" lon="-119.156357562"/><trkpt lat="37.718461175" lon="-119.15638539"/><trkpt lat="37.718529068" lon="-119.156430652"/><trkpt lat="37.718572402" lon="-119.156565266"/><trkpt lat="37.718620347" lon="-119.156765006"/><trkpt lat="37.718651947" lon="-119.156913701"/><trkpt lat="37.718732664" lon="-119.15704228"/><trkpt lat="37.718801731" lon="-119.157181336"/><trkpt lat="37.718862332" lon="-119.157312848"/><trkpt lat="37.718928633" lon="-119.157448215"/><trkpt lat="37.719003316" lon="-119.157590959"/><trkpt lat="37.719036341" lon="-119.157664049"/><trkpt lat="37.719089147" lon="-119.157752143"/><trkpt lat="37.719200626" lon="-119.157762537"/><trkpt lat="37.719329372" lon="-119.157769913"/><trkpt lat="37.719446551" lon="-119.157784162"/><trkpt lat="37.719543278" lon="-119.15781945"/><trkpt lat="37.719665654" lon="-119.157862617"/><trkpt lat="37.719771015" lon="-119.157894552"/><trkpt lat="37.719876878" lon="-119.157901257"/><trkpt lat="37.719936641" lon="-119.157924559"/><trkpt lat="37.719981568" lon="-119.157972755"/><trkpt lat="37.72000948" lon="-119.158009635"/><trkpt lat="37.72001409" lon="-119.158071075"/><trkpt lat="37.719993219" lon="-119.158117343"/><trkpt lat="37.719946364" lon="-119.158173669"/><trkpt lat="37.719894145" lon="-119.158211807"/><trkpt lat="37.71985651" lon="-119.158232342"/><trkpt lat="37.719815942" lon="-119.158256399"/><trkpt lat="37.719783923" lon="-119.158287914"/><trkpt lat="37.719777385" lon="-119.158330997"/><trkpt lat="37.719802447" lon="-119.158367794"/><trkpt lat="37.71989096" lon="-119.158384809"/><trkpt lat="37.719970755" lon="-119.158405093"/><trkpt lat="37.720073434" lon="-119.158429736"/><trkpt lat="37.720167562" lon="-119.158450523"/><trkpt lat="37.720215926" lon="-119.158466365"/><trkpt lat="37.720264373" lon="-119.158482207"/><trkpt lat="37.720304187" lon="-119.158494193"/><trkpt lat="37.720320532" lon="-119.158541467"/><trkpt lat="37.720274013" lon="-119.158579772"/><trkpt lat="37.720236378" lon="-119.158603912"/><trkpt lat="37.720187176" lon="-119.158631321"/><trkpt lat="37.720152559" lon="-119.158644816"/><trkpt lat="37.720140489" lon="-119.158676835"/><trkpt lat="37.720148452" lon="-119.158709524"/><trkpt lat="37.720190445" lon="-119.158764845"/><trkpt lat="37.720258841" lon="-119.158784878"/><trkpt lat="37.720324304" lon="-119.158804826"/><trkpt lat="37.720386917" lon="-119.158824692"/><trkpt lat="37.720475262" lon="-119.158852436"/><trkpt lat="37.720598225" lon="-119.158863248"/><trkpt lat="37.720669974" lon="-119.158854531"/><trkpt lat="37.720750272" lon="-119.15884967"/><trkpt lat="37.720784554" lon="-119.15885428"/><trkpt lat="37.720827386" lon="-119.158859141"/><trkpt lat="37.720861835" lon="-119.158856543"/><trkpt lat="37.720872313" lon="-119.158907337"/><trkpt lat="37.720828811" lon="-119.158938518"/><trkpt lat="37.720776508" lon="-119.158976655"/><trkpt lat="37.720741807" lon="-119.158997275"/><trkpt lat="37.720726887" lon="-119.159029294"/><trkpt lat="37.720749099" lon="-119.159069611"/><trkpt lat="37.720803246" lon="-119.159081932"/><trkpt lat="37.720869379" lon="-119.159069443"/><trkpt lat="37.720918078" lon="-119.159067264"/><trkpt lat="37.72096091" lon="-119.15907573"/><trkpt lat="37.720980942" lon="-119.159076316"/><trkpt lat="37.721000724" lon="-119.15909132"/><trkpt lat="37.720982535" lon="-119.15914488"/><trkpt lat="37.720938949" lon="-119.159179665"/><trkpt lat="37.720910115" lon="-119.15918964"/><trkpt lat="37.720855633" lon="-119.159191651"/><trkpt lat="37.72080618" lon="-119.159233477"/><trkpt lat="37.720796959" lon="-119.159269268"/><trkpt lat="37.720810538" lon="-119.159309333"/><trkpt lat="37.720858986" lon="-119.159325175"/><trkpt lat="37.720925035" lon="-119.159312686"/><trkpt lat="37.720977003" lon="-119.159288965"/><trkpt lat="37.721020337" lon="-119.159268597"/><trkpt lat="37.721043555" lon="-119.159254851"/><trkpt lat="37.721083788" lon="-119.159245212"/><trkpt lat="37.721103486" lon="-119.15926734"/><trkpt lat="37.721087812" lon="-119.159339005"/><trkpt lat="37.721060989" lon="-119.159395918"/><trkpt lat="37.721042885" lon="-119.159445874"/><trkpt lat="37.721068198" lon="-119.159471858"/><trkpt lat="37.72111916" lon="-119.159502201"/><trkpt lat="37.721213624" lon="-119.159504967"/><trkpt lat="37.721285708" lon="-119.159478229"/><trkpt lat="37.721348992" lon="-119.159465656"/><trkpt lat="37.721391823" lon="-119.159470517"/><trkpt lat="37.721457034" lon="-119.159508403"/><trkpt lat="37.721510008" lon="-119.159585685"/><trkpt lat="37.7215748" lon="-119.159803949"/><trkpt lat="37.721727267" lon="-119.160233857"/><trkpt lat="37.721900856" lon="-119.160610288"/><trkpt lat="37.722044438" lon="-119.161054362"/><trkpt lat="37.722222218" lon="-119.161513858"/><trkpt lat="37.72229095" lon="-119.161667246"/><trkpt lat="37.722360939" lon="-119.161759447"/><trkpt lat="37.722534779" lon="-119.161804207"/><trkpt lat="37.722679032" lon="-119.161902107"/><trkpt lat="37.722838875" lon="-119.1620907"/><trkpt lat="37.723010704" lon="-119.162247106"/><trkpt lat="37.723190328" lon="-119.162447099"/><trkpt lat="37.723364336" lon="-119.162639631"/><trkpt lat="37.723430386" lon="-119.162785811"/><trkpt lat="37.723548068" lon="-119.162929812"/><trkpt lat="37.723507667" lon="-119.16325679"/><trkpt lat="37.723529544" lon="-119.163470194"/><trkpt lat="37.723641358" lon="-119.163617631"/><trkpt lat="37.723745378" lon="-119.163725255"/><trkpt lat="37.723767757" lon="-119.163909825"/><trkpt lat="37.72372677" lon="-119.164114092"/><trkpt lat="37.7237349" lon="-119.164294638"/><trkpt lat="37.723825593" lon="-119.164502844"/><trkpt lat="37.723887116" lon="-119.164587585"/><trkpt lat="37.723979065" lon="-119.164878689"/><trkpt lat="37.724081827" lon="-119.165213378"/><trkpt lat="37.724224152" lon="-119.165415885"/><trkpt lat="37.724293219" lon="-119.165551336"/><trkpt lat="37.724417439" lon="-119.16580732"/><trkpt lat="37.724551884" lon="-119.166128598"/><trkpt lat="37.724598739" lon="-119.166382318"/><trkpt lat="37.724714326" lon="-119.166483069"/><trkpt lat="37.724926807" lon="-119.166608294"/><trkpt lat="37.725081705" lon="-119.166753469"/><trkpt lat="37.725221096" lon="-119.166959412"/><trkpt lat="37.725433744" lon="-119.167232495"/><trkpt lat="37.725567017" lon="-119.167459896"/><trkpt lat="37.725601383" lon="-119.167615967"/><trkpt lat="37.72574354" lon="-119.167829286"/><trkpt lat="37.725799279" lon="-119.16791386"/><trkpt lat="37.725886367" lon="-119.168002959"/><trkpt lat="37.725946214" lon="-119.168022741"/><trkpt lat="37.726009833" lon="-119.167988542"/><trkpt lat="37.72606465" lon="-119.167964906"/><trkpt lat="37.726130029" lon="-119.167991979"/><trkpt lat="37.726173615" lon="-119.168112259"/><trkpt lat="37.726279646" lon="-119.168266822"/><trkpt lat="37.726332871" lon="-119.16833329"/><trkpt lat="37.726360699" lon="-119.168377379"/><trkpt lat="37.726392215" lon="-119.168374697"/><trkpt lat="37.726410488" lon="-119.168313928"/><trkpt lat="37.726403112" lon="-119.168248801"/><trkpt lat="37.726418199" lon="-119.168209573"/><trkpt lat="37.726463797" lon="-119.168221727"/><trkpt lat="37.726528421" lon="-119.168288531"/><trkpt lat="37.726689773" lon="-119.168545688"/><trkpt lat="37.72683478" lon="-119.168759007"/><trkpt lat="37.726975679" lon="-119.169040807"/><trkpt lat="37.727068886" lon="-119.169267118"/><trkpt lat="37.72714843" lon="-119.169460572"/><trkpt lat="37.727221521" lon="-119.169531232"/><trkpt lat="37.727360576" lon="-119.169603735"/><trkpt lat="37.727507511" lon="-119.169712616"/><trkpt lat="37.727611028" lon="-119.169841865"/><trkpt lat="37.727693338" lon="-119.170039007"/><trkpt lat="37.727709347" lon="-119.170259451"/><trkpt lat="37.727744132" lon="-119.170390293"/><trkpt lat="37.727830214" lon="-119.170540664"/><trkpt lat="37.727981005" lon="-119.170746943"/><trkpt lat="37.728191977" lon="-119.17095867"/><trkpt lat="37.728341008" lon="-119.171107281"/><trkpt lat="37.728386438" lon="-119.171126643"/><trkpt lat="37.728438154" lon="-119.171120944"/><trkpt lat="37.728455923" lon="-119.171208115"/><trkpt lat="37.728463048" lon="-119.171414981"/><trkpt lat="37.728487439" lon="-119.171574153"/><trkpt lat="37.728562541" lon="-119.171658978"/><trkpt lat="37.728701262" lon="-119.171848996"/><trkpt lat="37.728858087" lon="-119.171950081"/><trkpt lat="37.728950288" lon="-119.171994086"/><trkpt lat="37.729062187" lon="-119.172155773"/><trkpt lat="37.729183137" lon="-119.172421144"/><trkpt lat="37.729300736" lon="-119.172569253"/><trkpt lat="37.72939059" lon="-119.172744099"/><trkpt lat="37.729448006" lon="-119.172890447"/><trkpt lat="37.729490753" lon="-119.172946773"/><trkpt lat="37.729533501" lon="-119.1730031"/><trkpt lat="37.729577506" lon="-119.172990695"/><trkpt lat="37.729589995" lon="-119.172908384"/><trkpt lat="37.729608351" lon="-119.172798665"/><trkpt lat="37.729620254" lon="-119.172750805"/><trkpt lat="37.729669539" lon="-119.172745356"/><trkpt lat="37.729750425" lon="-119.172809729"/><trkpt lat="37.729785293" lon="-119.17299673"/><trkpt lat="37.729847236" lon="-119.173198314"/><trkpt lat="37.729920326" lon="-119.173386488"/><trkpt lat="37.729966426" lon="-119.173559994"/><trkpt lat="37.730002133" lon="-119.173698882"/><trkpt lat="37.730039516" lon="-119.173748167"/><trkpt lat="37.730099447" lon="-119.173763674"/><trkpt lat="37.730111349" lon="-119.17370894"/><trkpt lat="37.730107075" lon="-119.17364683"/><trkpt lat="37.730124593" lon="-119.173585307"/><trkpt lat="37.730163233" lon="-119.173565777"/><trkpt lat="37.730222493" lon="-119.173615733"/><trkpt lat="37.730254177" lon="-119.173678681"/><trkpt lat="37.730279574" lon="-119.173782784"/><trkpt lat="37.730347384" lon="-119.173963834"/><trkpt lat="37.730452996" lon="-119.174173633"/><trkpt lat="37.730449056" lon="-119.174387036"/><trkpt lat="37.730457941" lon="-119.174497509"/><trkpt lat="37.730499012" lon="-119.174643354"/><trkpt lat="37.73057227" lon="-119.174824655"/><trkpt lat="37.73061946" lon="-119.175232435"/><trkpt lat="37.730610827" lon="-119.175700648"/><trkpt lat="37.730657766" lon="-119.176122257"/><trkpt lat="37.730677044" lon="-119.176556775"/><trkpt lat="37.730680481" lon="-119.176963298"/><trkpt lat="37.730679475" lon="-119.177314583"/><trkpt lat="37.73063086" lon="-119.177574925"/><trkpt lat="37.730512759" lon="-119.17775061"/><trkpt lat="37.730490211" lon="-119.177784389"/><trkpt lat="37.730396669" lon="-119.177816072"/><trkpt lat="37.730215704" lon="-119.177838285"/><trkpt lat="37.730111517" lon="-119.177849013"/><trkpt lat="37.730021747" lon="-119.177970383"/><trkpt lat="37.72995335" lon="-119.178119916"/><trkpt lat="37.730026692" lon="-119.178294344"/><trkpt lat="37.730115624" lon="-119.178517386"/><trkpt lat="37.730215453" lon="-119.178740764"/><trkpt lat="37.730314443" lon="-119.179005381"/><trkpt lat="37.730387449" lon="-119.179200428"/><trkpt lat="37.730551483" lon="-119.179501506"/><trkpt lat="37.730812831" lon="-119.179867376"/><trkpt lat="37.731074765" lon="-119.18019888"/><trkpt lat="37.731212396" lon="-119.18045084"/><trkpt lat="37.731385985" lon="-119.180827942"/><trkpt lat="37.73151339" lon="-119.181038411"/><trkpt lat="37.731596539" lon="-119.181275032"/><trkpt lat="37.731629983" lon="-119.181537805"/><trkpt lat="37.731567873" lon="-119.18163931"/><trkpt lat="37.73151624" lon="-119.181768727"/><trkpt lat="37.731523281" lon="-119.181982465"/><trkpt lat="37.731525125" lon="-119.182175416"/><trkpt lat="37.731455807" lon="-119.182373146"/><trkpt lat="37.731392607" lon="-119.182536593"/><trkpt lat="37.731381962" lon="-119.182818728"/><trkpt lat="37.731361426" lon="-119.183038585"/><trkpt lat="37.731336281" lon="-119.183216952"/><trkpt lat="37.731306609" lon="-119.183340082"/><trkpt lat="37.731239051" lon="-119.183441419"/><trkpt lat="37.731238129" lon="-119.183785832"/><trkpt lat="37.731259754" lon="-119.184096465"/><trkpt lat="37.731303005" lon="-119.184421515"/><trkpt lat="37.731382968" lon="-119.184830301"/><trkpt lat="37.731430829" lon="-119.185196757"/><trkpt lat="37.731531076" lon="-119.185399516"/><trkpt lat="37.731686309" lon="-119.185583163"/><trkpt lat="37.731815223" lon="-119.185710987"/><trkpt lat="37.731927624" lon="-119.185845181"/><trkpt lat="37.732006833" lon="-119.185999073"/><trkpt lat="37.73204539" lon="-119.186282633"/><trkpt lat="37.732058633" lon="-119.1864553"/><trkpt lat="37.732154941" lon="-119.186568372"/><trkpt lat="37.732223505" lon="-119.186708098"/><trkpt lat="37.732246974" lon="-119.186915467"/><trkpt lat="37.732276395" lon="-119.187102383"/><trkpt lat="37.732199114" lon="-119.187430786"/><trkpt lat="37.732150164" lon="-119.187711747"/><trkpt lat="37.732086461" lon="-119.187902771"/><trkpt lat="37.732109092" lon="-119.188158335"/><trkpt lat="37.732126191" lon="-119.188413732"/><trkpt lat="37.732127029" lon="-119.188661752"/><trkpt lat="37.732101213" lon="-119.188874485"/><trkpt lat="37.732205987" lon="-119.189125607"/><trkpt lat="37.732274635" lon="-119.189258544"/><trkpt lat="37.732329955" lon="-119.189521903"/><trkpt lat="37.732410002" lon="-119.189923815"/><trkpt lat="37.732523745" lon="-119.190278538"/><trkpt lat="37.732615275" lon="-119.190653209"/><trkpt lat="37.732696496" lon="-119.190993179"/><trkpt lat="37.732761288" lon="-119.191332646"/><trkpt lat="37.732826499" lon="-119.191651493"/><trkpt lat="37.732934961" lon="-119.191999175"/><trkpt lat="37.733018612" lon="-119.192208303"/><trkpt lat="37.733109221" lon="-119.192334954"/><trkpt lat="37.733195722" lon="-119.192392621"/><trkpt lat="37.73334383" lon="-119.192369487"/><trkpt lat="37.733508199" lon="-119.192360519"/><trkpt lat="37.733633844" lon="-119.192371164"/><trkpt lat="37.733728057" lon="-119.19230503"/><trkpt lat="37.733854456" lon="-119.192274353"/><trkpt lat="37.734012371" lon="-119.192313412"/><trkpt lat="37.734126365" lon="-119.192365045"/><trkpt lat="37.734272713" lon="-119.192438219"/><trkpt lat="37.734419396" lon="-119.192490857"/><trkpt lat="37.734599859" lon="-119.192496138"/><trkpt lat="37.734807143" lon="-119.192529833"/><trkpt lat="37.735002693" lon="-119.192604516"/><trkpt lat="37.735164128" lon="-119.192753965"/><trkpt lat="37.735321876" lon="-119.192799982"/><trkpt lat="37.735431092" lon="-119.192810124"/><trkpt lat="37.73555967" lon="-119.192958567"/><trkpt lat="37.735690009" lon="-119.193010619"/><trkpt lat="37.735792352" lon="-119.193096366"/><trkpt lat="37.735936437" lon="-119.193293508"/><trkpt lat="37.735922188" lon="-119.19347221"/><trkpt lat="37.735935347" lon="-119.193644794"/><trkpt lat="37.736101812" lon="-119.193815114"/><trkpt lat="37.736288728" lon="-119.19406171"/><trkpt lat="37.736492408" lon="-119.194288189"/><trkpt lat="37.736692233" lon="-119.194425065"/><trkpt lat="37.736874959" lon="-119.194602678"/><trkpt lat="37.737020217" lon="-119.194737878"/><trkpt lat="37.73724284" lon="-119.194827145"/><trkpt lat="37.737371502" lon="-119.194968715"/><trkpt lat="37.737575602" lon="-119.195174575"/><trkpt lat="37.737694038" lon="-119.195274487"/><trkpt lat="37.737823874" lon="-119.195354115"/><trkpt lat="37.737974999" lon="-119.195468863"/><trkpt lat="37.738186056" lon="-119.195592245"/><trkpt lat="37.738391496" lon="-119.195722332"/><trkpt lat="37.738488559" lon="-119.195800954"/><trkpt lat="37.738605989" lon="-119.19595602"/><trkpt lat="37.738697184" lon="-119.196055178"/><trkpt lat="37.738783099" lon="-119.196140422"/><trkpt lat="37.738880748" lon="-119.196184594"/><trkpt lat="37.738944869" lon="-119.196269168"/><trkpt lat="37.738986947" lon="-119.196360027"/><trkpt lat="37.738980073" lon="-119.196435632"/><trkpt lat="37.738945959" lon="-119.196503442"/><trkpt lat="37.738972362" lon="-119.196552476"/><trkpt lat="37.739037154" lon="-119.1966026"/><trkpt lat="37.739091301" lon="-119.196631769"/><trkpt lat="37.739138994" lon="-119.196715923"/><trkpt lat="37.739137318" lon="-119.196805358"/><trkpt lat="37.739080405" lon="-119.196920861"/><trkpt lat="37.739061965" lon="-119.197030496"/><trkpt lat="37.739088032" lon="-119.197100149"/><trkpt lat="37.739119297" lon="-119.197183801"/><trkpt lat="37.739123236" lon="-119.197266614"/><trkpt lat="37.739104796" lon="-119.197376249"/><trkpt lat="37.739157518" lon="-119.197481191"/><trkpt lat="37.739313422" lon="-119.197630472"/><trkpt lat="37.739431271" lon="-119.197764834"/><trkpt lat="37.739543421" lon="-119.197912859"/><trkpt lat="37.739616092" lon="-119.198121736"/><trkpt lat="37.739640735" lon="-119.198267162"/><trkpt lat="37.739621624" lon="-119.198411247"/><trkpt lat="37.739580804" lon="-119.198547788"/><trkpt lat="37.739551133" lon="-119.198670918"/><trkpt lat="37.73956052" lon="-119.198753899"/><trkpt lat="37.739597904" lon="-119.198803268"/><trkpt lat="37.739568651" lon="-119.198905695"/><trkpt lat="37.739554988" lon="-119.199049948"/><trkpt lat="37.739607207" lon="-119.199182466"/><trkpt lat="37.739708461" lon="-119.199330155"/><trkpt lat="37.739811474" lon="-119.199381368"/><trkpt lat="37.739877189" lon="-119.199376423"/><trkpt lat="37.739937035" lon="-119.199392013"/><trkpt lat="37.739957822" lon="-119.199454626"/><trkpt lat="37.739939298" lon="-119.199564345"/><trkpt lat="37.739992607" lon="-119.19964171"/><trkpt lat="37.74006838" lon="-119.199685296"/><trkpt lat="37.740111379" lon="-119.199727876"/><trkpt lat="37.740120851" lon="-119.199803984"/><trkpt lat="37.740124119" lon="-119.199921163"/><trkpt lat="37.74008967" lon="-119.200009676"/><trkpt lat="37.740114983" lon="-119.200120736"/><trkpt lat="37.740167202" lon="-119.20025317"/><trkpt lat="37.74016452" lon="-119.200397758"/><trkpt lat="37.740184553" lon="-119.20049482"/><trkpt lat="37.740127724" lon="-119.200610239"/><trkpt lat="37.740049856" lon="-119.200676791"/><trkpt lat="37.740015658" lon="-119.200751558"/><trkpt lat="37.740030158" lon="-119.200855326"/><trkpt lat="37.740016747" lon="-119.200985832"/><trkpt lat="37.739960924" lon="-119.201046182"/><trkpt lat="37.739970563" lon="-119.201115416"/><trkpt lat="37.740002163" lon="-119.201178364"/><trkpt lat="37.740094783" lon="-119.20120175"/><trkpt lat="37.740154378" lon="-119.201231087"/><trkpt lat="37.740219086" lon="-119.20128121"/><trkpt lat="37.740206933" lon="-119.201349774"/><trkpt lat="37.740172399" lon="-119.201438287"/><trkpt lat="37.740154462" lon="-119.20152043"/><trkpt lat="37.740208358" lon="-119.201563429"/><trkpt lat="37.740273736" lon="-119.201579103"/><trkpt lat="37.740322603" lon="-119.201601231"/><trkpt lat="37.740342384" lon="-119.20171204"/><trkpt lat="37.740297709" lon="-119.201758979"/><trkpt lat="37.740242388" lon="-119.201791752"/><trkpt lat="37.740208358" lon="-119.201859646"/><trkpt lat="37.740229312" lon="-119.201908512"/><trkpt lat="37.740250099" lon="-119.201964252"/><trkpt lat="37.740199892" lon="-119.202017812"/><trkpt lat="37.740144404" lon="-119.202057542"/><trkpt lat="37.740110122" lon="-119.202139182"/><trkpt lat="37.740110625" lon="-119.202401033"/><trkpt lat="37.740089586" lon="-119.202648383"/><trkpt lat="37.740091262" lon="-119.202855164"/><trkpt lat="37.740099728" lon="-119.202986341"/><trkpt lat="37.740153121" lon="-119.203056749"/><trkpt lat="37.740235012" lon="-119.203066137"/><trkpt lat="37.740330733" lon="-119.203213658"/><trkpt lat="37.740306929" lon="-119.203316253"/><trkpt lat="37.740287147" lon="-119.203494787"/><trkpt lat="37.740351353" lon="-119.203572487"/><trkpt lat="37.74045269" lon="-119.203713303"/><trkpt lat="37.740495438" lon="-119.203769714"/><trkpt lat="37.740507172" lon="-119.204018069"/><trkpt lat="37.740519578" lon="-119.204232059"/><trkpt lat="37.740504825" lon="-119.204438254"/><trkpt lat="37.740517985" lon="-119.204610921"/><trkpt lat="37.74049812" lon="-119.204796329"/><trkpt lat="37.740495522" lon="-119.204934044"/><trkpt lat="37.740416648" lon="-119.205055749"/><trkpt lat="37.740365267" lon="-119.205171335"/><trkpt lat="37.740343641" lon="-119.205446262"/><trkpt lat="37.740324279" lon="-119.205604093"/><trkpt lat="37.740323273" lon="-119.205659246"/><trkpt lat="37.740260409" lon="-119.20580199"/><trkpt lat="37.740317574" lon="-119.205962168"/><trkpt lat="37.740381276" lon="-119.206067445"/><trkpt lat="37.74040659" lon="-119.206178421"/><trkpt lat="37.740486637" lon="-119.206284117"/><trkpt lat="37.740605325" lon="-119.20637724"/><trkpt lat="37.740657376" lon="-119.206516547"/><trkpt lat="37.740688222" lon="-119.206620818"/><trkpt lat="37.740730215" lon="-119.206718551"/><trkpt lat="37.740805987" lon="-119.206762137"/><trkpt lat="37.740854267" lon="-119.206811842"/><trkpt lat="37.740895841" lon="-119.206930194"/><trkpt lat="37.741025006" lon="-119.207044272"/><trkpt lat="37.741143862" lon="-119.207123565"/><trkpt lat="37.741285181" lon="-119.207176035"/><trkpt lat="37.741365647" lon="-119.207261112"/><trkpt lat="37.741455249" lon="-119.207442915"/><trkpt lat="37.74154963" lon="-119.207659252"/><trkpt lat="37.741649542" lon="-119.20787584"/><trkpt lat="37.741749873" lon="-119.208071725"/><trkpt lat="37.741823969" lon="-119.20820483"/><trkpt lat="37.741929581" lon="-119.208407756"/><trkpt lat="37.742107194" lon="-119.208564665"/><trkpt lat="37.742303666" lon="-119.208591152"/><trkpt lat="37.742467448" lon="-119.208609844"/><trkpt lat="37.742565097" lon="-119.2086541"/><trkpt lat="37.742634835" lon="-119.208725095"/><trkpt lat="37.742713122" lon="-119.208927182"/><trkpt lat="37.742688395" lon="-119.209078057"/><trkpt lat="37.742565265" lon="-119.209225914"/><trkpt lat="37.742398633" lon="-119.209358767"/><trkpt lat="37.742269635" lon="-119.209527159"/><trkpt lat="37.742206939" lon="-119.209663114"/><trkpt lat="37.742196964" lon="-119.209903926"/><trkpt lat="37.742209369" lon="-119.210117916"/><trkpt lat="37.742245328" lon="-119.210242974"/><trkpt lat="37.742276927" lon="-119.210305922"/><trkpt lat="37.742389161" lon="-119.210447073"/><trkpt lat="37.742524613" lon="-119.210519996"/><trkpt lat="37.742704153" lon="-119.21057364"/><trkpt lat="37.742850082" lon="-119.210667517"/><trkpt lat="37.742962986" lon="-119.210774219"/><trkpt lat="37.743055439" lon="-119.210804561"/><trkpt lat="37.743202709" lon="-119.210829623"/><trkpt lat="37.743316786" lon="-119.210874382"/><trkpt lat="37.743410999" lon="-119.211097676"/><trkpt lat="37.743491214" lon="-119.211196499"/><trkpt lat="37.743549887" lon="-119.211280905"/><trkpt lat="37.743636807" lon="-119.21131108"/><trkpt lat="37.743664719" lon="-119.211284341"/><trkpt lat="37.743699336" lon="-119.211188955"/><trkpt lat="37.743733535" lon="-119.211114189"/><trkpt lat="37.743761782" lon="-119.211066747"/><trkpt lat="37.74383219" lon="-119.211103292"/><trkpt lat="37.74388466" lon="-119.21122198"/><trkpt lat="37.743904525" lon="-119.211332873"/><trkpt lat="37.7439145" lon="-119.211381404"/><trkpt lat="37.743912069" lon="-119.211512245"/><trkpt lat="37.74389388" lon="-119.211608134"/><trkpt lat="37.743881475" lon="-119.211683571"/><trkpt lat="37.74390243" lon="-119.211732438"/><trkpt lat="37.743944423" lon="-119.211830087"/><trkpt lat="37.744036457" lon="-119.211881049"/><trkpt lat="37.744123545" lon="-119.211904351"/><trkpt lat="37.744211974" lon="-119.211858753"/><trkpt lat="37.744283555" lon="-119.211833356"/><trkpt lat="37.744337954" lon="-119.211848779"/><trkpt lat="37.74440241" lon="-119.211912649"/><trkpt lat="37.744456055" lon="-119.211969394"/><trkpt lat="37.74453124" lon="-119.21204743"/><trkpt lat="37.744606594" lon="-119.212111719"/><trkpt lat="37.744759312" lon="-119.212136948"/><trkpt lat="37.744889902" lon="-119.212175254"/><trkpt lat="37.745036082" lon="-119.212255469"/><trkpt lat="37.745116716" lon="-119.212333588"/><trkpt lat="37.745255437" lon="-119.212511452"/><trkpt lat="37.745413939" lon="-119.212692501"/><trkpt lat="37.74551142" lon="-119.21286081"/><trkpt lat="37.745622816" lon="-119.212990897"/><trkpt lat="37.745701186" lon="-119.213009756"/><trkpt lat="37.745829681" lon="-119.212925434"/><trkpt lat="37.745914673" lon="-119.212828707"/><trkpt lat="37.745967982" lon="-119.212786211"/><trkpt lat="37.746025817" lon="-119.21273835"/><trkpt lat="37.746078037" lon="-119.212750923"/><trkpt lat="37.746098991" lon="-119.21280113"/><trkpt lat="37.746111145" lon="-119.212856619"/><trkpt lat="37.74615054" lon="-119.21285226"/><trkpt lat="37.746199407" lon="-119.212815212"/><trkpt lat="37.746244501" lon="-119.212744888"/><trkpt lat="37.746284986" lon="-119.21268546"/><trkpt lat="37.746333182" lon="-119.212681353"/><trkpt lat="37.746389257" lon="-119.212727118"/><trkpt lat="37.746400908" lon="-119.212804651"/><trkpt lat="37.746359585" lon="-119.212908167"/><trkpt lat="37.74632656" lon="-119.213033896"/><trkpt lat="37.746342318" lon="-119.213128109"/><trkpt lat="37.746402668" lon="-119.21317949"/><trkpt lat="37.746490259" lon="-119.21317664"/><trkpt lat="37.746622693" lon="-119.213114446"/><trkpt lat="37.746728472" lon="-119.213073459"/><trkpt lat="37.746798126" lon="-119.213092066"/><trkpt lat="37.746836264" lon="-119.213159373"/><trkpt lat="37.74682587" lon="-119.213247299"/><trkpt lat="37.746754456" lon="-119.213322317"/><trkpt lat="37.746701147" lon="-119.213364813"/><trkpt lat="37.746678432" lon="-119.213408232"/><trkpt lat="37.74667751" lon="-119.213457769"/><trkpt lat="37.746712631" lon="-119.213453326"/><trkpt lat="37.746755797" lon="-119.21348216"/><trkpt lat="37.74673719" lon="-119.213542258"/><trkpt lat="37.746722521" lon="-119.213624485"/><trkpt lat="37.746734675" lon="-119.213674441"/><trkpt lat="37.746786894" lon="-119.213692546"/><trkpt lat="37.746856632" lon="-119.213705622"/><trkpt lat="37.746881694" lon="-119.213772509"/><trkpt lat="37.74690181" lon="-119.213866806"/><trkpt lat="37.746912707" lon="-119.213982895"/><trkpt lat="37.746950258" lon="-119.214083226"/><trkpt lat="37.746999962" lon="-119.214233514"/><trkpt lat="37.747016139" lon="-119.21430015"/><trkpt lat="37.747031813" lon="-119.214399811"/><trkpt lat="37.746977331" lon="-119.214502908"/><trkpt lat="37.746897284" lon="-119.214572143"/><trkpt lat="37.746777087" lon="-119.214678844"/><trkpt lat="37.746713553" lon="-119.214798203"/><trkpt lat="37.746728724" lon="-119.21492544"/><trkpt lat="37.74676661" lon="-119.215003727"/><trkpt lat="37.746844813" lon="-119.215033567"/><trkpt lat="37.746896362" lon="-119.215084696"/><trkpt lat="37.746924525" lon="-119.215217885"/><trkpt lat="37.746952688" lon="-119.215350989"/><trkpt lat="37.746981522" lon="-119.215445537"/><trkpt lat="37.747019157" lon="-119.215540336"/><trkpt lat="37.747088475" lon="-119.21557554"/><trkpt lat="37.747206828" lon="-119.215567997"/><trkpt lat="37.7473028" lon="-119.215581911"/><trkpt lat="37.74738159" lon="-119.215584258"/><trkpt lat="37.747468175" lon="-119.215630945"/><trkpt lat="37.747574793" lon="-119.215782993"/><trkpt lat="37.747694235" lon="-119.215946356"/><trkpt lat="37.747766655" lon="-119.216053225"/><trkpt lat="37.747811917" lon="-119.216203429"/><trkpt lat="37.747814348" lon="-119.216539711"/><trkpt lat="37.74781636" lon="-119.216898037"/><trkpt lat="37.747829268" lon="-119.217140945"/><trkpt lat="37.747895066" lon="-119.217368849"/><trkpt lat="37.747878302" lon="-119.217561297"/><trkpt lat="37.747951392" lon="-119.21762961"/><trkpt lat="37.748023393" lon="-119.217758523"/><trkpt lat="37.748029092" lon="-119.217918534"/><trkpt lat="37.74808852" lon="-119.218019536"/><trkpt lat="37.748196311" lon="-119.21810545"/><trkpt lat="37.748296056" lon="-119.218152557"/><trkpt lat="37.74841642" lon="-119.218266383"/><trkpt lat="37.748533767" lon="-119.218313992"/><trkpt lat="37.748616915" lon="-119.218310975"/><trkpt lat="37.748696459" lon="-119.218269233"/><trkpt lat="37.748783631" lon="-119.218288343"/><trkpt lat="37.748857057" lon="-119.218340144"/><trkpt lat="37.748889159" lon="-119.21849546"/><trkpt lat="37.748873234" lon="-119.21864382"/><trkpt lat="37.748866361" lon="-119.218775919"/><trkpt lat="37.748886645" lon="-119.218864683"/><trkpt lat="37.748986473" lon="-119.218906257"/><trkpt lat="37.749042632" lon="-119.21894649"/><trkpt lat="37.749094097" lon="-119.219003152"/><trkpt lat="37.749061491" lon="-119.21910692"/><trkpt lat="37.748994017" lon="-119.21920415"/><trkpt lat="37.748930817" lon="-119.219306912"/><trkpt lat="37.74892889" lon="-119.21940607"/><trkpt lat="37.748935428" lon="-119.219527524"/><trkpt lat="37.748998962" lon="-119.219639674"/><trkpt lat="37.749057468" lon="-119.219784765"/><trkpt lat="37.749086218" lon="-119.219884844"/><trkpt lat="37.749136342" lon="-119.220013088"/><trkpt lat="37.749502044" lon="-119.220112246"/><trkpt lat="37.749611931" lon="-119.220088022"/><trkpt lat="37.749783173" lon="-119.220060026"/><trkpt lat="37.749923654" lon="-119.220036725"/><trkpt lat="37.75005349" lon="-119.220112246"/><trkpt lat="37.750213249" lon="-119.220227245"/><trkpt lat="37.750352304" lon="-119.220280973"/><trkpt lat="37.750496138" lon="-119.220312908"/><trkpt lat="37.750614993" lon="-119.220319865"/><trkpt lat="37.750784643" lon="-119.220409468"/><trkpt lat="37.750923699" lon="-119.220521534"/><trkpt lat="37.75106879" lon="-119.220563779"/><trkpt lat="37.751221173" lon="-119.220585823"/><trkpt lat="37.751347572" lon="-119.220633348"/><trkpt lat="37.751547648" lon="-119.220828814"/><trkpt lat="37.751664659" lon="-119.220887739"/><trkpt lat="37.751878314" lon="-119.220972899"/><trkpt lat="37.752024578" lon="-119.221076416"/><trkpt lat="37.752134884" lon="-119.221240031"/><trkpt lat="37.752186349" lon="-119.221460307"/><trkpt lat="37.752234628" lon="-119.221724169"/><trkpt lat="37.752302103" lon="-119.221950732"/><trkpt lat="37.752406122" lon="-119.222082077"/><trkpt lat="37.752578873" lon="-119.222129686"/><trkpt lat="37.752728323" lon="-119.222163213"/><trkpt lat="37.752817506" lon="-119.222325822"/><trkpt lat="37.752881544" lon="-119.22260385"/><trkpt lat="37.75313451" lon="-119.222655063"/><trkpt lat="37.753491243" lon="-119.222709378"/><trkpt lat="37.753652176" lon="-119.222743241"/><trkpt lat="37.753868848" lon="-119.222880537"/><trkpt lat="37.754097087" lon="-119.223018168"/><trkpt lat="37.754382743" lon="-119.223172143"/><trkpt lat="37.754655154" lon="-119.223412871"/><trkpt lat="37.754868055" lon="-119.223753596"/><trkpt lat="37.755058911" lon="-119.224035479"/><trkpt lat="37.755319839" lon="-119.224275872"/><trkpt lat="37.755648242" lon="-119.224605532"/><trkpt lat="37.755735917" lon="-119.224855229"/><trkpt lat="37.755891066" lon="-119.225194193"/><trkpt lat="37.756186612" lon="-119.225435676"/><trkpt lat="37.75656363" lon="-119.22563592"/><trkpt lat="37.75696462" lon="-119.225793332"/><trkpt lat="37.757491339" lon="-119.226012602"/><trkpt lat="37.757848408" lon="-119.226052416"/><trkpt lat="37.758184271" lon="-119.225989804"/><trkpt lat="37.758346042" lon="-119.225980164"/><trkpt lat="37.758531114" lon="-119.225956611"/><trkpt lat="37.758740662" lon="-119.225861141"/><trkpt lat="37.758845352" lon="-119.225820657"/><trkpt lat="37.759109214" lon="-119.225901291"/><trkpt lat="37.759370394" lon="-119.226127183"/><trkpt lat="37.759621432" lon="-119.226280069"/><trkpt lat="37.759746406" lon="-119.226385597"/><trkpt lat="37.759901052" lon="-119.226753647"/><trkpt lat="37.759918068" lon="-119.227073919"/><trkpt lat="37.760003144" lon="-119.227454457"/><trkpt lat="37.760067182" lon="-119.227732569"/><trkpt lat="37.760132812" lon="-119.227923509"/><trkpt lat="37.760258038" lon="-119.228014536"/><trkpt lat="37.760488456" lon="-119.228035994"/><trkpt lat="37.760635642" lon="-119.228185778"/><trkpt lat="37.760780146" lon="-119.228480821"/><trkpt lat="37.76084519" lon="-119.228700846"/><trkpt lat="37.760877879" lon="-119.228803609"/><trkpt lat="37.76093035" lon="-119.229081385"/><trkpt lat="37.760867737" lon="-119.22934114"/><trkpt lat="37.760851728" lon="-119.229573319"/><trkpt lat="37.760985252" lon="-119.229838941"/><trkpt lat="37.761245007" lon="-119.230137505"/><trkpt lat="37.761460338" lon="-119.230347471"/><trkpt lat="37.761617163" lon="-119.230599348"/><trkpt lat="37.761712968" lon="-119.231023807"/><trkpt lat="37.761799218" lon="-119.231346259"/><trkpt lat="37.761967024" lon="-119.231627472"/><trkpt lat="37.762065846" lon="-119.231892172"/><trkpt lat="37.762244381" lon="-119.232217306"/><trkpt lat="37.762390478" lon="-119.232425261"/><trkpt lat="37.762431633" lon="-119.232688202"/><trkpt lat="37.762484355" lon="-119.232951393"/><trkpt lat="37.762584854" lon="-119.233128922"/><trkpt lat="37.762800101" lon="-119.233338889"/><trkpt lat="37.763014929" lon="-119.233577941"/><trkpt lat="37.76316463" lon="-119.233795367"/><trkpt lat="37.763304356" lon="-119.233957892"/><trkpt lat="37.763363868" lon="-119.234132404"/><trkpt lat="37.763342075" lon="-119.234376401"/><trkpt lat="37.763278875" lon="-119.23469835"/><trkpt lat="37.763218274" lon="-119.23488359"/><trkpt lat="37.763299914" lon="-119.235094814"/><trkpt lat="37.763414914" lon="-119.235357335"/><trkpt lat="37.763570314" lon="-119.235599488"/><trkpt lat="37.76366218" lon="-119.235875672"/><trkpt lat="37.763668802" lon="-119.236127716"/><trkpt lat="37.763693696" lon="-119.236322846"/><trkpt lat="37.763796374" lon="-119.236628115"/><trkpt lat="37.763921013" lon="-119.236984514"/><trkpt lat="37.763970383" lon="-119.237093981"/><trkpt lat="37.763983123" lon="-119.237324651"/><trkpt lat="37.764014388" lon="-119.237483907"/><trkpt lat="37.764096195" lon="-119.237687839"/><trkpt lat="37.764149252" lon="-119.23790535"/><trkpt lat="37.76419661" lon="-119.238115484"/><trkpt lat="37.764198119" lon="-119.23833861"/><trkpt lat="37.764149671" lon="-119.238481019"/><trkpt lat="37.764066858" lon="-119.238629714"/><trkpt lat="37.764005167" lon="-119.238872454"/><trkpt lat="37.763949092" lon="-119.239115445"/><trkpt lat="37.763806852" lon="-119.239384672"/><trkpt lat="37.763572996" lon="-119.239665465"/><trkpt lat="37.763432683" lon="-119.239833942"/><trkpt lat="37.763373004" lon="-119.239968807"/><trkpt lat="37.763245516" lon="-119.240065701"/><trkpt lat="37.763013672" lon="-119.24023862"/><trkpt lat="37.762861121" lon="-119.240449928"/><trkpt lat="37.762724999" lon="-119.240697697"/><trkpt lat="37.762593823" lon="-119.240988716"/><trkpt lat="37.76250422" lon="-119.241194744"/><trkpt lat="37.762368517" lon="-119.241420887"/><trkpt lat="37.762212027" lon="-119.241538486"/><trkpt lat="37.762049837" lon="-119.241655916"/><trkpt lat="37.761807935" lon="-119.241756583"/><trkpt lat="37.761650942" lon="-119.241902931"/><trkpt lat="37.761544324" lon="-119.242101246"/><trkpt lat="37.761512725" lon="-119.242258575"/><trkpt lat="37.761525633" lon="-119.242482036"/><trkpt lat="37.761632502" lon="-119.242571639"/><trkpt lat="37.761750352" lon="-119.242683118"/><trkpt lat="37.761879601" lon="-119.242795017"/><trkpt lat="37.761969203" lon="-119.242891241"/><trkpt lat="37.762006251" lon="-119.243043456"/><trkpt lat="37.761859819" lon="-119.243233306"/><trkpt lat="37.761698551" lon="-119.243300445"/><trkpt lat="37.761593191" lon="-119.243433969"/><trkpt lat="37.761601908" lon="-119.243578138"/><trkpt lat="37.761678435" lon="-119.24376036"/><trkpt lat="37.761757476" lon="-119.243805958"/><trkpt lat="37.761944309" lon="-119.243897907"/><trkpt lat="37.762091411" lon="-119.24397435"/><trkpt lat="37.762193335" lon="-119.244020618"/><trkpt lat="37.762249745" lon="-119.244058253"/><trkpt lat="37.762276735" lon="-119.2441383"/><trkpt lat="37.762217475" lon="-119.244251624"/><trkpt lat="37.762130471" lon="-119.244320942"/><trkpt lat="37.761895023" lon="-119.244385734"/><trkpt lat="37.761745322" lon="-119.244446"/><trkpt lat="37.761573326" lon="-119.244476762"/><trkpt lat="37.76137149" lon="-119.244578602"/><trkpt lat="37.761204271" lon="-119.244659906"/><trkpt lat="37.760935631" lon="-119.244666193"/><trkpt lat="37.760712923" lon="-119.244659403"/><trkpt lat="37.760546375" lon="-119.244704749"/><trkpt lat="37.760322914" lon="-119.244741211"/><trkpt lat="37.76019685" lon="-119.24475898"/><trkpt lat="37.760052513" lon="-119.244840955"/><trkpt lat="37.759906333" lon="-119.245016389"/><trkpt lat="37.759819832" lon="-119.245359208"/><trkpt lat="37.759810528" lon="-119.245546041"/><trkpt lat="37.759813797" lon="-119.245675625"/><trkpt lat="37.759723859" lon="-119.245895986"/><trkpt lat="37.759626042" lon="-119.246231262"/><trkpt lat="37.759557059" lon="-119.246552959"/><trkpt lat="37.759505427" lon="-119.246868035"/><trkpt lat="37.759585809" lon="-119.247143883"/><trkpt lat="37.759667197" lon="-119.24736944"/><trkpt lat="37.759754872" lon="-119.247566415"/><trkpt lat="37.759884959" lon="-119.247635063"/><trkpt lat="37.760072714" lon="-119.247676721"/><trkpt lat="37.760259965" lon="-119.247740004"/><trkpt lat="37.760355938" lon="-119.247800438"/><trkpt lat="37.760462388" lon="-119.247911582"/><trkpt lat="37.760507148" lon="-119.247963382"/><trkpt lat="37.760504466" lon="-119.248100007"/><trkpt lat="37.760495665" lon="-119.248265214"/><trkpt lat="37.760509579" lon="-119.248431176"/><trkpt lat="37.760679144" lon="-119.248529831"/><trkpt lat="37.760837311" lon="-119.248621026"/><trkpt lat="37.760960609" lon="-119.24874709"/><trkpt lat="37.761101006" lon="-119.248873657"/><trkpt lat="37.76123587" lon="-119.248992847"/><trkpt lat="37.761375429" lon="-119.249162581"/><trkpt lat="37.761474084" lon="-119.249381516"/><trkpt lat="37.761568129" lon="-119.249542616"/><trkpt lat="37.761663934" lon="-119.249610342"/><trkpt lat="37.761722188" lon="-119.249554519"/><trkpt lat="37.761764601" lon="-119.249426275"/><trkpt lat="37.761818329" lon="-119.249305576"/><trkpt lat="37.761876918" lon="-119.249228211"/><trkpt lat="37.761917319" lon="-119.249207843"/><trkpt lat="37.761968113" lon="-119.249238186"/><trkpt lat="37.76205604" lon="-119.249420743"/><trkpt lat="37.762063751" lon="-119.249615204"/><trkpt lat="37.762048077" lon="-119.249837827"/><trkpt lat="37.762032822" lon="-119.250038909"/><trkpt lat="37.761988984" lon="-119.250239069"/><trkpt lat="37.761912039" lon="-119.250380639"/><trkpt lat="37.761824364" lon="-119.250485916"/><trkpt lat="37.761759572" lon="-119.250584655"/><trkpt lat="37.761735516" lon="-119.250648692"/><trkpt lat="37.76177357" lon="-119.250750616"/><trkpt lat="37.76192612" lon="-119.25084156"/><trkpt lat="37.76211882" lon="-119.250919428"/><trkpt lat="37.762295259" lon="-119.250953542"/><trkpt lat="37.762489384" lon="-119.250959409"/><trkpt lat="37.762660878" lon="-119.250957398"/><trkpt lat="37.762826253" lon="-119.250969635"/><trkpt lat="37.763019288" lon="-119.251033086"/><trkpt lat="37.763229841" lon="-119.251075415"/><trkpt lat="37.76344643" lon="-119.251103578"/><trkpt lat="37.763701407" lon="-119.251212124"/><trkpt lat="37.763962671" lon="-119.251292003"/><trkpt lat="37.764127292" lon="-119.251347408"/><trkpt lat="37.764360309" lon="-119.251412032"/><trkpt lat="37.764576059" lon="-119.251483362"/><trkpt lat="37.764791893" lon="-119.251547484"/><trkpt lat="37.765053492" lon="-119.251612946"/><trkpt lat="37.765263878" lon="-119.251662567"/><trkpt lat="37.765502427" lon="-119.251734568"/><trkpt lat="37.765677776" lon="-119.251826266"/><trkpt lat="37.765841894" lon="-119.251910336"/><trkpt lat="37.765960917" lon="-119.251957191"/><trkpt lat="37.766022524" lon="-119.252023827"/><trkpt lat="37.765923953" lon="-119.252100019"/><trkpt lat="37.765842732" lon="-119.252162296"/><trkpt lat="37.765726894" lon="-119.25224511"/><trkpt lat="37.765600076" lon="-119.252306046"/><trkpt lat="37.765467474" lon="-119.252366815"/><trkpt lat="37.76527754" lon="-119.252440156"/><trkpt lat="37.765172431" lon="-119.252559347"/><trkpt lat="37.765003033" lon="-119.252755735"/><trkpt lat="37.764781415" lon="-119.252993697"/><trkpt lat="37.764549656" lon="-119.253159324"/><trkpt lat="37.764301971" lon="-119.253266947"/><trkpt lat="37.764042132" lon="-119.253410194"/><trkpt lat="37.763799727" lon="-119.253539611"/><trkpt lat="37.763581127" lon="-119.253619323"/><trkpt lat="37.76347124" lon="-119.253687887"/><trkpt lat="37.763424637" lon="-119.253736921"/><trkpt lat="37.763439137" lon="-119.253874049"/><trkpt lat="37.763515916" lon="-119.254041938"/><trkpt lat="37.763604764" lon="-119.254174121"/><trkpt lat="37.76365824" lon="-119.254362881"/><trkpt lat="37.763580875" lon="-119.254526077"/><trkpt lat="37.763409801" lon="-119.254808715"/><trkpt lat="37.763279462" lon="-119.255049443"/><trkpt lat="37.763154069" lon="-119.255333506"/><trkpt lat="37.763023227" lon="-119.255602984"/><trkpt lat="37.762898253" lon="-119.255865421"/><trkpt lat="37.762803035" lon="-119.256064072"/><trkpt lat="37.762761293" lon="-119.256156357"/><trkpt lat="37.762770094" lon="-119.256293317"/><trkpt lat="37.762767328" lon="-119.256437151"/><trkpt lat="37.762748385" lon="-119.25653019"/><trkpt lat="37.762685018" lon="-119.256557012"/><trkpt lat="37.762587955" lon="-119.256554078"/><trkpt lat="37.762456192" lon="-119.25657168"/><trkpt lat="37.762358207" lon="-119.256619038"/><trkpt lat="37.762327697" lon="-119.256718867"/><trkpt lat="37.762347143" lon="-119.256899329"/><trkpt lat="37.762429034" lon="-119.257096136"/><trkpt lat="37.762511764" lon="-119.257249776"/><trkpt lat="37.762600528" lon="-119.257389251"/><trkpt lat="37.762638833" lon="-119.257476758"/><trkpt lat="37.76266004" lon="-119.257563762"/><trkpt lat="37.762629529" lon="-119.257663591"/><trkpt lat="37.762513021" lon="-119.257782362"/><trkpt lat="37.762398273" lon="-119.257807676"/><trkpt lat="37.762272209" lon="-119.257825445"/><trkpt lat="37.762135081" lon="-119.257828463"/><trkpt lat="37.761991918" lon="-119.257845646"/><trkpt lat="37.761883289" lon="-119.257849585"/><trkpt lat="37.76183635" lon="-119.257912869"/><trkpt lat="37.761852108" lon="-119.257985372"/><trkpt lat="37.761925617" lon="-119.258023594"/><trkpt lat="37.761987727" lon="-119.258061396"/><trkpt lat="37.762015387" lon="-119.258112609"/><trkpt lat="37.761979681" lon="-119.25818352"/><trkpt lat="37.761898125" lon="-119.258267423"/><trkpt lat="37.761805253" lon="-119.258343698"/><trkpt lat="37.761711711" lon="-119.258456016"/><trkpt lat="37.761635017" lon="-119.258583253"/><trkpt lat="37.761610374" lon="-119.258676041"/><trkpt lat="37.761637783" lon="-119.258734463"/><trkpt lat="37.761740042" lon="-119.258766314"/><trkpt lat="37.761911452" lon="-119.258764386"/><trkpt lat="37.762133824" lon="-119.258785509"/><trkpt lat="37.762350915" lon="-119.258784922"/><trkpt lat="37.762522493" lon="-119.258775786"/><trkpt lat="37.762663895" lon="-119.258852061"/><trkpt lat="37.762867576" lon="-119.258951806"/><trkpt lat="37.763043093" lon="-119.259036295"/><trkpt lat="37.763224393" lon="-119.259113744"/><trkpt lat="37.763372166" lon="-119.259154228"/><trkpt lat="37.763474425" lon="-119.259186164"/><trkpt lat="37.763594035" lon="-119.259204185"/><trkpt lat="37.763726469" lon="-119.259150624"/><trkpt lat="37.76393434" lon="-119.259034619"/><trkpt lat="37.764142128" lon="-119.258925822"/><trkpt lat="37.76430876" lon="-119.258873351"/><trkpt lat="37.764497856" lon="-119.258843092"/><trkpt lat="37.764819721" lon="-119.258826664"/><trkpt lat="37.765214425" lon="-119.25882088"/><trkpt lat="37.765475018" lon="-119.258828843"/><trkpt lat="37.765645003" lon="-119.258780731"/><trkpt lat="37.765711052" lon="-119.258729601"/><trkpt lat="37.765791686" lon="-119.258644693"/><trkpt lat="37.765842816" lon="-119.258592809"/><trkpt lat="37.765899478" lon="-119.25855333"/><trkpt lat="37.765932586" lon="-119.25853489"/><trkpt lat="37.765935017" lon="-119.258508235"/><trkpt lat="37.765914313" lon="-119.25848091"/><trkpt lat="37.765857065" lon="-119.258452496"/><trkpt lat="37.765836613" lon="-119.258415448"/><trkpt lat="37.765858406" lon="-119.258382088"/><trkpt lat="37.765893526" lon="-119.25835887"/><trkpt lat="37.765938453" lon="-119.258328695"/><trkpt lat="37.765961923" lon="-119.258310003"/><trkpt lat="37.765983716" lon="-119.258281505"/><trkpt lat="37.76597634" lon="-119.258261891"/><trkpt lat="37.765951445" lon="-119.258253844"/><trkpt lat="37.765935687" lon="-119.258270357"/><trkpt lat="37.765914313" lon="-119.258279409"/><trkpt lat="37.765885312" lon="-119.258285863"/><trkpt lat="37.765856562" lon="-119.258277649"/><trkpt lat="37.765857065" lon="-119.258250995"/><trkpt lat="37.765867542" lon="-119.258207576"/><trkpt lat="37.765910709" lon="-119.258170109"/><trkpt lat="37.765946416" lon="-119.258112861"/><trkpt lat="37.766036689" lon="-119.258030718"/><trkpt lat="37.766146325" lon="-119.257941786"/><trkpt lat="37.766308598" lon="-119.257828128"/><trkpt lat="37.766530132" lon="-119.257614724"/><trkpt lat="37.766678659" lon="-119.257360082"/><trkpt lat="37.766861552" lon="-119.257135699"/><trkpt lat="37.767035561" lon="-119.256969821"/><trkpt lat="37.767204875" lon="-119.256847864"/><trkpt lat="37.767487178" lon="-119.256704785"/><trkpt lat="37.767623719" lon="-119.256669832"/><trkpt lat="37.767745089" lon="-119.256614847"/><trkpt lat="37.767846677" lon="-119.256583666"/><trkpt lat="37.768006185" lon="-119.256564053"/><trkpt lat="37.768157898" lon="-119.256549133"/><trkpt lat="37.768311957" lon="-119.256617362"/><trkpt lat="37.768473476" lon="-119.256695649"/><trkpt lat="37.768629966" lon="-119.256837387"/><trkpt lat="37.768748486" lon="-119.256933946"/><trkpt lat="37.769012265" lon="-119.256946854"/><trkpt lat="37.769156853" lon="-119.256897401"/><trkpt lat="37.769381991" lon="-119.256899413"/><trkpt lat="37.76954066" lon="-119.256928666"/><trkpt lat="37.769743586" lon="-119.25707669"/><trkpt lat="37.769952212" lon="-119.257332506"/><trkpt lat="37.770166118" lon="-119.257515147"/><trkpt lat="37.770354711" lon="-119.257603996"/><trkpt lat="37.77051908" lon="-119.257736178"/><trkpt lat="37.770667439" lon="-119.257897194"/><trkpt lat="37.770791659" lon="-119.257896105"/><trkpt lat="37.770861899" lon="-119.25787867"/><trkpt lat="37.770969188" lon="-119.257955281"/><trkpt lat="37.771115704" lon="-119.258008674"/><trkpt lat="37.771248808" lon="-119.257949162"/><trkpt lat="37.771362634" lon="-119.257884119"/><trkpt lat="37.771448046" lon="-119.257886717"/><trkpt lat="37.771542678" lon="-119.258011943"/><trkpt lat="37.77157872" lon="-119.258159716"/><trkpt lat="37.77160001" lon="-119.258263148"/><trkpt lat="37.77164896" lon="-119.25834286"/><trkpt lat="37.771682991" lon="-119.258387955"/><trkpt lat="37.771733869" lon="-119.258369934"/><trkpt lat="37.771824561" lon="-119.258294413"/><trkpt lat="37.771876361" lon="-119.258227525"/><trkpt lat="37.771955067" lon="-119.258171199"/><trkpt lat="37.772005862" lon="-119.258153178"/><trkpt lat="37.772062691" lon="-119.25822828"/><trkpt lat="37.772141481" lon="-119.258372532"/><trkpt lat="37.772168973" lon="-119.258559281"/><trkpt lat="37.772208452" lon="-119.258726751"/><trkpt lat="37.772233849" lon="-119.258820461"/><trkpt lat="37.772287661" lon="-119.258846613"/><trkpt lat="37.77237718" lon="-119.258834627"/><trkpt lat="37.772447756" lon="-119.258797662"/><trkpt lat="37.772514811" lon="-119.258745862"/><trkpt lat="37.772569628" lon="-119.258723063"/><trkpt lat="37.77259184" lon="-119.258777546"/><trkpt lat="37.772617238" lon="-119.258871255"/><trkpt lat="37.772637187" lon="-119.259043084"/><trkpt lat="37.772634588" lon="-119.259179961"/><trkpt lat="37.77263199" lon="-119.259316837"/><trkpt lat="37.772673313" lon="-119.259386575"/><trkpt lat="37.772738105" lon="-119.259452205"/><trkpt lat="37.772807172" lon="-119.259493444"/><trkpt lat="37.772841118" lon="-119.259543316"/><trkpt lat="37.772839358" lon="-119.259636272"/><trkpt lat="37.772795353" lon="-119.259703411"/><trkpt lat="37.772704996" lon="-119.259759318"/><trkpt lat="37.772614555" lon="-119.259820171"/><trkpt lat="37.772593265" lon="-119.259917317"/><trkpt lat="37.772601815" lon="-119.260079004"/><trkpt lat="37.772618579" lon="-119.260216467"/><trkpt lat="37.772721676" lon="-119.260307662"/><trkpt lat="37.772890823" lon="-119.260396007"/><trkpt lat="37.773211431" lon="-119.260479156"/><trkpt lat="37.773547964" lon="-119.260543194"/><trkpt lat="37.773740748" lon="-119.260617541"/><trkpt lat="37.774041239" lon="-119.260739246"/><trkpt lat="37.774338378" lon="-119.260831447"/><trkpt lat="37.774438877" lon="-119.260854078"/><trkpt lat="37.774543231" lon="-119.260881739"/><trkpt lat="37.774717156" lon="-119.260921218"/><trkpt lat="37.774917819" lon="-119.260986093"/><trkpt lat="37.775075063" lon="-119.261088688"/><trkpt lat="37.775277151" lon="-119.261280717"/><trkpt lat="37.775438586" lon="-119.26136395"/><trkpt lat="37.775526512" lon="-119.261435112"/><trkpt lat="37.775646793" lon="-119.2614388"/><trkpt lat="37.775763217" lon="-119.26144232"/><trkpt lat="37.776026744" lon="-119.261469897"/><trkpt lat="37.776308544" lon="-119.261551872"/><trkpt lat="37.776537454" lon="-119.261563774"/><trkpt lat="37.776706684" lon="-119.261647174"/><trkpt lat="37.776871473" lon="-119.261759827"/><trkpt lat="37.77699301" lon="-119.261900559"/><trkpt lat="37.777089486" lon="-119.261927884"/><trkpt lat="37.777256453" lon="-119.261928136"/><trkpt lat="37.777369861" lon="-119.261887567"/><trkpt lat="37.777466839" lon="-119.261890501"/><trkpt lat="37.777547976" lon="-119.261912545"/><trkpt lat="37.777584689" lon="-119.262021258"/><trkpt lat="37.777597765" lon="-119.262148915"/><trkpt lat="37.777623748" lon="-119.262213288"/><trkpt lat="37.777651912" lon="-119.262360893"/><trkpt lat="37.777714441" lon="-119.262543786"/><trkpt lat="37.777802451" lon="-119.262610087"/><trkpt lat="37.777899513" lon="-119.262608159"/><trkpt lat="37.778217522" lon="-119.262627605"/><trkpt lat="37.778469566" lon="-119.262645124"/><trkpt lat="37.778684814" lon="-119.262759285"/><trkpt lat="37.778764777" lon="-119.262840003"/><trkpt lat="37.778822109" lon="-119.263091208"/><trkpt lat="37.778897211" lon="-119.263220709"/><trkpt lat="37.778993016" lon="-119.263287261"/><trkpt lat="37.779129557" lon="-119.263252309"/><trkpt lat="37.779316809" lon="-119.263209058"/><trkpt lat="37.779496098" lon="-119.263170501"/><trkpt lat="37.779656108" lon="-119.263131358"/><trkpt lat="37.779760631" lon="-119.26314435"/><trkpt lat="37.779891556" lon="-119.263202185"/><trkpt lat="37.780118873" lon="-119.26329229"/><trkpt lat="37.780340659" lon="-119.263470238"/><trkpt lat="37.780598067" lon="-119.263610216"/><trkpt lat="37.780805854" lon="-119.263709458"/><trkpt lat="37.781025879" lon="-119.26377492"/><trkpt lat="37.781243473" lon="-119.263766874"/><trkpt lat="37.781433742" lon="-119.263767796"/><trkpt lat="37.781638429" lon="-119.263822949"/><trkpt lat="37.781763319" lon="-119.263787661"/><trkpt lat="37.78189416" lon="-119.263649778"/><trkpt lat="37.78198041" lon="-119.26360351"/><trkpt lat="37.782088453" lon="-119.263641061"/><trkpt lat="37.782187443" lon="-119.263741896"/><trkpt lat="37.782260282" lon="-119.263788164"/><trkpt lat="37.78231116" lon="-119.263770143"/><trkpt lat="37.782356171" lon="-119.263649192"/><trkpt lat="37.782408139" lon="-119.263572497"/><trkpt lat="37.782497657" lon="-119.263560595"/><trkpt lat="37.782574771" lon="-119.263587417"/><trkpt lat="37.782663787" lon="-119.263604768"/><trkpt lat="37.782723382" lon="-119.263533186"/><trkpt lat="37.78277183" lon="-119.263436878"/><trkpt lat="37.782832012" lon="-119.26333596"/><trkpt lat="37.782887416" lon="-119.263278963"/><trkpt lat="37.782945838" lon="-119.263270916"/><trkpt lat="37.783033848" lon="-119.263337217"/><trkpt lat="37.783103166" lon="-119.263368649"/><trkpt lat="37.783153709" lon="-119.26336538"/><trkpt lat="37.783186566" lon="-119.263268486"/><trkpt lat="37.783230823" lon="-119.26319154"/><trkpt lat="37.783282287" lon="-119.263139321"/><trkpt lat="37.783336937" lon="-119.263121467"/><trkpt lat="37.783406004" lon="-119.263167568"/><trkpt lat="37.783472054" lon="-119.263164718"/><trkpt lat="37.783500133" lon="-119.263116606"/><trkpt lat="37.783501726" lon="-119.263033541"/><trkpt lat="37.783554029" lon="-119.262937233"/><trkpt lat="37.783604488" lon="-119.262938825"/><trkpt lat="37.783642793" lon="-119.262964474"/><trkpt lat="37.783685206" lon="-119.2629804"/><trkpt lat="37.783682775" lon="-119.262906974"/><trkpt lat="37.783688223" lon="-119.26282391"/><trkpt lat="37.783708926" lon="-119.2627561"/><trkpt lat="37.783736503" lon="-119.262737324"/><trkpt lat="37.783783022" lon="-119.262738749"/><trkpt lat="37.783821076" lon="-119.262779066"/><trkpt lat="37.783867093" lon="-119.262809828"/><trkpt lat="37.783910427" lon="-119.262776887"/><trkpt lat="37.783930963" lon="-119.2627188"/><trkpt lat="37.783959713" lon="-119.262636574"/><trkpt lat="37.784014279" lon="-119.262628444"/><trkpt lat="37.784071695" lon="-119.262669347"/><trkpt lat="37.784121986" lon="-119.262680663"/><trkpt lat="37.784165237" lon="-119.262652583"/><trkpt lat="37.784216283" lon="-119.262619894"/><trkpt lat="37.784304712" lon="-119.262666665"/><trkpt lat="37.784396661" lon="-119.26273305"/><trkpt lat="37.784471428" lon="-119.26288208"/><trkpt lat="37.784533035" lon="-119.263109062"/><trkpt lat="37.784549044" lon="-119.263285669"/><trkpt lat="37.784594726" lon="-119.263536539"/><trkpt lat="37.784684831" lon="-119.263695879"/><trkpt lat="37.784802848" lon="-119.26381683"/><trkpt lat="37.784930337" lon="-119.263850106"/><trkpt lat="37.785087079" lon="-119.263776597"/><trkpt lat="37.785208868" lon="-119.263702082"/><trkpt lat="37.785353959" lon="-119.263628237"/><trkpt lat="37.785452111" lon="-119.263572497"/><trkpt lat="37.785645062" lon="-119.263431598"/><trkpt lat="37.785837008" lon="-119.263339648"/><trkpt lat="37.786020404" lon="-119.263296314"/><trkpt lat="37.786204219" lon="-119.263223642"/><trkpt lat="37.786414688" lon="-119.263181146"/><trkpt lat="37.786687938" lon="-119.263106296"/><trkpt lat="37.786921961" lon="-119.263049886"/><trkpt lat="37.787217926" lon="-119.263005126"/><trkpt lat="37.787388749" lon="-119.263005378"/><trkpt lat="37.787552867" lon="-119.262951734"/><trkpt lat="37.787821842" lon="-119.262896329"/><trkpt lat="37.788230041" lon="-119.262869675"/><trkpt lat="37.788546039" lon="-119.26279122"/><trkpt lat="37.788797496" lon="-119.262632551"/><trkpt lat="37.789021879" lon="-119.262473043"/><trkpt lat="37.789293285" lon="-119.262290569"/><trkpt lat="37.789510461" lon="-119.262101473"/><trkpt lat="37.789766695" lon="-119.261903744"/><trkpt lat="37.789943805" lon="-119.261777094"/><trkpt lat="37.790118903" lon="-119.261757983"/><trkpt lat="37.790333647" lon="-119.261696041"/><trkpt lat="37.790477481" lon="-119.261685731"/><trkpt lat="37.790731452" lon="-119.261600571"/><trkpt lat="37.791003864" lon="-119.261569725"/><trkpt lat="37.791292034" lon="-119.261524715"/><trkpt lat="37.791516921" lon="-119.261541311"/><trkpt lat="37.791678859" lon="-119.261600068"/><trkpt lat="37.791892933" lon="-119.261772987"/><trkpt lat="37.792069791" lon="-119.262067024"/><trkpt lat="37.792253774" lon="-119.262390649"/><trkpt lat="37.792460471" lon="-119.262749311"/><trkpt lat="37.792666163" lon="-119.262956176"/><trkpt lat="37.792877974" lon="-119.263045778"/><trkpt lat="37.793084253" lon="-119.263017867"/><trkpt lat="37.793287095" lon="-119.262970258"/><trkpt lat="37.793477196" lon="-119.262976041"/><trkpt lat="37.793668471" lon="-119.262923151"/><trkpt lat="37.793925041" lon="-119.262906555"/><trkpt lat="37.794147665" lon="-119.262839919"/><trkpt lat="37.794458047" lon="-119.262849391"/><trkpt lat="37.79468352" lon="-119.262836734"/><trkpt lat="37.794842776" lon="-119.262831789"/><trkpt lat="37.794928607" lon="-119.262809996"/><trkpt lat="37.795069003" lon="-119.262779988"/><trkpt lat="37.795299171" lon="-119.262723411"/><trkpt lat="37.795424145" lon="-119.262683177"/><trkpt lat="37.795751961" lon="-119.262595335"/><trkpt lat="37.796107018" lon="-119.262503469"/><trkpt lat="37.796457382" lon="-119.262455441"/><trkpt lat="37.796859713" lon="-119.262330718"/><trkpt lat="37.797261206" lon="-119.262250001"/><trkpt lat="37.797573768" lon="-119.262146987"/><trkpt lat="37.797756996" lon="-119.262108514"/><trkpt lat="37.798025552" lon="-119.262072723"/><trkpt lat="37.798149018" lon="-119.262115639"/><trkpt lat="37.798279691" lon="-119.262183197"/><trkpt lat="37.798474487" lon="-119.262350667"/><trkpt lat="37.798673389" lon="-119.262508415"/><trkpt lat="37.798864665" lon="-119.262656188"/><trkpt lat="37.798994249" lon="-119.262782419"/><trkpt lat="37.799167922" lon="-119.263037313"/><trkpt lat="37.799270516" lon="-119.263152983"/><trkpt lat="37.799447961" lon="-119.263212243"/><trkpt lat="37.799648037" lon="-119.263306456"/><trkpt lat="37.799989097" lon="-119.263341324"/><trkpt lat="37.800293695" lon="-119.263247866"/><trkpt lat="37.800559904" lon="-119.263133621"/><trkpt lat="37.800793005" lon="-119.263126077"/><trkpt lat="37.800982688" lon="-119.263156336"/><trkpt lat="37.801198103" lon="-119.263260774"/><trkpt lat="37.8014048" lon="-119.263413912"/><trkpt lat="37.801641757" lon="-119.263611976"/><trkpt lat="37.801907379" lon="-119.26372773"/><trkpt lat="37.802250702" lon="-119.263845915"/><trkpt lat="37.802587738" lon="-119.263885561"/><trkpt lat="37.802931815" lon="-119.263959741"/><trkpt lat="37.803206323" lon="-119.264021935"/><trkpt lat="37.803383432" lon="-119.264095863"/><trkpt lat="37.803593483" lon="-119.264278421"/><trkpt lat="37.803975027" lon="-119.264427116"/><trkpt lat="37.804376688" lon="-119.264537254"/><trkpt lat="37.804672485" lon="-119.264702881"/><trkpt lat="37.804852696" lon="-119.264820982"/><trkpt lat="37.805008516" lon="-119.26499214"/><trkpt lat="37.805248154" lon="-119.265253907"/><trkpt lat="37.805553423" lon="-119.265527492"/><trkpt lat="37.805975871" lon="-119.2657704"/><trkpt lat="37.80638407" lon="-119.265944408"/><trkpt lat="37.806648603" lon="-119.266118919"/><trkpt lat="37.806810038" lon="-119.266202152"/><trkpt lat="37.807077002" lon="-119.266254287"/><trkpt lat="37.807395011" lon="-119.266268956"/><trkpt lat="37.807615288" lon="-119.266324611"/><trkpt lat="37.807857944" lon="-119.266425027"/><trkpt lat="37.808096744" lon="-119.266525358"/><trkpt lat="37.808381142" lon="-119.266675981"/><trkpt lat="37.808608292" lon="-119.266775893"/><trkpt lat="37.808900485" lon="-119.266926767"/><trkpt lat="37.809246657" lon="-119.267093986"/><trkpt lat="37.809573719" lon="-119.267250812"/><trkpt lat="37.809905224" lon="-119.267373523"/><trkpt lat="37.810243852" lon="-119.267530683"/><trkpt lat="37.810562449" lon="-119.267721539"/><trkpt lat="37.810780127" lon="-119.267909294"/><trkpt lat="37.811023118" lon="-119.26819562"/><trkpt lat="37.81119721" lon="-119.268426122"/><trkpt lat="37.811311036" lon="-119.268566603"/><trkpt lat="37.811450344" lon="-119.268590491"/><trkpt lat="37.811590405" lon="-119.268575152"/><trkpt lat="37.811668441" lon="-119.268553108"/><trkpt lat="37.811886119" lon="-119.2685402"/><trkpt lat="37.812068174" lon="-119.268565346"/><trkpt lat="37.812200608" lon="-119.268740695"/><trkpt lat="37.812203541" lon="-119.268995253"/><trkpt lat="37.81220396" lon="-119.269372104"/><trkpt lat="37.812174205" lon="-119.269708889"/><trkpt lat="37.81221603" lon="-119.269954897"/><trkpt lat="37.812370677" lon="-119.270189675"/><trkpt lat="37.812577458" lon="-119.270342812"/><trkpt lat="37.812792035" lon="-119.270486478"/><trkpt lat="37.813088" lon="-119.270642381"/><trkpt lat="37.813276928" lon="-119.270711783"/><trkpt lat="37.813619832" lon="-119.270849498"/><trkpt lat="37.813999113" lon="-119.271110762"/><trkpt lat="37.814356182" lon="-119.271322405"/><trkpt lat="37.814724902" lon="-119.271529438"/><trkpt lat="37.815175261" lon="-119.271729263"/><trkpt lat="37.815363351" lon="-119.27184267"/><trkpt lat="37.815739531" lon="-119.272064706"/><trkpt lat="37.815924687" lon="-119.272129079"/><trkpt lat="37.816194585" lon="-119.272225471"/><trkpt lat="37.81646356" lon="-119.272370813"/><trkpt lat="37.816689201" lon="-119.272549013"/><trkpt lat="37.816851391" lon="-119.272994511"/><trkpt lat="37.817047443" lon="-119.273299109"/><trkpt lat="37.817330081" lon="-119.273537826"/><trkpt lat="37.817590842" lon="-119.273707308"/><trkpt lat="37.817858476" lon="-119.27392113"/><trkpt lat="37.818036424" lon="-119.274156578"/><trkpt lat="37.818203308" lon="-119.274362437"/><trkpt lat="37.818259383" lon="-119.274471821"/><trkpt lat="37.818323672" lon="-119.274561843"/><trkpt lat="37.81843029" lon="-119.274672819"/><trkpt lat="37.818616116" lon="-119.274698133"/><trkpt lat="37.818856006" lon="-119.274739791"/><trkpt lat="37.819116181" lon="-119.274737947"/><trkpt lat="37.819370069" lon="-119.274863256"/><trkpt lat="37.819742644" lon="-119.275070457"/><trkpt lat="37.820048332" lon="-119.275324596"/><trkpt lat="37.820246397" lon="-119.275521571"/><trkpt lat="37.820403809" lon="-119.275815189"/><trkpt lat="37.820573039" lon="-119.276099335"/><trkpt lat="37.820843188" lon="-119.276181143"/><trkpt lat="37.821163125" lon="-119.276303519"/><trkpt lat="37.821375355" lon="-119.276368814"/><trkpt lat="37.821600661" lon="-119.276566627"/><trkpt lat="37.821857985" lon="-119.27671155"/><trkpt lat="37.822103072" lon="-119.276885558"/><trkpt lat="37.822357127" lon="-119.277001061"/><trkpt lat="37.822619397" lon="-119.277087394"/><trkpt lat="37.822963055" lon="-119.277186049"/><trkpt lat="37.823264468" lon="-119.277258972"/><trkpt lat="37.823677948" lon="-119.277359806"/><trkpt lat="37.824125541" lon="-119.277505735"/><trkpt lat="37.824422261" lon="-119.277622579"/><trkpt lat="37.824775726" lon="-119.277814524"/><trkpt lat="37.825086527" lon="-119.278005213"/><trkpt lat="37.825204795" lon="-119.278111663"/><trkpt lat="37.825299343" lon="-119.278241834"/><trkpt lat="37.825325243" lon="-119.278306291"/><trkpt lat="37.825441333" lon="-119.278530087"/><trkpt lat="37.825685246" lon="-119.278762769"/><trkpt lat="37.82592983" lon="-119.278966114"/><trkpt lat="37.826243481" lon="-119.279210782"/><trkpt lat="37.826412125" lon="-119.279323602"/><trkpt lat="37.826665845" lon="-119.279453773"/><trkpt lat="37.826929707" lon="-119.27966265"/><trkpt lat="37.827068008" lon="-119.279791228"/><trkpt lat="37.82726381" lon="-119.279968087"/><trkpt lat="37.827386186" lon="-119.280027095"/><trkpt lat="37.827461204" lon="-119.280059533"/><trkpt lat="37.827633452" lon="-119.28022055"/><trkpt lat="37.82780109" lon="-119.280411573"/><trkpt lat="37.827981636" lon="-119.280552808"/><trkpt lat="37.82805657" lon="-119.280590275"/><trkpt lat="37.828267124" lon="-119.280621875"/><trkpt lat="37.828521263" lon="-119.280664874"/><trkpt lat="37.828899371" lon="-119.280686583"/><trkpt lat="37.829160886" lon="-119.280764954"/><trkpt lat="37.82944981" lon="-119.28086428"/><trkpt lat="37.829798162" lon="-119.280980537"/><trkpt lat="37.830110891" lon="-119.281085646"/><trkpt lat="37.830284312" lon="-119.281181367"/><trkpt lat="37.830473492" lon="-119.28128765"/><trkpt lat="37.830712795" lon="-119.281480936"/><trkpt lat="37.830914129" lon="-119.28157758"/><trkpt lat="37.831131807" lon="-119.281654609"/><trkpt lat="37.831350323" lon="-119.281686461"/><trkpt lat="37.831536317" lon="-119.28175251"/><trkpt lat="37.83175014" lon="-119.281819398"/><trkpt lat="37.831844604" lon="-119.281882597"/><trkpt lat="37.832016433" lon="-119.282058701"/><trkpt lat="37.832113327" lon="-119.282202283"/><trkpt lat="37.832320947" lon="-119.282384589"/><trkpt lat="37.832470899" lon="-119.282459524"/><trkpt lat="37.832609452" lon="-119.282503948"/><trkpt lat="37.83283283" lon="-119.282490788"/><trkpt lat="37.833051514" lon="-119.28251761"/><trkpt lat="37.833190151" lon="-119.282557089"/><trkpt lat="37.83337187" lon="-119.282638058"/><trkpt lat="37.833578065" lon="-119.282689607"/><trkpt lat="37.833759701" lon="-119.282775605"/><trkpt lat="37.833968829" lon="-119.282877529"/><trkpt lat="37.834166139" lon="-119.282979034"/><trkpt lat="37.834344003" lon="-119.283049861"/><trkpt lat="37.834597556" lon="-119.28312798"/><trkpt lat="37.834771229" lon="-119.283208698"/><trkpt lat="37.834977172" lon="-119.283275334"/><trkpt lat="37.835144307" lon="-119.28328556"/><trkpt lat="37.835284034" lon="-119.283269718"/><trkpt lat="37.835375983" lon="-119.283257481"/><trkpt lat="37.83551462" lon="-119.283296959"/><trkpt lat="37.835656693" lon="-119.283366613"/><trkpt lat="37.835830199" lon="-119.283462418"/><trkpt lat="37.836047374" lon="-119.283564594"/><trkpt lat="37.836275445" lon="-119.283717312"/><trkpt lat="37.836357001" lon="-119.283825355"/><trkpt lat="37.836526232" lon="-119.28393608"/><trkpt lat="37.836688925" lon="-119.283971284"/><trkpt lat="37.836927725" lon="-119.283983605"/><trkpt lat="37.837078599" lon="-119.284008415"/><trkpt lat="37.837165436" lon="-119.284051247"/><trkpt lat="37.83736174" lon="-119.284203043"/><trkpt lat="37.837562067" lon="-119.284349894"/><trkpt lat="37.837746972" lon="-119.28447118"/><trkpt lat="37.837920645" lon="-119.284556927"/><trkpt lat="37.838231949" lon="-119.284737306"/><trkpt lat="37.838591281" lon="-119.284904189"/><trkpt lat="37.838764787" lon="-119.284994965"/><trkpt lat="37.838904597" lon="-119.284979207"/><trkpt lat="37.839047089" lon="-119.285023799"/><trkpt lat="37.839261079" lon="-119.285085658"/><trkpt lat="37.839530474" lon="-119.28516428"/><trkpt lat="37.839819733" lon="-119.285248602"/><trkpt lat="37.840068927" lon="-119.285341725"/><trkpt lat="37.840421721" lon="-119.285433004"/><trkpt lat="37.840620372" lon="-119.285464268"/><trkpt lat="37.840845678" lon="-119.285556637"/><trkpt lat="37.841051538" lon="-119.285623273"/><trkpt lat="37.841281202" lon="-119.285700722"/><trkpt lat="37.841539783" lon="-119.285718743"/><trkpt lat="37.841837676" lon="-119.285768196"/><trkpt lat="37.842127187" lon="-119.285837431"/><trkpt lat="37.842425248" lon="-119.285876742"/><trkpt lat="37.842706796" lon="-119.285945725"/><trkpt lat="37.843031092" lon="-119.286071369"/><trkpt lat="37.843403416" lon="-119.286183352"/><trkpt lat="37.843707763" lon="-119.286308326"/><trkpt lat="37.843967183" lon="-119.286492225"/><trkpt lat="37.844257448" lon="-119.286727253"/><trkpt lat="37.844632957" lon="-119.286884582"/><trkpt lat="37.84498902" lon="-119.287011148"/><trkpt lat="37.845253805" lon="-119.287124891"/><trkpt lat="37.845521439" lon="-119.287293954"/><trkpt lat="37.845765268" lon="-119.287457233"/><trkpt lat="37.845957885" lon="-119.287593858"/><trkpt lat="37.846138347" lon="-119.287740123"/><trkpt lat="37.846304644" lon="-119.287996525"/><trkpt lat="37.846492482" lon="-119.288173132"/><trkpt lat="37.846671855" lon="-119.288374633"/><trkpt lat="37.846889952" lon="-119.288632628"/><trkpt lat="37.847112743" lon="-119.288855586"/><trkpt lat="37.847374342" lon="-119.28913001"/><trkpt lat="37.847626219" lon="-119.289288595"/><trkpt lat="37.847852111" lon="-119.289350789"/><trkpt lat="37.848174395" lon="-119.289375851"/><trkpt lat="37.848556358" lon="-119.289402757"/><trkpt lat="37.848726595" lon="-119.289458329"/><trkpt lat="37.849009819" lon="-119.289647928"/><trkpt lat="37.849345012" lon="-119.289824199"/><trkpt lat="37.849715324" lon="-119.290041625"/><trkpt lat="37.850066693" lon="-119.290208342"/><trkpt lat="37.850287138" lon="-119.290345805"/><trkpt lat="37.850559298" lon="-119.290570607"/><trkpt lat="37.85073054" lon="-119.290843103"/><trkpt lat="37.850906309" lon="-119.291249374"/><trkpt lat="37.851154665" lon="-119.291551039"/><trkpt lat="37.851346275" lon="-119.291868797"/><trkpt lat="37.851547441" lon="-119.292053198"/><trkpt lat="37.851630254" lon="-119.292153697"/><trkpt lat="37.851743996" lon="-119.292477909"/><trkpt lat="37.851835862" lon="-119.292837074"/><trkpt lat="37.852059826" lon="-119.293307215"/><trkpt lat="37.852325533" lon="-119.293805351"/><trkpt lat="37.852573385" lon="-119.294133754"/><trkpt lat="37.852794416" lon="-119.294390073"/><trkpt lat="37.853017878" lon="-119.294521669"/><trkpt lat="37.853214433" lon="-119.294581264"/><trkpt lat="37.853437895" lon="-119.29471286"/><trkpt lat="37.853658926" lon="-119.294969179"/><trkpt lat="37.853872916" lon="-119.295225246"/><trkpt lat="37.854085816" lon="-119.295534706"/><trkpt lat="37.854264267" lon="-119.295798568"/><trkpt lat="37.854452776" lon="-119.295911305"/><trkpt lat="37.854585294" lon="-119.295995627"/><trkpt lat="37.854751088" lon="-119.296187824"/><trkpt lat="37.854861226" lon="-119.296333753"/><trkpt lat="37.854943704" lon="-119.296452189"/><trkpt lat="37.855103211" lon="-119.296599627"/><trkpt lat="37.855353914" lon="-119.296785621"/><trkpt lat="37.855507471" lon="-119.296879414"/><trkpt lat="37.855770998" lon="-119.297128106"/><trkpt lat="37.856083224" lon="-119.297414012"/><trkpt lat="37.856304422" lon="-119.297661362"/><trkpt lat="37.856511958" lon="-119.297881639"/><trkpt lat="37.85677515" lon="-119.298148183"/><trkpt lat="37.857061056" lon="-119.298335183"/><trkpt lat="37.857333384" lon="-119.29849511"/><trkpt lat="37.857667487" lon="-119.298746064"/><trkpt lat="37.857987173" lon="-119.299014369"/><trkpt lat="37.858300991" lon="-119.299220061"/><trkpt lat="37.858663676" lon="-119.299454084"/><trkpt lat="37.859019991" lon="-119.299652232"/><trkpt lat="37.859292151" lon="-119.299821043"/><trkpt lat="37.859627344" lon="-119.300018521"/><trkpt lat="37.859942168" lon="-119.300170904"/><trkpt lat="37.860283898" lon="-119.300395371"/><trkpt lat="37.860667706" lon="-119.300629981"/><trkpt lat="37.860967275" lon="-119.300844222"/><trkpt lat="37.861251086" lon="-119.301138176"/><trkpt lat="37.861403218" lon="-119.301303215"/><trkpt lat="37.861577561" lon="-119.301415617"/><trkpt lat="37.861785851" lon="-119.30160027"/><trkpt lat="37.862014761" lon="-119.301812248"/><trkpt lat="37.862236127" lon="-119.302050797"/><trkpt lat="37.862493284" lon="-119.302263698"/><trkpt lat="37.862735102" lon="-119.30253854"/><trkpt lat="37.862997036" lon="-119.302867446"/><trkpt lat="37.863189485" lon="-119.303140696"/><trkpt lat="37.863409594" lon="-119.303441523"/><trkpt lat="37.86360749" lon="-119.303795155"/><trkpt lat="37.86381226" lon="-119.304157924"/><trkpt lat="37.863942347" lon="-119.304366885"/><trkpt lat="37.864099843" lon="-119.304621276"/><trkpt lat="37.864251472" lon="-119.304813053"/><trkpt lat="37.864465211" lon="-119.305078089"/><trkpt lat="37.864679117" lon="-119.30533424"/><trkpt lat="37.864884809" lon="-119.305652501"/><trkpt lat="37.865112713" lon="-119.305917956"/><trkpt lat="37.865347071" lon="-119.306210317"/><trkpt lat="37.865546392" lon="-119.306492787"/><trkpt lat="37.865710007" lon="-119.306791853"/><trkpt lat="37.865729118" lon="-119.306899393"/><trkpt lat="37.865783768" lon="-119.306990169"/><trkpt lat="37.865758119" lon="-119.307221007"/><trkpt lat="37.865781924" lon="-119.307444552"/><trkpt lat="37.865856271" lon="-119.30761613"/><trkpt lat="37.865880495" lon="-119.307821821"/><trkpt lat="37.86583364" lon="-119.308051988"/><trkpt lat="37.865772787" lon="-119.308272768"/><trkpt lat="37.86571227" lon="-119.308475861"/><trkpt lat="37.865687963" lon="-119.308635453"/><trkpt lat="37.865727022" lon="-119.308805941"/><trkpt lat="37.865856942" lon="-119.309023786"/><trkpt lat="37.865937743" lon="-119.309222354"/><trkpt lat="37.865981916" lon="-119.309490994"/><trkpt lat="37.865954423" lon="-119.309810931"/><trkpt lat="37.865963476" lon="-119.310069596"/><trkpt lat="37.865954926" lon="-119.310505874"/><trkpt lat="37.865957608" lon="-119.310728665"/><trkpt lat="37.866009744" lon="-119.310953049"/><trkpt lat="37.86608384" lon="-119.311133511"/><trkpt lat="37.86620588" lon="-119.311395697"/><trkpt lat="37.866293555" lon="-119.311603401"/><trkpt lat="37.866317611" lon="-119.311817978"/><trkpt lat="37.866283748" lon="-119.31210204"/><trkpt lat="37.866228428" lon="-119.312403202"/><trkpt lat="37.866195654" lon="-119.312633788"/><trkpt lat="37.866196074" lon="-119.312972417"/><trkpt lat="37.866206132" lon="-119.313177606"/><trkpt lat="37.866195403" lon="-119.313364439"/><trkpt lat="37.866154835" lon="-119.313630397"/><trkpt lat="37.86610798" lon="-119.313860564"/><trkpt lat="37.866095994" lon="-119.314109674"/><trkpt lat="37.866042182" lon="-119.314330705"/><trkpt lat="37.866024747" lon="-119.314499432"/><trkpt lat="37.866071016" lon="-119.314661287"/><trkpt lat="37.866123989" lon="-119.314841162"/><trkpt lat="37.866182746" lon="-119.315083567"/><trkpt lat="37.86624033" lon="-119.315388249"/><trkpt lat="37.866306212" lon="-119.315630905"/><trkpt lat="37.866314007" lon="-119.315951848"/><trkpt lat="37.866284754" lon="-119.316360801"/><trkpt lat="37.866258854" lon="-119.316600524"/><trkpt lat="37.866227087" lon="-119.316777717"/><trkpt lat="37.866237313" lon="-119.316974021"/><trkpt lat="37.866248125" lon="-119.317143671"/><trkpt lat="37.866280312" lon="-119.317305023"/><trkpt lat="37.866345942" lon="-119.317556564"/><trkpt lat="37.866392042" lon="-119.317727303"/><trkpt lat="37.866423642" lon="-119.317915393"/><trkpt lat="37.866474856" lon="-119.318184284"/><trkpt lat="37.866499582" lon="-119.318363238"/><trkpt lat="37.86654409" lon="-119.318614108"/><trkpt lat="37.866606535" lon="-119.319025911"/><trkpt lat="37.866669986" lon="-119.319393206"/><trkpt lat="37.866712315" lon="-119.319750862"/><trkpt lat="37.866755817" lon="-119.320055125"/><trkpt lat="37.866779789" lon="-119.320269786"/><trkpt lat="37.866761265" lon="-119.320491906"/><trkpt lat="37.866708208" lon="-119.320677314"/><trkpt lat="37.866597567" lon="-119.320914438"/><trkpt lat="37.866487848" lon="-119.32110697"/><trkpt lat="37.866384583" lon="-119.321326492"/><trkpt lat="37.866359605" lon="-119.321521707"/><trkpt lat="37.866432443" lon="-119.321764531"/><trkpt lat="37.866518777" lon="-119.32204348"/><trkpt lat="37.866612989" lon="-119.32227809"/><trkpt lat="37.866644422" lon="-119.322475065"/><trkpt lat="37.86664132" lon="-119.322635327"/><trkpt lat="37.866638973" lon="-119.322751081"/><trkpt lat="37.866629502" lon="-119.322875552"/><trkpt lat="37.866611481" lon="-119.323070934"/><trkpt lat="37.8665803" lon="-119.323221473"/><trkpt lat="37.866527662" lon="-119.323380142"/><trkpt lat="37.866489105" lon="-119.3235482"/><trkpt lat="37.866491033" lon="-119.323806698"/><trkpt lat="37.866528248" lon="-119.324066201"/><trkpt lat="37.86658139" lon="-119.324237192"/><trkpt lat="37.8666839" lon="-119.324409692"/><trkpt lat="37.866800074" lon="-119.324609349"/><trkpt lat="37.866943404" lon="-119.32485695"/><trkpt lat="37.867087154" lon="-119.325085189"/><trkpt lat="37.867222019" lon="-119.325324073"/><trkpt lat="37.86735856" lon="-119.325621715"/><trkpt lat="37.867482947" lon="-119.32594467"/><trkpt lat="37.867559809" lon="-119.326321101"/><trkpt lat="37.867616219" lon="-119.326704238"/><trkpt lat="37.867634827" lon="-119.327082513"/><trkpt lat="37.867687549" lon="-119.3273592"/><trkpt lat="37.867759047" lon="-119.327856498"/><trkpt lat="37.867826186" lon="-119.328283975"/><trkpt lat="37.8678344" lon="-119.328750009"/><trkpt lat="37.867851667" lon="-119.329197854"/><trkpt lat="37.867859881" lon="-119.329814175"/><trkpt lat="37.867886117" lon="-119.330247771"/><trkpt lat="37.867924673" lon="-119.330505598"/><trkpt lat="37.867905982" lon="-119.33086074"/><trkpt lat="37.867844459" lon="-119.331177827"/><trkpt lat="37.867784193" lon="-119.331432637"/><trkpt lat="37.867736164" lon="-119.331654757"/><trkpt lat="37.867726693" lon="-119.331691135"/><trkpt lat="37.867713617" lon="-119.331910741"/><trkpt lat="37.867724346" lon="-119.332252136"/><trkpt lat="37.867784947" lon="-119.332565702"/><trkpt lat="37.867895421" lon="-119.333005585"/><trkpt lat="37.868030034" lon="-119.333255533"/><trkpt lat="37.868128857" lon="-119.33340163"/><trkpt lat="37.868206473" lon="-119.333591145"/><trkpt lat="37.868332956" lon="-119.333807817"/><trkpt lat="37.868413758" lon="-119.333986351"/><trkpt lat="37.868451979" lon="-119.334235545"/><trkpt lat="37.86851543" lon="-119.334472837"/><trkpt lat="37.868553987" lon="-119.334876677"/><trkpt lat="37.868710058" lon="-119.335505906"/><trkpt lat="37.868872667" lon="-119.335986106"/><trkpt lat="37.86908431" lon="-119.336526655"/><trkpt lat="37.869233005" lon="-119.336983804"/><trkpt lat="37.869350687" lon="-119.337381106"/><trkpt lat="37.869435763" lon="-119.337790981"/><trkpt lat="37.869663332" lon="-119.338250561"/><trkpt lat="37.869833903" lon="-119.338690359"/><trkpt lat="37.869979497" lon="-119.339124709"/><trkpt lat="37.870058371" lon="-119.339665594"/><trkpt lat="37.870057533" lon="-119.340249225"/><trkpt lat="37.870017635" lon="-119.34063253"/><trkpt lat="37.870081086" lon="-119.341046261"/><trkpt lat="37.87017731" lon="-119.341438366"/><trkpt lat="37.870223243" lon="-119.34165244"/><trkpt lat="37.870425917" lon="-119.341921248"/><trkpt lat="37.870648792" lon="-119.342254093"/><trkpt lat="37.870867811" lon="-119.342604876"/><trkpt lat="37.871006951" lon="-119.342817441"/><trkpt lat="37.871098565" lon="-119.343082728"/><trkpt lat="37.871149695" lon="-119.343396546"/><trkpt lat="37.871174086" lon="-119.34397188"/><trkpt lat="37.871181546" lon="-119.344496923"/><trkpt lat="37.871218929" lon="-119.344959604"/><trkpt lat="37.871220773" lon="-119.345407533"/><trkpt lat="37.871286236" lon="-119.345902819"/><trkpt lat="37.871320099" lon="-119.346179841"/><trkpt lat="37.871343903" lon="-119.346424928"/><trkpt lat="37.871396458" lon="-119.346847376"/><trkpt lat="37.871404001" lon="-119.347186927"/><trkpt lat="37.871354213" lon="-119.347348195"/><trkpt lat="37.871227898" lon="-119.347565873"/><trkpt lat="37.87115749" lon="-119.347681291"/><trkpt lat="37.871109964" lon="-119.347725045"/><trkpt lat="37.87108398" lon="-119.347769469"/><trkpt lat="37.870984068" lon="-119.347924618"/><trkpt lat="37.870761948" lon="-119.348270455"/><trkpt lat="37.870607805" lon="-119.348627524"/><trkpt lat="37.870464642" lon="-119.349152315"/><trkpt lat="37.870242605" lon="-119.349674592"/><trkpt lat="37.870039009" lon="-119.350063847"/><trkpt lat="37.869886542" lon="-119.350439608"/><trkpt lat="37.869750839" lon="-119.350677235"/><trkpt lat="37.869669283" lon="-119.350774968"/><trkpt lat="37.869546488" lon="-119.350950988"/><trkpt lat="37.869457556" lon="-119.351072107"/><trkpt lat="37.869425034" lon="-119.351180233"/><trkpt lat="37.869451521" lon="-119.351375783"/><trkpt lat="37.869423525" lon="-119.351605028"/><trkpt lat="37.869383711" lon="-119.351839805"/><trkpt lat="37.869274411" lon="-119.352045832"/><trkpt lat="37.869163351" lon="-119.352216404"/><trkpt lat="37.869112976" lon="-119.352397704"/><trkpt lat="37.869115407" lon="-119.352627872"/><trkpt lat="37.869129572" lon="-119.35285259"/><trkpt lat="37.869207943" lon="-119.353029113"/><trkpt lat="37.869308442" lon="-119.353265399"/><trkpt lat="37.869381616" lon="-119.353465475"/><trkpt lat="37.869422184" lon="-119.35365851"/><trkpt lat="37.869423861" lon="-119.353811983"/><trkpt lat="37.869387483" lon="-119.353990853"/><trkpt lat="37.869288409" lon="-119.354267959"/><trkpt lat="37.86914818" lon="-119.354496533"/><trkpt lat="37.869046004" lon="-119.354690993"/><trkpt lat="37.86889731" lon="-119.354993077"/><trkpt lat="37.868804522" lon="-119.355190806"/><trkpt lat="37.868689522" lon="-119.355443772"/><trkpt lat="37.868632609" lon="-119.355598334"/><trkpt lat="37.86863219" lon="-119.355736971"/><trkpt lat="37.868650546" lon="-119.355988344"/><trkpt lat="37.868628083" lon="-119.3561735"/><trkpt lat="37.868603272" lon="-119.35636159"/><trkpt lat="37.868588772" lon="-119.356502742"/><trkpt lat="37.868591873" lon="-119.356697537"/><trkpt lat="37.868608218" lon="-119.356816057"/><trkpt lat="37.86860629" lon="-119.356913371"/><trkpt lat="37.868560608" lon="-119.357091906"/><trkpt lat="37.868515598" lon="-119.357235068"/><trkpt lat="37.868481567" lon="-119.357416872"/><trkpt lat="37.868491458" lon="-119.357623737"/><trkpt lat="37.868511658" lon="-119.357783664"/><trkpt lat="37.868605535" lon="-119.358002096"/><trkpt lat="37.868691366" lon="-119.358267384"/><trkpt lat="37.868768228" lon="-119.358517667"/><trkpt lat="37.868819609" lon="-119.358870462"/><trkpt lat="37.868820615" lon="-119.359286455"/><trkpt lat="37.86878407" lon="-119.359592143"/><trkpt lat="37.868767725" lon="-119.359827675"/><trkpt lat="37.868741071" lon="-119.35998911"/><trkpt lat="37.868639901" lon="-119.360136297"/><trkpt lat="37.868532529" lon="-119.360242076"/><trkpt lat="37.868473604" lon="-119.360378869"/><trkpt lat="37.868439239" lon="-119.360578358"/><trkpt lat="37.868417781" lon="-119.360831408"/><trkpt lat="37.868380984" lon="-119.361148914"/><trkpt lat="37.868397329" lon="-119.361500535"/><trkpt lat="37.868388779" lon="-119.361928012"/><trkpt lat="37.868351564" lon="-119.362148121"/><trkpt lat="37.868365813" lon="-119.362369906"/><trkpt lat="37.868368076" lon="-119.362608958"/><trkpt lat="37.868365562" lon="-119.362965859"/><trkpt lat="37.8683348" lon="-119.363223519"/><trkpt lat="37.868277971" lon="-119.363613278"/><trkpt lat="37.868298925" lon="-119.364060452"/><trkpt lat="37.868331028" lon="-119.3644943"/><trkpt lat="37.868327005" lon="-119.364559427"/><trkpt lat="37.868294483" lon="-119.36482287"/><trkpt lat="37.868240168" lon="-119.365085643"/><trkpt lat="37.868197337" lon="-119.365455285"/><trkpt lat="37.868159534" lon="-119.365711687"/><trkpt lat="37.86812718" lon="-119.365964821"/><trkpt lat="37.868118547" lon="-119.366122568"/><trkpt lat="37.8680846" lon="-119.366186773"/><trkpt lat="37.868058952" lon="-119.366244357"/><trkpt lat="37.868054509" lon="-119.36633002"/><trkpt lat="37.868128438" lon="-119.366442338"/><trkpt lat="37.868318874" lon="-119.366589272"/><trkpt lat="37.868358521" lon="-119.366648952"/><trkpt lat="37.868464217" lon="-119.366672924"/><trkpt lat="37.868572595" lon="-119.366700416"/><trkpt lat="37.868709555" lon="-119.366794126"/><trkpt lat="37.868810473" lon="-119.366921028"/><trkpt lat="37.868909966" lon="-119.367116578"/><trkpt lat="37.869003173" lon="-119.367356552"/><trkpt lat="37.869088836" lon="-119.367565429"/><trkpt lat="37.869177433" lon="-119.367901459"/><trkpt lat="37.869307771" lon="-119.368187282"/><trkpt lat="37.869451689" lon="-119.368477045"/><trkpt lat="37.869619662" lon="-119.368791534"/><trkpt lat="37.86975218" lon="-119.369104933"/><trkpt lat="37.869853936" lon="-119.369328059"/><trkpt lat="37.869878579" lon="-119.369455967"/><trkpt lat="37.869914118" lon="-119.369718153"/><trkpt lat="37.870047726" lon="-119.369980088"/><trkpt lat="37.870147638" lon="-119.370155018"/><trkpt lat="37.870213855" lon="-119.370383844"/><trkpt lat="37.870225087" lon="-119.370652149"/><trkpt lat="37.870198851" lon="-119.370871922"/><trkpt lat="37.870203964" lon="-119.371080883"/><trkpt lat="37.87027806" lon="-119.371276265"/><trkpt lat="37.870347211" lon="-119.371408448"/><trkpt lat="37.870355006" lon="-119.371645069"/><trkpt lat="37.870346373" lon="-119.372070199"/><trkpt lat="37.870278396" lon="-119.372501364"/><trkpt lat="37.870272277" lon="-119.372646874"/><trkpt lat="37.870192733" lon="-119.373030346"/><trkpt lat="37.870172868" lon="-119.373396048"/><trkpt lat="37.870179322" lon="-119.373695618"/><trkpt lat="37.870136909" lon="-119.374096105"/><trkpt lat="37.870122911" lon="-119.374481672"/><trkpt lat="37.870117966" lon="-119.374879394"/><trkpt lat="37.870093826" lon="-119.375300081"/><trkpt lat="37.870071027" lon="-119.375657821"/><trkpt lat="37.8701152" lon="-119.375942806"/><trkpt lat="37.870129365" lon="-119.376171716"/><trkpt lat="37.870219052" lon="-119.376521241"/><trkpt lat="37.870313264" lon="-119.376957603"/><trkpt lat="37.870380152" lon="-119.377357587"/><trkpt lat="37.870379062" lon="-119.377720021"/><trkpt lat="37.870367663" lon="-119.377975669"/><trkpt lat="37.870476628" lon="-119.378144648"/><trkpt lat="37.870603278" lon="-119.378215643"/><trkpt lat="37.870751638" lon="-119.378291331"/><trkpt lat="37.870858675" lon="-119.378401134"/><trkpt lat="37.870854903" lon="-119.378586123"/><trkpt lat="37.870791368" lon="-119.378796844"/><trkpt lat="37.870767564" lon="-119.378890637"/><trkpt lat="37.870806539" lon="-119.378970601"/><trkpt lat="37.870908547" lon="-119.379021227"/><trkpt lat="37.871025559" lon="-119.379103705"/><trkpt lat="37.871145755" lon="-119.379182411"/><trkpt lat="37.871221695" lon="-119.379287353"/><trkpt lat="37.871218426" lon="-119.379448704"/><trkpt lat="37.871149862" lon="-119.379596226"/><trkpt lat="37.871066965" lon="-119.379680213"/><trkpt lat="37.871027654" lon="-119.379773503"/><trkpt lat="37.871040814" lon="-119.379892023"/><trkpt lat="37.871138128" lon="-119.380021272"/><trkpt lat="37.871201076" lon="-119.380153287"/><trkpt lat="37.871210715" lon="-119.380291421"/><trkpt lat="37.871208619" lon="-119.380397703"/><trkpt lat="37.871264946" lon="-119.380545309"/><trkpt lat="37.871397128" lon="-119.380648071"/><trkpt lat="37.871453874" lon="-119.380775895"/><trkpt lat="37.871466195" lon="-119.380937833"/><trkpt lat="37.87142152" lon="-119.381141262"/><trkpt lat="37.871406684" lon="-119.381255005"/><trkpt lat="37.871456053" lon="-119.381437814"/><trkpt lat="37.871559989" lon="-119.381547449"/><trkpt lat="37.871683873" lon="-119.381598746"/><trkpt lat="37.871805327" lon="-119.381614504"/><trkpt lat="37.871876741" lon="-119.381636465"/><trkpt lat="37.871979" lon="-119.381675189"/><trkpt lat="37.872036248" lon="-119.381775521"/><trkpt lat="37.872050414" lon="-119.382000575"/><trkpt lat="37.871999284" lon="-119.382215571"/><trkpt lat="37.871930553" lon="-119.382370887"/><trkpt lat="37.871830389" lon="-119.3825371"/><trkpt lat="37.871715054" lon="-119.38267909"/><trkpt lat="37.871662918" lon="-119.382787719"/><trkpt lat="37.871649927" lon="-119.382968517"/><trkpt lat="37.871662499" lon="-119.383118553"/><trkpt lat="37.871712707" lon="-119.383258112"/><trkpt lat="37.871758221" lon="-119.383322569"/><trkpt lat="37.871800549" lon="-119.383390881"/><trkpt lat="37.87185872" lon="-119.383451901"/><trkpt lat="37.871952094" lon="-119.383466737"/><trkpt lat="37.872052006" lon="-119.383465983"/><trkpt lat="37.872136831" lon="-119.383441173"/><trkpt lat="37.872195756" lon="-119.383458775"/><trkpt lat="37.872216543" lon="-119.383510659"/><trkpt lat="37.872184105" lon="-119.383572685"/><trkpt lat="37.872114619" lon="-119.383609816"/><trkpt lat="37.872016635" lon="-119.383669663"/><trkpt lat="37.8719215" lon="-119.383741496"/><trkpt lat="37.871757466" lon="-119.383801594"/><trkpt lat="37.871580189" lon="-119.383974262"/><trkpt lat="37.87138816" lon="-119.384146426"/><trkpt lat="37.871237453" lon="-119.384316243"/><trkpt lat="37.871097559" lon="-119.384530988"/><trkpt lat="37.870919108" lon="-119.384763082"/><trkpt lat="37.870716183" lon="-119.385035243"/><trkpt lat="37.870495487" lon="-119.385314276"/><trkpt lat="37.870338997" lon="-119.385476466"/><trkpt lat="37.870225506" lon="-119.385554502"/><trkpt lat="37.870106231" lon="-119.385624994"/><trkpt lat="37.870022831" lon="-119.385670591"/><trkpt lat="37.869906826" lon="-119.385871254"/><trkpt lat="37.869814793" lon="-119.386050375"/><trkpt lat="37.86970851" lon="-119.386206781"/><trkpt lat="37.869564006" lon="-119.386358159"/><trkpt lat="37.869397122" lon="-119.386453126"/><trkpt lat="37.869247338" lon="-119.386578351"/><trkpt lat="37.869149689" lon="-119.386746157"/><trkpt lat="37.869068468" lon="-119.386973893"/><trkpt lat="37.868992025" lon="-119.387253849"/><trkpt lat="37.868939135" lon="-119.387393408"/><trkpt lat="37.868844587" lon="-119.387553837"/><trkpt lat="37.868755991" lon="-119.387710746"/><trkpt lat="37.86872833" lon="-119.387910571"/><trkpt lat="37.868739227" lon="-119.388100421"/><trkpt lat="37.868741406" lon="-119.38828256"/><trkpt lat="37.868696647" lon="-119.388455814"/><trkpt lat="37.868618192" lon="-119.388691094"/><trkpt lat="37.868549712" lon="-119.388874657"/><trkpt lat="37.868471509" lon="-119.389098873"/><trkpt lat="37.868424151" lon="-119.389253352"/><trkpt lat="37.868333459" lon="-119.389365669"/><trkpt lat="37.868228015" lon="-119.389481172"/><trkpt lat="37.868151572" lon="-119.389619892"/><trkpt lat="37.868079152" lon="-119.389851652"/><trkpt lat="37.868022323" lon="-119.39018433"/><trkpt lat="37.867977479" lon="-119.390361188"/><trkpt lat="37.86794018" lon="-119.390601581"/><trkpt lat="37.867938587" lon="-119.390824456"/><trkpt lat="37.867915705" lon="-119.391080104"/><trkpt lat="37.867845045" lon="-119.391367687"/><trkpt lat="37.867786204" lon="-119.391655689"/><trkpt lat="37.867754856" lon="-119.391892478"/><trkpt lat="37.867682688" lon="-119.392109402"/><trkpt lat="37.867614124" lon="-119.392292965"/><trkpt lat="37.867487222" lon="-119.39259354"/><trkpt lat="37.8674231" lon="-119.392851619"/><trkpt lat="37.867353279" lon="-119.393243305"/><trkpt lat="37.867289828" lon="-119.393609092"/><trkpt lat="37.867255462" lon="-119.393849568"/><trkpt lat="37.867218414" lon="-119.39407873"/><trkpt lat="37.867148258" lon="-119.394340329"/><trkpt lat="37.867050022" lon="-119.394534035"/><trkpt lat="37.866967209" lon="-119.394698571"/><trkpt lat="37.866915325" lon="-119.394786078"/><trkpt lat="37.866892358" lon="-119.394900575"/><trkpt lat="37.866927311" lon="-119.395065196"/><trkpt lat="37.866979195" lon="-119.395263847"/><trkpt lat="37.867034515" lon="-119.395443974"/><trkpt lat="37.867007274" lon="-119.395621503"/><trkpt lat="37.866979195" lon="-119.395843539"/><trkpt lat="37.866978105" lon="-119.39604043"/><trkpt lat="37.866944829" lon="-119.396228855"/><trkpt lat="37.866848689" lon="-119.396467321"/><trkpt lat="37.866710722" lon="-119.396730429"/><trkpt lat="37.866619444" lon="-119.396876106"/><trkpt lat="37.866520202" lon="-119.396973168"/><trkpt lat="37.8664192" lon="-119.397014491"/><trkpt lat="37.866293723" lon="-119.397099651"/><trkpt lat="37.866194313" lon="-119.397207862"/><trkpt lat="37.866049893" lon="-119.397355551"/><trkpt lat="37.865887284" lon="-119.397528637"/><trkpt lat="37.865782259" lon="-119.397625532"/><trkpt lat="37.865583692" lon="-119.397827201"/><trkpt lat="37.865335671" lon="-119.398001293"/><trkpt lat="37.86500819" lon="-119.398313938"/><trkpt lat="37.864668388" lon="-119.398652231"/><trkpt lat="37.864383571" lon="-119.398895642"/><trkpt lat="37.864116104" lon="-119.399299398"/><trkpt lat="37.863900857" lon="-119.399600895"/><trkpt lat="37.863660967" lon="-119.399804911"/><trkpt lat="37.863477655" lon="-119.399984702"/><trkpt lat="37.86327322" lon="-119.400186203"/><trkpt lat="37.863060152" lon="-119.400376221"/><trkpt lat="37.862886731" lon="-119.400504297"/><trkpt lat="37.862786483" lon="-119.400794646"/><trkpt lat="37.862719428" lon="-119.401048869"/><trkpt lat="37.862667376" lon="-119.401292363"/><trkpt lat="37.862557909" lon="-119.401604673"/><trkpt lat="37.862512227" lon="-119.401818747"/><trkpt lat="37.862523543" lon="-119.402276147"/><trkpt lat="37.862521363" lon="-119.402669929"/><trkpt lat="37.862512814" lon="-119.403089527"/><trkpt lat="37.862509126" lon="-119.403412733"/><trkpt lat="37.862484902" lon="-119.403735185"/><trkpt lat="37.862467635" lon="-119.404002149"/><trkpt lat="37.862449614" lon="-119.404165093"/><trkpt lat="37.862448022" lon="-119.404243045"/><trkpt lat="37.862436371" lon="-119.404380172"/><trkpt lat="37.86241659" lon="-119.404628444"/><trkpt lat="37.86237577" lon="-119.404749731"/><trkpt lat="37.862293376" lon="-119.404891971"/><trkpt lat="37.862187261" lon="-119.405037146"/><trkpt lat="37.86214686" lon="-119.405139908"/><trkpt lat="37.86210076" lon="-119.405379966"/><trkpt lat="37.862073435" lon="-119.405561099"/><trkpt lat="37.862008978" lon="-119.40568909"/><trkpt lat="37.861861037" lon="-119.405866368"/><trkpt lat="37.86180404" lon="-119.405916492"/><trkpt lat="37.861659285" lon="-119.406079017"/><trkpt lat="37.861443367" lon="-119.406265179"/><trkpt lat="37.861266006" lon="-119.40644145"/><trkpt lat="37.861111276" lon="-119.406514456"/><trkpt lat="37.860943973" lon="-119.406627947"/><trkpt lat="37.860815981" lon="-119.406694332"/><trkpt lat="37.860647757" lon="-119.40671118"/><trkpt lat="37.860459583" lon="-119.406690225"/><trkpt lat="37.860254226" lon="-119.406650076"/><trkpt lat="37.860140065" lon="-119.406616632"/><trkpt lat="37.859987682" lon="-119.406574555"/><trkpt lat="37.859900678" lon="-119.406508505"/><trkpt lat="37.859799759" lon="-119.406401217"/><trkpt lat="37.859667242" lon="-119.406255707"/><trkpt lat="37.859566072" lon="-119.406163255"/><trkpt lat="37.859416204" lon="-119.406143473"/><trkpt lat="37.859306149" lon="-119.406195609"/><trkpt lat="37.859178577" lon="-119.406384705"/><trkpt lat="37.859054357" lon="-119.406551588"/><trkpt lat="37.858974058" lon="-119.40658981"/><trkpt lat="37.85876778" lon="-119.406590564"/><trkpt lat="37.858622437" lon="-119.406641526"/><trkpt lat="37.858476341" lon="-119.406725932"/><trkpt lat="37.858357402" lon="-119.406926427"/><trkpt lat="37.858259082" lon="-119.407123905"/><trkpt lat="37.858057749" lon="-119.407317946"/><trkpt lat="37.857840657" lon="-119.407559847"/><trkpt lat="37.857664218" lon="-119.407832762"/><trkpt lat="37.857525246" lon="-119.408147754"/><trkpt lat="37.857366242" lon="-119.408428716"/><trkpt lat="37.857204136" lon="-119.408720657"/><trkpt lat="37.856983859" lon="-119.408977311"/><trkpt lat="37.856842708" lon="-119.409110164"/><trkpt lat="37.85673039" lon="-119.409270007"/><trkpt lat="37.856475916" lon="-119.409469748"/><trkpt lat="37.856351025" lon="-119.409670075"/><trkpt lat="37.856162265" lon="-119.409972327"/><trkpt lat="37.85602673" lon="-119.410257731"/><trkpt lat="37.855915586" lon="-119.410506757"/><trkpt lat="37.855759347" lon="-119.410798866"/><trkpt lat="37.855639402" lon="-119.410902718"/><trkpt lat="37.855447372" lon="-119.411074799"/><trkpt lat="37.855295492" lon="-119.411300188"/><trkpt lat="37.855182001" lon="-119.411515687"/><trkpt lat="37.855028445" lon="-119.4118228"/><trkpt lat="37.85485276" lon="-119.412058583"/><trkpt lat="37.854703814" lon="-119.412284056"/><trkpt lat="37.85452419" lon="-119.412423111"/><trkpt lat="37.854340123" lon="-119.412636263"/><trkpt lat="37.854170976" lon="-119.412838854"/><trkpt lat="37.854001578" lon="-119.412911357"/><trkpt lat="37.853825726" lon="-119.413013365"/><trkpt lat="37.85351065" lon="-119.413110344"/><trkpt lat="37.853220971" lon="-119.413237497"/><trkpt lat="37.852928611" lon="-119.413501108"/><trkpt lat="37.852659384" lon="-119.413690455"/><trkpt lat="37.852456374" lon="-119.413820375"/><trkpt lat="37.852232074" lon="-119.413929172"/><trkpt lat="37.851867629" lon="-119.414272411"/><trkpt lat="37.851776853" lon="-119.414474331"/><trkpt lat="37.85159044" lon="-119.414850678"/><trkpt lat="37.851447528" lon="-119.414955284"/><trkpt lat="37.85121887" lon="-119.415016137"/><trkpt lat="37.850926761" lon="-119.414999709"/><trkpt lat="37.850733222" lon="-119.414931983"/><trkpt lat="37.850474473" lon="-119.41487574"/><trkpt lat="37.85025185" lon="-119.414902562"/><trkpt lat="37.849978348" lon="-119.415037092"/><trkpt lat="37.849694202" lon="-119.415164413"/><trkpt lat="37.849584231" lon="-119.415242784"/><trkpt lat="37.849301342" lon="-119.415308665"/><trkpt lat="37.84891611" lon="-119.415343869"/><trkpt lat="37.84874822" lon="-119.415345211"/><trkpt lat="37.84856692" lon="-119.415209508"/><trkpt lat="37.848350247" lon="-119.414949752"/><trkpt lat="37.848267267" lon="-119.414769541"/><trkpt lat="37.848194428" lon="-119.414623696"/><trkpt lat="37.848045733" lon="-119.414482294"/><trkpt lat="37.847895361" lon="-119.414422698"/><trkpt lat="37.847762424" lon="-119.414302334"/><trkpt lat="37.847603336" lon="-119.414140061"/><trkpt lat="37.847520523" lon="-119.413952976"/><trkpt lat="37.847448941" lon="-119.413745776"/><trkpt lat="37.847381551" lon="-119.413600098"/><trkpt lat="37.847220451" lon="-119.413533378"/><trkpt lat="37.846983578" lon="-119.413464228"/><trkpt lat="37.846698929" lon="-119.413352497"/><trkpt lat="37.846440682" lon="-119.413268929"/><trkpt lat="37.84621479" lon="-119.413193325"/><trkpt lat="37.846022006" lon="-119.413091401"/><trkpt lat="37.845769459" lon="-119.412994422"/><trkpt lat="37.845536862" lon="-119.412980005"/><trkpt lat="37.84541063" lon="-119.413064662"/><trkpt lat="37.845215248" lon="-119.413085533"/><trkpt lat="37.845074013" lon="-119.413108248"/><trkpt lat="37.844920205" lon="-119.413212519"/><trkpt lat="37.844755249" lon="-119.413336907"/><trkpt lat="37.844536398" lon="-119.413445871"/><trkpt lat="37.844389044" lon="-119.413502533"/><trkpt lat="37.844264656" lon="-119.413491637"/><trkpt lat="37.844211934" lon="-119.413554333"/><trkpt lat="37.844083104" lon="-119.413658017"/><trkpt lat="37.844009008" lon="-119.413715601"/><trkpt lat="37.843884788" lon="-119.413743513"/><trkpt lat="37.84371011" lon="-119.413761785"/><trkpt lat="37.843589159" lon="-119.413789781"/><trkpt lat="37.84341733" lon="-119.413820123"/><trkpt lat="37.843217589" lon="-119.413825655"/><trkpt lat="37.843007538" lon="-119.413866727"/><trkpt lat="37.842810564" lon="-119.413892291"/><trkpt lat="37.842687014" lon="-119.413888268"/><trkpt lat="37.842583247" lon="-119.413848873"/><trkpt lat="37.84246196" lon="-119.413737059"/><trkpt lat="37.842350062" lon="-119.413629435"/><trkpt lat="37.842208073" lon="-119.413600853"/><trkpt lat="37.842078572" lon="-119.413576629"/><trkpt lat="37.841892242" lon="-119.413546622"/><trkpt lat="37.8417469" lon="-119.413525835"/><trkpt lat="37.841607928" lon="-119.41350136"/><trkpt lat="37.841469543" lon="-119.413448889"/><trkpt lat="37.841268796" lon="-119.413346378"/><trkpt lat="37.841137117" lon="-119.413278149"/><trkpt lat="37.840974424" lon="-119.41317698"/><trkpt lat="37.84088281" lon="-119.413161976"/><trkpt lat="37.840771247" lon="-119.413190307"/><trkpt lat="37.840630598" lon="-119.413249651"/><trkpt lat="37.840452986" lon="-119.413255854"/><trkpt lat="37.840279061" lon="-119.413238168"/><trkpt lat="37.840171773" lon="-119.413214698"/><trkpt lat="37.840090469" lon="-119.413160132"/><trkpt lat="37.84001939" lon="-119.413073882"/><trkpt lat="37.839901708" lon="-119.412938179"/><trkpt lat="37.839798611" lon="-119.412866849"/><trkpt lat="37.839739015" lon="-119.412836926"/><trkpt lat="37.839697609" lon="-119.412847571"/><trkpt lat="37.839617813" lon="-119.412872968"/><trkpt lat="37.839425029" lon="-119.413002552"/><trkpt lat="37.839244986" lon="-119.413128532"/><trkpt lat="37.839065613" lon="-119.413218638"/><trkpt lat="37.8388994" lon="-119.41328913"/><trkpt lat="37.838781802" lon="-119.413305223"/><trkpt lat="37.838597484" lon="-119.413331207"/><trkpt lat="37.838467313" lon="-119.413338918"/><trkpt lat="37.838320462" lon="-119.413394071"/><trkpt lat="37.838067999" lon="-119.413493816"/><trkpt lat="37.837907821" lon="-119.413576461"/><trkpt lat="37.837696513" lon="-119.413681487"/><trkpt lat="37.837548824" lon="-119.413776537"/><trkpt lat="37.837440278" lon="-119.413812999"/><trkpt lat="37.837268282" lon="-119.413855327"/><trkpt lat="37.836996792" lon="-119.413958341"/><trkpt lat="37.836753968" lon="-119.414054314"/><trkpt lat="37.836687164" lon="-119.414064204"/><trkpt lat="37.836540565" lon="-119.414103348"/><trkpt lat="37.836392373" lon="-119.414066551"/><trkpt lat="37.83630034" lon="-119.41407552"/><trkpt lat="37.836187519" lon="-119.414167721"/><trkpt lat="37.835979061" lon="-119.414440719"/><trkpt lat="37.835838078" lon="-119.414667869"/><trkpt lat="37.83570556" lon="-119.414795442"/><trkpt lat="37.835544627" lon="-119.414914045"/><trkpt lat="37.835418899" lon="-119.415017813"/><trkpt lat="37.835241873" lon="-119.415151924"/><trkpt lat="37.835091334" lon="-119.415226942"/><trkpt lat="37.834857311" lon="-119.415359125"/><trkpt lat="37.834629072" lon="-119.415515531"/><trkpt lat="37.834462775" lon="-119.415590046"/><trkpt lat="37.834248617" lon="-119.415674955"/><trkpt lat="37.834024988" lon="-119.415763551"/><trkpt lat="37.833766574" lon="-119.415847035"/><trkpt lat="37.83359441" lon="-119.41589741"/><trkpt lat="37.833399028" lon="-119.415994892"/><trkpt lat="37.83322636" lon="-119.416069156"/><trkpt lat="37.832951853" lon="-119.416164123"/><trkpt lat="37.83284666" lon="-119.416196644"/><trkpt lat="37.83268665" lon="-119.416271327"/><trkpt lat="37.832442988" lon="-119.416407282"/><trkpt lat="37.832245175" lon="-119.416472744"/><trkpt lat="37.832017774" lon="-119.416589169"/><trkpt lat="37.831947533" lon="-119.416610878"/><trkpt lat="37.831772352" lon="-119.416653123"/><trkpt lat="37.831571018" lon="-119.416734427"/><trkpt lat="37.831313191" lon="-119.416789915"/><trkpt lat="37.831070451" lon="-119.416881865"/><trkpt lat="37.830875823" lon="-119.416943472"/><trkpt lat="37.830623025" lon="-119.417063082"/><trkpt lat="37.830402749" lon="-119.417139776"/><trkpt lat="37.830191944" lon="-119.417220829"/><trkpt lat="37.830003938" lon="-119.417270618"/><trkpt lat="37.829723144" lon="-119.417361394"/><trkpt lat="37.829554249" lon="-119.417407829"/><trkpt lat="37.829245878" lon="-119.417453678"/><trkpt lat="37.82905804" lon="-119.417495504"/><trkpt lat="37.828785377" lon="-119.417502545"/><trkpt lat="37.828601142" lon="-119.417520482"/><trkpt lat="37.828300148" lon="-119.417518722"/><trkpt lat="37.828141227" lon="-119.417537497"/><trkpt lat="37.827884657" lon="-119.417533055"/><trkpt lat="37.827681899" lon="-119.417526433"/><trkpt lat="37.827437734" lon="-119.41753448"/><trkpt lat="37.827215865" lon="-119.417535234"/><trkpt lat="37.826927528" lon="-119.417533809"/><trkpt lat="37.826791573" lon="-119.417517381"/><trkpt lat="37.826710269" lon="-119.417499192"/><trkpt lat="37.82658672" lon="-119.417456025"/><trkpt lat="37.826413298" lon="-119.417386623"/><trkpt lat="37.826244067" lon="-119.417297775"/><trkpt lat="37.826077351" lon="-119.417277658"/><trkpt lat="37.825926393" lon="-119.417248238"/><trkpt lat="37.825759174" lon="-119.417252596"/><trkpt lat="37.825626573" lon="-119.417277658"/><trkpt lat="37.825487014" lon="-119.41725838"/><trkpt lat="37.825413924" lon="-119.417221667"/><trkpt lat="37.825303283" lon="-119.417120079"/><trkpt lat="37.825209908" lon="-119.417126868"/><trkpt lat="37.825097339" lon="-119.417118235"/><trkpt lat="37.824957864" lon="-119.41709904"/><trkpt lat="37.824735744" lon="-119.41712603"/><trkpt lat="37.824479006" lon="-119.417137261"/><trkpt lat="37.824299298" lon="-119.41718529"/><trkpt lat="37.824103329" lon="-119.417262236"/><trkpt lat="37.82394181" lon="-119.417369608"/><trkpt lat="37.823706865" lon="-119.417455019"/><trkpt lat="37.823510645" lon="-119.417546634"/><trkpt lat="37.823317861" lon="-119.417662807"/><trkpt lat="37.823062465" lon="-119.417796582"/><trkpt lat="37.822818886" lon="-119.417920969"/><trkpt lat="37.82264974" lon="-119.418023229"/><trkpt lat="37.822524849" lon="-119.418048542"/><trkpt lat="37.822309518" lon="-119.418124817"/><trkpt lat="37.822148167" lon="-119.418222383"/><trkpt lat="37.821931494" lon="-119.418362277"/><trkpt lat="37.821699064" lon="-119.41851642"/><trkpt lat="37.821454732" lon="-119.418679951"/><trkpt lat="37.821260272" lon="-119.418874495"/><trkpt lat="37.821056508" lon="-119.419142213"/><trkpt lat="37.820878727" lon="-119.419283364"/><trkpt lat="37.820474468" lon="-119.419475896"/><trkpt lat="37.820045566" lon="-119.419731377"/><trkpt lat="37.819620604" lon="-119.419986941"/><trkpt lat="37.819123892" lon="-119.42032842"/><trkpt lat="37.818748215" lon="-119.420639472"/><trkpt lat="37.818430206" lon="-119.420986734"/><trkpt lat="37.818051511" lon="-119.421258559"/><trkpt lat="37.817682624" lon="-119.421618814"/><trkpt lat="37.81733687" lon="-119.421989713"/><trkpt lat="37.817185326" lon="-119.422175791"/><trkpt lat="37.816980472" lon="-119.422311159"/><trkpt lat="37.816824485" lon="-119.422526574"/><trkpt lat="37.816716358" lon="-119.422679795"/><trkpt lat="37.816670006" lon="-119.422854641"/><trkpt lat="37.81663782" lon="-119.422907447"/><trkpt lat="37.816531118" lon="-119.422992188"/><trkpt lat="37.816501949" lon="-119.423089251"/><trkpt lat="37.816466074" lon="-119.423132166"/><trkpt lat="37.816337412" lon="-119.42315245"/><trkpt lat="37.816205062" lon="-119.42316276"/><trkpt lat="37.816053852" lon="-119.423143147"/><trkpt lat="37.815952515" lon="-119.423159407"/><trkpt lat="37.815877916" lon="-119.423196204"/><trkpt lat="37.815844892" lon="-119.423288153"/><trkpt lat="37.815869786" lon="-119.423401644"/><trkpt lat="37.815929465" lon="-119.423521254"/><trkpt lat="37.816012949" lon="-119.423621921"/><trkpt lat="37.816141946" lon="-119.42377313"/><trkpt lat="37.816217551" lon="-119.423878491"/><trkpt lat="37.816320062" lon="-119.423994496"/><trkpt lat="37.816387787" lon="-119.424104551"/><trkpt lat="37.816439085" lon="-119.424253162"/><trkpt lat="37.816428691" lon="-119.424380232"/><trkpt lat="37.816402959" lon="-119.424496992"/><trkpt lat="37.816327354" lon="-119.424582655"/><trkpt lat="37.816220652" lon="-119.424667396"/><trkpt lat="37.816072209" lon="-119.424706623"/><trkpt lat="37.815907672" lon="-119.424769823"/><trkpt lat="37.815753696" lon="-119.424887253"/><trkpt lat="37.815681025" lon="-119.425017172"/><trkpt lat="37.815592848" lon="-119.425146589"/><trkpt lat="37.815474244" lon="-119.425245579"/><trkpt lat="37.815363267" lon="-119.425349683"/><trkpt lat="37.815271486" lon="-119.425464263"/><trkpt lat="37.815163024" lon="-119.425637098"/><trkpt lat="37.815020448" lon="-119.425764671"/><trkpt lat="37.814869154" lon="-119.425941026"/><trkpt lat="37.814701684" lon="-119.426146215"/><trkpt lat="37.814587187" lon="-119.426230621"/><trkpt lat="37.814387111" lon="-119.426322067"/><trkpt lat="37.814194914" lon="-119.42640882"/><trkpt lat="37.814044962" lon="-119.426516611"/><trkpt lat="37.813890483" lon="-119.426658517"/><trkpt lat="37.813696275" lon="-119.426843254"/><trkpt lat="37.813579096" lon="-119.427059842"/><trkpt lat="37.813460575" lon="-119.427340133"/><trkpt lat="37.813380193" lon="-119.427655963"/><trkpt lat="37.813366698" lon="-119.427743638"/><trkpt lat="37.813286232" lon="-119.427878167"/><trkpt lat="37.813149774" lon="-119.428089308"/><trkpt lat="37.813032763" lon="-119.428296089"/><trkpt lat="37.812868562" lon="-119.428530782"/><trkpt lat="37.812744426" lon="-119.428707976"/><trkpt lat="37.812610986" lon="-119.428772181"/><trkpt lat="37.812391045" lon="-119.428882571"/><trkpt lat="37.812167834" lon="-119.428963456"/><trkpt lat="37.811936829" lon="-119.429044006"/><trkpt lat="37.811724935" lon="-119.429144841"/><trkpt lat="37.8115205" lon="-119.429255733"/><trkpt lat="37.811344313" lon="-119.429318514"/><trkpt lat="37.811113223" lon="-119.429404009"/><trkpt lat="37.81086646" lon="-119.429498808"/><trkpt lat="37.810647944" lon="-119.429540634"/><trkpt lat="37.810460441" lon="-119.429588411"/><trkpt lat="37.810214097" lon="-119.429658651"/><trkpt lat="37.809991725" lon="-119.429700393"/><trkpt lat="37.809674805" lon="-119.429802652"/><trkpt lat="37.809417062" lon="-119.429862751"/><trkpt lat="37.809230145" lon="-119.429881107"/><trkpt lat="37.809094777" lon="-119.429847328"/><trkpt lat="37.80899805" lon="-119.429824529"/><trkpt lat="37.808815241" lon="-119.429833246"/><trkpt lat="37.808574513" lon="-119.429820422"/><trkpt lat="37.808337053" lon="-119.429842047"/><trkpt lat="37.808138402" lon="-119.429859985"/><trkpt lat="37.807870517" lon="-119.429846322"/><trkpt lat="37.807672201" lon="-119.429854536"/><trkpt lat="37.807314629" lon="-119.429852609"/><trkpt lat="37.807073817" lon="-119.42984473"/><trkpt lat="37.806917075" lon="-119.429908181"/><trkpt lat="37.806695625" lon="-119.42990575"/><trkpt lat="37.806516085" lon="-119.42993911"/><trkpt lat="37.806317518" lon="-119.429957047"/><trkpt lat="37.806094978" lon="-119.430008512"/><trkpt lat="37.805701364" lon="-119.430059306"/><trkpt lat="37.805330968" lon="-119.430115717"/><trkpt lat="37.804969121" lon="-119.430133235"/><trkpt lat="37.804873651" lon="-119.430132145"/><trkpt lat="37.804794693" lon="-119.430141198"/><trkpt lat="37.804725291" lon="-119.430133151"/><trkpt lat="37.804558324" lon="-119.430139353"/><trkpt lat="37.80434031" lon="-119.43014388"/><trkpt lat="37.804108048" lon="-119.430165421"/><trkpt lat="37.803861704" lon="-119.430198278"/><trkpt lat="37.803587196" lon="-119.430247732"/><trkpt lat="37.803378152" lon="-119.430270027"/><trkpt lat="37.803159552" lon="-119.430303806"/><trkpt lat="37.803044049" lon="-119.430282433"/><trkpt lat="37.802991914" lon="-119.430339178"/><trkpt lat="37.802885212" lon="-119.430341525"/><trkpt lat="37.802718244" lon="-119.430347728"/><trkpt lat="37.802527472" lon="-119.430382345"/><trkpt lat="37.802340304" lon="-119.430463901"/><trkpt lat="37.802172499" lon="-119.430510923"/><trkpt lat="37.802047273" lon="-119.430512683"/><trkpt lat="37.801816938" lon="-119.430440851"/><trkpt lat="37.801655419" lon="-119.430406317"/><trkpt lat="37.801489122" lon="-119.430377483"/><trkpt lat="37.801327351" lon="-119.430354685"/><trkpt lat="37.801151583" lon="-119.43033725"/><trkpt lat="37.800887721" lon="-119.430316882"/><trkpt lat="37.80062872" lon="-119.430290898"/><trkpt lat="37.800467117" lon="-119.430256365"/><trkpt lat="37.800328564" lon="-119.43023432"/><trkpt lat="37.800204093" lon="-119.43020096"/><trkpt lat="37.800001586" lon="-119.43013005"/><trkpt lat="37.799850879" lon="-119.430019995"/><trkpt lat="37.799726743" lon="-119.429969201"/><trkpt lat="37.799588609" lon="-119.429923771"/><trkpt lat="37.799472772" lon="-119.429919915"/><trkpt lat="37.799335225" lon="-119.429845316"/><trkpt lat="37.799180159" lon="-119.42972336"/><trkpt lat="37.799024675" lon="-119.429619005"/><trkpt lat="37.798869694" lon="-119.429491181"/><trkpt lat="37.798718316" lon="-119.429416163"/><trkpt lat="37.79854347" lon="-119.429351958"/><trkpt lat="37.798345825" lon="-119.429269563"/><trkpt lat="37.798096379" lon="-119.429226313"/><trkpt lat="37.797903009" lon="-119.429161521"/><trkpt lat="37.797755236" lon="-119.429133357"/><trkpt lat="37.797681224" lon="-119.429125059"/><trkpt lat="37.797529846" lon="-119.429049958"/><trkpt lat="37.797374111" lon="-119.428957254"/><trkpt lat="37.797217788" lon="-119.428893719"/><trkpt lat="37.797111589" lon="-119.42887268"/><trkpt lat="37.796945209" lon="-119.428849714"/><trkpt lat="37.796746809" lon="-119.428802356"/><trkpt lat="37.796546649" lon="-119.428842505"/><trkpt lat="37.796354452" lon="-119.428947195"/><trkpt lat="37.796162842" lon="-119.429022716"/><trkpt lat="37.795960587" lon="-119.429162107"/><trkpt lat="37.795800325" lon="-119.429291273"/><trkpt lat="37.795686414" lon="-119.429421863"/><trkpt lat="37.795634614" lon="-119.429618083"/><trkpt lat="37.795553897" lon="-119.429922178"/><trkpt lat="37.795427162" lon="-119.430287294"/><trkpt lat="37.795320209" lon="-119.43065308"/><trkpt lat="37.795227254" lon="-119.431069326"/><trkpt lat="37.795102196" lon="-119.431353137"/><trkpt lat="37.794981664" lon="-119.431655891"/><trkpt lat="37.794834981" lon="-119.432026623"/><trkpt lat="37.794738756" lon="-119.432355193"/><trkpt lat="37.794625433" lon="-119.432551749"/><trkpt lat="37.794397697" lon="-119.432757106"/><trkpt lat="37.794227125" lon="-119.432839165"/><trkpt lat="37.794126291" lon="-119.432910914"/><trkpt lat="37.794045573" lon="-119.432970844"/><trkpt lat="37.793904338" lon="-119.433078887"/><trkpt lat="37.793713231" lon="-119.43319154"/><trkpt lat="37.793552885" lon="-119.433261361"/><trkpt lat="37.793373177" lon="-119.433305534"/><trkpt lat="37.793175532" lon="-119.433255242"/><trkpt lat="37.793013426" lon="-119.433168573"/><trkpt lat="37.792817457" lon="-119.433036977"/><trkpt lat="37.792614363" lon="-119.432773702"/><trkpt lat="37.792484444" lon="-119.4325691"/><trkpt lat="37.792294677" lon="-119.432381429"/><trkpt lat="37.792182276" lon="-119.432290066"/><trkpt lat="37.792092841" lon="-119.432293419"/><trkpt lat="37.79201204" lon="-119.432359636"/><trkpt lat="37.791892095" lon="-119.432393247"/><trkpt lat="37.791747507" lon="-119.432419734"/><trkpt lat="37.791602416" lon="-119.432471367"/><trkpt lat="37.791480375" lon="-119.432611261"/><trkpt lat="37.791367806" lon="-119.432770265"/><trkpt lat="37.791296141" lon="-119.432874369"/><trkpt lat="37.79111065" lon="-119.432955924"/><trkpt lat="37.790959273" lon="-119.433069834"/><trkpt lat="37.790872185" lon="-119.433198413"/><trkpt lat="37.790764226" lon="-119.433376361"/><trkpt lat="37.790595246" lon="-119.433621196"/><trkpt lat="37.790320404" lon="-119.433943816"/><trkpt lat="37.79004531" lon="-119.434279008"/><trkpt lat="37.7897848" lon="-119.434627192"/><trkpt lat="37.789504845" lon="-119.434956014"/><trkpt lat="37.789255148" lon="-119.435260696"/><trkpt lat="37.789137382" lon="-119.435432106"/><trkpt lat="37.789079547" lon="-119.435586669"/><trkpt lat="37.78902825" lon="-119.435666297"/><trkpt lat="37.788957842" lon="-119.435707787"/><trkpt lat="37.788873352" lon="-119.435711307"/><trkpt lat="37.78865559" lon="-119.435672835"/><trkpt lat="37.7884934" lon="-119.435592368"/><trkpt lat="37.788316878" lon="-119.435480218"/><trkpt lat="37.788173379" lon="-119.435456749"/><trkpt lat="37.787989983" lon="-119.435438141"/><trkpt lat="37.787821004" lon="-119.435445182"/><trkpt lat="37.787647415" lon="-119.435433196"/><trkpt lat="37.787508778" lon="-119.43540981"/><trkpt lat="37.787340051" lon="-119.435404278"/><trkpt lat="37.787146261" lon="-119.435410481"/><trkpt lat="37.786884075" lon="-119.43535801"/><trkpt lat="37.786665559" lon="-119.435357088"/><trkpt lat="37.786421226" lon="-119.435405452"/><trkpt lat="37.786207823" lon="-119.435398411"/><trkpt lat="37.786033982" lon="-119.435398914"/><trkpt lat="37.785766684" lon="-119.435352646"/><trkpt lat="37.785523608" lon="-119.435338397"/><trkpt lat="37.785319341" lon="-119.435369242"/><trkpt lat="37.785100825" lon="-119.43536832"/><trkpt lat="37.784861857" lon="-119.435397992"/><trkpt lat="37.784623392" lon="-119.435402686"/><trkpt lat="37.78437336" lon="-119.435482062"/><trkpt lat="37.784179654" lon="-119.435481979"/><trkpt lat="37.783910511" lon="-119.43552942"/><trkpt lat="37.783676991" lon="-119.435534282"/><trkpt lat="37.78347373" lon="-119.435515087"/><trkpt lat="37.783273319" lon="-119.435602427"/><trkpt lat="37.783066034" lon="-119.435777105"/><trkpt lat="37.782859839" lon="-119.435901744"/><trkpt lat="37.782677701" lon="-119.436064688"/><trkpt lat="37.782475613" lon="-119.436227046"/><trkpt lat="37.782313088" lon="-119.43640315"/><trkpt lat="37.782197082" lon="-119.436486969"/><trkpt lat="37.782165231" lon="-119.436586043"/><trkpt lat="37.782032294" lon="-119.436769439"/><trkpt lat="37.781837918" lon="-119.437044617"/><trkpt lat="37.781733144" lon="-119.437304037"/><trkpt lat="37.781612445" lon="-119.437619196"/><trkpt lat="37.781520914" lon="-119.43796034"/><trkpt lat="37.78144313" lon="-119.438358312"/><trkpt lat="37.781349001" lon="-119.438586719"/><trkpt lat="37.781313295" lon="-119.438873464"/><trkpt lat="37.781120343" lon="-119.439317621"/><trkpt lat="37.780980533" lon="-119.439832438"/><trkpt lat="37.780876514" lon="-119.440298388"/><trkpt lat="37.780762687" lon="-119.440757716"/><trkpt lat="37.780592199" lon="-119.44131528"/><trkpt lat="37.780432105" lon="-119.441848202"/><trkpt lat="37.780279219" lon="-119.442274924"/><trkpt lat="37.78013505" lon="-119.442520514"/><trkpt lat="37.779934136" lon="-119.442870542"/><trkpt lat="37.779829865" lon="-119.4431049"/><trkpt lat="37.779684439" lon="-119.443413019"/><trkpt lat="37.779523674" lon="-119.443501616"/><trkpt lat="37.779369447" lon="-119.443515278"/><trkpt lat="37.779179681" lon="-119.443565318"/><trkpt lat="37.77899486" lon="-119.443615526"/><trkpt lat="37.778704511" lon="-119.44372491"/><trkpt lat="37.778422795" lon="-119.443897074"/><trkpt lat="37.778086681" lon="-119.444061192"/><trkpt lat="37.777844276" lon="-119.444253473"/><trkpt lat="37.77767865" lon="-119.444335615"/><trkpt lat="37.777519142" lon="-119.444361599"/><trkpt lat="37.777313618" lon="-119.444454974"/><trkpt lat="37.777143046" lon="-119.444536949"/><trkpt lat="37.776962584" lon="-119.444618588"/><trkpt lat="37.776827887" lon="-119.444645494"/><trkpt lat="37.776718838" lon="-119.444635604"/><trkpt lat="37.776631331" lon="-119.444545163"/><trkpt lat="37.776548602" lon="-119.444461092"/><trkpt lat="37.776460759" lon="-119.444389343"/><trkpt lat="37.77631131" lon="-119.44440946"/><trkpt lat="37.776196143" lon="-119.444455728"/><trkpt lat="37.776093716" lon="-119.444602495"/><trkpt lat="37.776035797" lon="-119.44476326"/><trkpt lat="37.775955917" lon="-119.444779437"/><trkpt lat="37.77585634" lon="-119.44479486"/><trkpt lat="37.775717368" lon="-119.444790334"/><trkpt lat="37.775572781" lon="-119.44481682"/><trkpt lat="37.775358036" lon="-119.444872309"/><trkpt lat="37.775261644" lon="-119.444969287"/><trkpt lat="37.775168438" lon="-119.444916146"/><trkpt lat="37.775121583" lon="-119.444776922"/><trkpt lat="37.775085038" lon="-119.444625545"/><trkpt lat="37.775062155" lon="-119.444570309"/><trkpt lat="37.775008092" lon="-119.444559999"/><trkpt lat="37.77493869" lon="-119.444630407"/><trkpt lat="37.774853697" lon="-119.44480299"/><trkpt lat="37.774782786" lon="-119.444946069"/><trkpt lat="37.774753952" lon="-119.445026368"/><trkpt lat="37.774715731" lon="-119.445067858"/><trkpt lat="37.774672396" lon="-119.445032235"/><trkpt lat="37.774627386" lon="-119.444910949"/><trkpt lat="37.774596792" lon="-119.444747418"/><trkpt lat="37.774567287" lon="-119.44469939"/><trkpt lat="37.774525881" lon="-119.444727972"/><trkpt lat="37.77446528" lon="-119.444867112"/><trkpt lat="37.774445582" lon="-119.444999043"/><trkpt lat="37.774420101" lon="-119.445083784"/><trkpt lat="37.774373917" lon="-119.445180595"/><trkpt lat="37.774343072" lon="-119.445196688"/><trkpt lat="37.774306778" lon="-119.445144217"/><trkpt lat="37.774268389" lon="-119.445031732"/><trkpt lat="37.774217175" lon="-119.444880355"/><trkpt lat="37.774168979" lon="-119.444750436"/><trkpt lat="37.774133272" lon="-119.444672316"/><trkpt lat="37.77410402" lon="-119.444611464"/><trkpt lat="37.774061859" lon="-119.444678519"/><trkpt lat="37.774049118" lon="-119.444802068"/><trkpt lat="37.774021458" lon="-119.444989404"/><trkpt lat="37.773991702" lon="-119.44511245"/><trkpt lat="37.773945685" lon="-119.445204986"/><trkpt lat="37.773902686" lon="-119.445147989"/><trkpt lat="37.77387402" lon="-119.445057213"/><trkpt lat="37.773841498" lon="-119.444992002"/><trkpt lat="37.773808558" lon="-119.44494389"/><trkpt lat="37.773782657" lon="-119.445045646"/><trkpt lat="37.77375374" lon="-119.44513022"/><trkpt lat="37.773718368" lon="-119.445197526"/><trkpt lat="37.773686852" lon="-119.445243543"/><trkpt lat="37.773620635" lon="-119.445164334"/><trkpt lat="37.773561375" lon="-119.445072552"/><trkpt lat="37.773507982" lon="-119.445028044"/><trkpt lat="37.773480238" lon="-119.445057046"/><trkpt lat="37.773447214" lon="-119.445175733"/><trkpt lat="37.773406226" lon="-119.445354016"/><trkpt lat="37.77337647" lon="-119.445477063"/><trkpt lat="37.773337327" lon="-119.445565576"/><trkpt lat="37.773310002" lon="-119.445573287"/><trkpt lat="37.77328033" lon="-119.445529534"/><trkpt lat="37.773244623" lon="-119.44545133"/><trkpt lat="37.773195338" lon="-119.445372708"/><trkpt lat="37.773155775" lon="-119.445315795"/><trkpt lat="37.773122163" lon="-119.445297606"/><trkpt lat="37.773094084" lon="-119.445343707"/><trkpt lat="37.773063658" lon="-119.445500951"/><trkpt lat="37.773034489" lon="-119.445598349"/><trkpt lat="37.773010097" lon="-119.445627518"/><trkpt lat="37.77298294" lon="-119.445626596"/><trkpt lat="37.772946479" lon="-119.44558695"/><trkpt lat="37.772903563" lon="-119.445525678"/><trkpt lat="37.772863414" lon="-119.445498688"/><trkpt lat="37.772832233" lon="-119.445527606"/><trkpt lat="37.772823265" lon="-119.445634224"/><trkpt lat="37.772843298" lon="-119.445814518"/><trkpt lat="37.772877747" lon="-119.446115009"/><trkpt lat="37.772904821" lon="-119.446282731"/><trkpt lat="37.772922255" lon="-119.446424386"/><trkpt lat="37.772912951" lon="-119.446543828"/><trkpt lat="37.772884453" lon="-119.446611386"/><trkpt lat="37.772776159" lon="-119.446757482"/><trkpt lat="37.772683203" lon="-119.446818586"/><trkpt lat="37.772555044" lon="-119.446942639"/><trkpt lat="37.772503411" lon="-119.44697516"/><trkpt lat="37.772358572" lon="-119.447085885"/><trkpt lat="37.772155898" lon="-119.447198957"/><trkpt lat="37.771980632" lon="-119.447300043"/><trkpt lat="37.771918438" lon="-119.447353603"/><trkpt lat="37.771843169" lon="-119.447543621"/><trkpt lat="37.771783406" lon="-119.447644288"/><trkpt lat="37.771676201" lon="-119.447739087"/><trkpt lat="37.771514766" lon="-119.447827851"/><trkpt lat="37.771421308" lon="-119.447914604"/><trkpt lat="37.771285689" lon="-119.448068328"/><trkpt lat="37.771141101" lon="-119.448166229"/><trkpt lat="37.771022329" lon="-119.448324814"/><trkpt lat="37.770862486" lon="-119.448503433"/><trkpt lat="37.770693172" lon="-119.448647602"/><trkpt lat="37.77055772" lon="-119.448792776"/><trkpt lat="37.770402571" lon="-119.448907441"/><trkpt lat="37.770229233" lon="-119.449081281"/><trkpt lat="37.770017339" lon="-119.44930952"/><trkpt lat="37.769932179" lon="-119.449486379"/><trkpt lat="37.769815335" lon="-119.449717719"/><trkpt lat="37.769772084" lon="-119.449840346"/><trkpt lat="37.769662365" lon="-119.449892314"/><trkpt lat="37.769546192" lon="-119.450089457"/><trkpt lat="37.769427421" lon="-119.450252317"/><trkpt lat="37.769294903" lon="-119.450419033"/><trkpt lat="37.76913397" lon="-119.450648949"/><trkpt lat="37.768991562" lon="-119.450802505"/><trkpt lat="37.768872036" lon="-119.450999564"/><trkpt lat="37.768797185" lon="-119.451172398"/><trkpt lat="37.768682437" lon="-119.451301144"/><trkpt lat="37.768492" lon="-119.451483032"/><trkpt lat="37.768318411" lon="-119.451665506"/><trkpt lat="37.768182708" lon="-119.451823505"/><trkpt lat="37.768050693" lon="-119.451968847"/><trkpt lat="37.767839637" lon="-119.452158613"/><trkpt lat="37.767670741" lon="-119.452281324"/><trkpt lat="37.767505283" lon="-119.452404119"/><trkpt lat="37.767401095" lon="-119.452516185"/><trkpt lat="37.767330017" lon="-119.452667814"/><trkpt lat="37.767234296" lon="-119.452861352"/><trkpt lat="37.767134383" lon="-119.452930754"/><trkpt lat="37.767028771" lon="-119.452948608"/><trkpt lat="37.766886028" lon="-119.452956738"/><trkpt lat="37.766724927" lon="-119.453032678"/><trkpt lat="37.766643455" lon="-119.453029996"/><trkpt lat="37.766517894" lon="-119.45303008"/><trkpt lat="37.766324524" lon="-119.453023709"/><trkpt lat="37.766219415" lon="-119.453015998"/><trkpt lat="37.766139871" lon="-119.453086071"/><trkpt lat="37.766035851" lon="-119.453189503"/><trkpt lat="37.765916744" lon="-119.453206938"/><trkpt lat="37.765740054" lon="-119.453213979"/><trkpt lat="37.765543079" lon="-119.45321599"/><trkpt lat="37.76547309" lon="-119.453153796"/><trkpt lat="37.76538399" lon="-119.453031085"/><trkpt lat="37.765354151" lon="-119.452995881"/><trkpt lat="37.765284162" lon="-119.452933688"/><trkpt lat="37.765207132" lon="-119.452884151"/><trkpt lat="37.765132701" lon="-119.452873087"/><trkpt lat="37.765040416" lon="-119.452899992"/><trkpt lat="37.764896331" lon="-119.452972244"/><trkpt lat="37.764732214" lon="-119.453030918"/><trkpt lat="37.764602965" lon="-119.453039467"/><trkpt lat="37.764501041" lon="-119.453044664"/><trkpt lat="37.764378162" lon="-119.453074839"/><trkpt lat="37.764203902" lon="-119.453128902"/><trkpt lat="37.764084963" lon="-119.453137787"/><trkpt lat="37.763961665" lon="-119.453189336"/><trkpt lat="37.763817245" lon="-119.453274412"/><trkpt lat="37.763590347" lon="-119.453412294"/><trkpt lat="37.763438551" lon="-119.453526959"/><trkpt lat="37.763362443" lon="-119.453597199"/><trkpt lat="37.763308128" lon="-119.453595355"/><trkpt lat="37.763178796" lon="-119.453612454"/><trkpt lat="37.762983833" lon="-119.45368303"/><trkpt lat="37.762869922" lon="-119.453773303"/><trkpt lat="37.762749391" lon="-119.453854859"/><trkpt lat="37.762557026" lon="-119.453963991"/><trkpt lat="37.762439093" lon="-119.454084104"/><trkpt lat="37.762366086" lon="-119.454167169"/><trkpt lat="37.76227179" lon="-119.454292394"/><trkpt lat="37.762206411" lon="-119.454332963"/><trkpt lat="37.762114713" lon="-119.45433422"/><trkpt lat="37.762033325" lon="-119.454331538"/><trkpt lat="37.761914888" lon="-119.454390211"/><trkpt lat="37.761849258" lon="-119.45444067"/><trkpt lat="37.76172772" lon="-119.454441508"/><trkpt lat="37.761616576" lon="-119.454490459"/><trkpt lat="37.761522364" lon="-119.454635633"/><trkpt lat="37.761431672" lon="-119.454795308"/><trkpt lat="37.761410214" lon="-119.454914164"/><trkpt lat="37.761359001" lon="-119.455003347"/><trkpt lat="37.761272583" lon="-119.455139218"/><trkpt lat="37.761196559" lon="-119.455323368"/><trkpt lat="37.761163786" lon="-119.455623608"/><trkpt lat="37.761144675" lon="-119.455809603"/><trkpt lat="37.761102095" lon="-119.456028286"/><trkpt lat="37.761073681" lon="-119.456481831"/><trkpt lat="37.761027412" lon="-119.456877373"/><trkpt lat="37.76097402" lon="-119.457253553"/><trkpt lat="37.760922471" lon="-119.457538873"/><trkpt lat="37.760977121" lon="-119.457832575"/><trkpt lat="37.761020036" lon="-119.457958387"/><trkpt lat="37.761111483" lon="-119.458310595"/><trkpt lat="37.76113621" lon="-119.458579319"/><trkpt lat="37.761121122" lon="-119.458755841"/><trkpt lat="37.761058509" lon="-119.459026493"/><trkpt lat="37.761089019" lon="-119.459204525"/><trkpt lat="37.761166887" lon="-119.459475009"/><trkpt lat="37.76115004" lon="-119.459737614"/><trkpt lat="37.761054654" lon="-119.459940121"/><trkpt lat="37.760933451" lon="-119.460103568"/><trkpt lat="37.760843094" lon="-119.46024891"/><trkpt lat="37.760684844" lon="-119.460368017"/><trkpt lat="37.760601277" lon="-119.460551832"/><trkpt lat="37.760555595" lon="-119.460736904"/><trkpt lat="37.760448977" lon="-119.460934298"/><trkpt lat="37.760331379" lon="-119.461107384"/><trkpt lat="37.760188133" lon="-119.461418437"/><trkpt lat="37.760061231" lon="-119.461677354"/><trkpt lat="37.759958552" lon="-119.46204708"/><trkpt lat="37.759881774" lon="-119.46226459"/><trkpt lat="37.759789489" lon="-119.462682512"/><trkpt lat="37.759693684" lon="-119.463086016"/><trkpt lat="37.759600142" lon="-119.463384328"/><trkpt lat="37.759458655" lon="-119.463791018"/><trkpt lat="37.759345081" lon="-119.46413652"/><trkpt lat="37.759209294" lon="-119.464452518"/><trkpt lat="37.759080296" lon="-119.464630047"/><trkpt lat="37.758905366" lon="-119.4648204"/><trkpt lat="37.75875642" lon="-119.465040257"/><trkpt lat="37.758717528" lon="-119.465086777"/><trkpt lat="37.758639324" lon="-119.465194233"/><trkpt lat="37.758570341" lon="-119.465402439"/><trkpt lat="37.75861376" lon="-119.465686167"/><trkpt lat="37.758712582" lon="-119.466048265"/><trkpt lat="37.758770334" lon="-119.466370717"/><trkpt lat="37.758867731" lon="-119.466799702"/><trkpt lat="37.758871" lon="-119.467187282"/><trkpt lat="37.758858763" lon="-119.467770578"/><trkpt lat="37.758813836" lon="-119.468280952"/><trkpt lat="37.758804951" lon="-119.468888221"/><trkpt lat="37.758831605" lon="-119.469247889"/><trkpt lat="37.758871838" lon="-119.469861612"/><trkpt lat="37.758928165" lon="-119.470437532"/><trkpt lat="37.758948868" lon="-119.470715728"/><trkpt lat="37.75894409" lon="-119.471127028"/><trkpt lat="37.75891467" lon="-119.471623572"/><trkpt lat="37.758894973" lon="-119.472196978"/><trkpt lat="37.758903606" lon="-119.472690001"/><trkpt lat="37.758883825" lon="-119.473091243"/><trkpt lat="37.758898661" lon="-119.473469686"/><trkpt lat="37.758911485" lon="-119.473761879"/><trkpt lat="37.758848201" lon="-119.474061197"/><trkpt lat="37.758778883" lon="-119.474470317"/><trkpt lat="37.758690454" lon="-119.474883545"/><trkpt lat="37.758590374" lon="-119.475305993"/><trkpt lat="37.758501945" lon="-119.475719221"/><trkpt lat="37.758458192" lon="-119.475995237"/><trkpt lat="37.758357944" lon="-119.476245437"/><trkpt lat="37.758179829" lon="-119.47658876"/><trkpt lat="37.75799945" lon="-119.477037191"/><trkpt lat="37.757838769" lon="-119.47745285"/><trkpt lat="37.757698288" lon="-119.477811763"/><trkpt lat="37.757537691" lon="-119.47822256"/><trkpt lat="37.757468708" lon="-119.478435544"/><trkpt lat="37.757387236" lon="-119.47869597"/><trkpt lat="37.75735924" lon="-119.478943739"/><trkpt lat="37.757266033" lon="-119.479041137"/><trkpt lat="37.756993035" lon="-119.479199471"/><trkpt lat="37.756848447" lon="-119.479336683"/><trkpt lat="37.756646527" lon="-119.479430644"/><trkpt lat="37.756404458" lon="-119.479538351"/><trkpt lat="37.756256601" lon="-119.479533406"/><trkpt lat="37.756060297" lon="-119.479552098"/><trkpt lat="37.75592803" lon="-119.479567772"/><trkpt lat="37.755769528" lon="-119.479502058"/><trkpt lat="37.755615888" lon="-119.479396194"/><trkpt lat="37.755386978" lon="-119.479252612"/><trkpt lat="37.755239876" lon="-119.479217492"/><trkpt lat="37.755132588" lon="-119.479183713"/><trkpt lat="37.755017169" lon="-119.479159741"/><trkpt lat="37.755006524" lon="-119.479285218"/><trkpt lat="37.755010799" lon="-119.479461573"/><trkpt lat="37.755011218" lon="-119.479824174"/><trkpt lat="37.75498406" lon="-119.479974294"/><trkpt lat="37.754890434" lon="-119.480051743"/><trkpt lat="37.754770238" lon="-119.480254166"/><trkpt lat="37.754629422" lon="-119.480486093"/><trkpt lat="37.754461113" lon="-119.480696982"/><trkpt lat="37.754230024" lon="-119.4810367"/><trkpt lat="37.753988123" lon="-119.481325708"/><trkpt lat="37.753871111" lon="-119.481563503"/><trkpt lat="37.753722668" lon="-119.481780091"/><trkpt lat="37.753581097" lon="-119.482047223"/><trkpt lat="37.753481437" lon="-119.48222517"/><trkpt lat="37.753361911" lon="-119.482392389"/><trkpt lat="37.753264178" lon="-119.482479729"/><trkpt lat="37.753147753" lon="-119.482501019"/><trkpt lat="37.752956729" lon="-119.482459361"/><trkpt lat="37.752765287" lon="-119.482437903"/><trkpt lat="37.752549369" lon="-119.482440753"/><trkpt lat="37.752422048" lon="-119.482411332"/><trkpt lat="37.752272096" lon="-119.482320724"/><trkpt lat="37.752140919" lon="-119.482286107"/><trkpt lat="37.751918547" lon="-119.482213184"/><trkpt lat="37.751680333" lon="-119.48213473"/><trkpt lat="37.751520406" lon="-119.482134394"/><trkpt lat="37.751327958" lon="-119.482163228"/><trkpt lat="37.751134587" lon="-119.482232295"/><trkpt lat="37.750971811" lon="-119.48236783"/><trkpt lat="37.750820266" lon="-119.482538989"/><trkpt lat="37.750631673" lon="-119.482764294"/><trkpt lat="37.750444589" lon="-119.483105438"/><trkpt lat="37.750341995" lon="-119.483227897"/><trkpt lat="37.750253147" lon="-119.483270226"/><trkpt lat="37.750093304" lon="-119.48345622"/><trkpt lat="37.749998923" lon="-119.483573902"/><trkpt lat="37.749832375" lon="-119.483699212"/><trkpt lat="37.749671442" lon="-119.483935498"/><trkpt lat="37.749525597" lon="-119.484217633"/><trkpt lat="37.749398947" lon="-119.484535642"/><trkpt lat="37.749280427" lon="-119.484848874"/><trkpt lat="37.749149585" lon="-119.485176774"/><trkpt lat="37.749009859" lon="-119.485544655"/><trkpt lat="37.748906594" lon="-119.485893594"/><trkpt lat="37.748853285" lon="-119.486334901"/><trkpt lat="37.748795953" lon="-119.486776041"/><trkpt lat="37.748802826" lon="-119.487209301"/><trkpt lat="37.74877131" lon="-119.4875657"/><trkpt lat="37.748760916" lon="-119.487867448"/><trkpt lat="37.748718672" lon="-119.488163078"/><trkpt lat="37.748679444" lon="-119.488509167"/><trkpt lat="37.74855841" lon="-119.488938153"/><trkpt lat="37.748407703" lon="-119.489446599"/><trkpt lat="37.748276861" lon="-119.489774499"/><trkpt lat="37.748082234" lon="-119.49028152"/><trkpt lat="37.74787453" lon="-119.490652168"/><trkpt lat="37.747726757" lon="-119.491024828"/><trkpt lat="37.747576302" lon="-119.491331941"/><trkpt lat="37.747354265" lon="-119.491626564"/><trkpt lat="37.747165589" lon="-119.491851786"/><trkpt lat="37.746931985" lon="-119.492120845"/><trkpt lat="37.746602325" lon="-119.492396777"/><trkpt lat="37.746386826" lon="-119.492570786"/><trkpt lat="37.74623679" lon="-119.492671452"/><trkpt lat="37.746090526" lon="-119.492782345"/><trkpt lat="37.746003019" lon="-119.49295057"/><trkpt lat="37.745947447" lon="-119.493119884"/><trkpt lat="37.745953398" lon="-119.493215689"/><trkpt lat="37.74595608" lon="-119.493276207"/><trkpt lat="37.745998492" lon="-119.493539482"/><trkpt lat="37.746023638" lon="-119.493862521"/><trkpt lat="37.745975778" lon="-119.494047174"/><trkpt lat="37.74585424" lon="-119.494309947"/><trkpt lat="37.745670006" lon="-119.49451522"/><trkpt lat="37.745475965" lon="-119.494805736"/><trkpt lat="37.745322743" lon="-119.495057361"/><trkpt lat="37.745184107" lon="-119.495374868"/><trkpt lat="37.745019402" lon="-119.495787174"/><trkpt lat="37.744896524" lon="-119.496115325"/><trkpt lat="37.744789738" lon="-119.496439034"/><trkpt lat="37.744715475" lon="-119.496738603"/><trkpt lat="37.744623357" lon="-119.497123165"/><trkpt lat="37.744546328" lon="-119.497548463"/><trkpt lat="37.744515482" lon="-119.497874686"/><trkpt lat="37.744572563" lon="-119.498385144"/><trkpt lat="37.744642217" lon="-119.498870792"/><trkpt lat="37.744736429" lon="-119.499327103"/><trkpt lat="37.744802898" lon="-119.499777379"/><trkpt lat="37.744833156" lon="-119.50023151"/><trkpt lat="37.744838689" lon="-119.500538791"/><trkpt lat="37.744744141" lon="-119.500847748"/><trkpt lat="37.74469276" lon="-119.501007171"/><trkpt lat="37.744674236" lon="-119.501217389"/><trkpt lat="37.744640289" lon="-119.501405144"/><trkpt lat="37.744564097" lon="-119.501578901"/><trkpt lat="37.744460329" lon="-119.501754921"/><trkpt lat="37.744331835" lon="-119.501917446"/><trkpt lat="37.744148523" lon="-119.502075026"/><trkpt lat="37.744077025" lon="-119.502145015"/><trkpt lat="37.743962025" lon="-119.50226387"/><trkpt lat="37.743877452" lon="-119.502358669"/><trkpt lat="37.743809978" lon="-119.502476016"/><trkpt lat="37.743789526" lon="-119.502613898"/><trkpt lat="37.743805367" lon="-119.502812801"/><trkpt lat="37.743867142" lon="-119.502962837"/><trkpt lat="37.743940568" lon="-119.503037687"/><trkpt lat="37.744061686" lon="-119.503101641"/><trkpt lat="37.744233515" lon="-119.503135756"/><trkpt lat="37.744397549" lon="-119.503182275"/><trkpt lat="37.744524954" lon="-119.503183365"/><trkpt lat="37.744675241" lon="-119.50317272"/><trkpt lat="37.744822931" lon="-119.503165092"/><trkpt lat="37.74486878" lon="-119.503122596"/><trkpt lat="37.744911695" lon="-119.503105162"/><trkpt lat="37.744948743" lon="-119.503125278"/><trkpt lat="37.744970955" lon="-119.503138606"/><trkpt lat="37.745000292" lon="-119.503171127"/><trkpt lat="37.745006578" lon="-119.503227957"/><trkpt lat="37.74496953" lon="-119.503324348"/><trkpt lat="37.744907588" lon="-119.503416717"/><trkpt lat="37.744837934" lon="-119.503515121"/><trkpt lat="37.744792337" lon="-119.503545044"/><trkpt lat="37.744717905" lon="-119.503636993"/><trkpt lat="37.744677421" lon="-119.503657697"/><trkpt lat="37.744633416" lon="-119.503728608"/><trkpt lat="37.744621933" lon="-119.503797507"/><trkpt lat="37.744615478" lon="-119.503866574"/><trkpt lat="37.744651856" lon="-119.503918123"/><trkpt lat="37.74469058" lon="-119.50397931"/><trkpt lat="37.744719665" lon="-119.50402122"/><trkpt lat="37.744701058" lon="-119.50407411"/><trkpt lat="37.744662836" lon="-119.504227079"/><trkpt lat="37.744624196" lon="-119.504398992"/><trkpt lat="37.744617406" lon="-119.504483733"/><trkpt lat="37.7445703" lon="-119.50457979"/><trkpt lat="37.744487319" lon="-119.504721779"/><trkpt lat="37.744407356" lon="-119.504838707"/><trkpt lat="37.74434533" lon="-119.504934261"/><trkpt lat="37.744296882" lon="-119.505096367"/><trkpt lat="37.744243238" lon="-119.505264508"/><trkpt lat="37.744236449" lon="-119.505349332"/><trkpt lat="37.74424701" lon="-119.505440947"/><trkpt lat="37.744271653" lon="-119.505574051"/><trkpt lat="37.744261594" lon="-119.505696511"/><trkpt lat="37.744248016" lon="-119.505746467"/><trkpt lat="37.744210297" lon="-119.505757783"/><trkpt lat="37.744162688" lon="-119.505762476"/><trkpt lat="37.744097561" lon="-119.5057665"/><trkpt lat="37.744039809" lon="-119.50578033"/><trkpt lat="37.744009048" lon="-119.505817043"/><trkpt lat="37.743992284" lon="-119.505898347"/><trkpt lat="37.74399857" lon="-119.506071769"/><trkpt lat="37.74402271" lon="-119.50623312"/><trkpt lat="37.744071828" lon="-119.506389108"/><trkpt lat="37.744126059" lon="-119.506545179"/><trkpt lat="37.7441906" lon="-119.506682726"/><trkpt lat="37.744213901" lon="-119.50676227"/><trkpt lat="37.744206944" lon="-119.506856482"/><trkpt lat="37.744169896" lon="-119.506952874"/><trkpt lat="37.744133184" lon="-119.507033424"/><trkpt lat="37.744135698" lon="-119.507124955"/><trkpt lat="37.744179619" lon="-119.507254455"/><trkpt lat="37.744246759" lon="-119.507391667"/><trkpt lat="37.744287746" lon="-119.507469116"/><trkpt lat="37.74431373" lon="-119.507539188"/><trkpt lat="37.744322028" lon="-119.507600041"/><trkpt lat="37.744302247" lon="-119.507625354"/><trkpt lat="37.744277352" lon="-119.50763315"/><trkpt lat="37.744234772" lon="-119.507631725"/><trkpt lat="37.744146595" lon="-119.507647734"/><trkpt lat="37.744088592" lon="-119.507663073"/><trkpt lat="37.744047856" lon="-119.507703222"/><trkpt lat="37.744031511" lon="-119.507763237"/><trkpt lat="37.74404115" lon="-119.507824089"/><trkpt lat="37.74406244" lon="-119.507857617"/><trkpt lat="37.744096052" lon="-119.508019639"/><trkpt lat="37.74415548" lon="-119.50819809"/><trkpt lat="37.744217506" lon="-119.508380145"/><trkpt lat="37.7442942" lon="-119.508585082"/><trkpt lat="37.744368631" lon="-119.50883151"/><trkpt lat="37.74441909" lon="-119.509042483"/><trkpt lat="37.744467119" lon="-119.509236189"/><trkpt lat="37.744523194" lon="-119.509440456"/><trkpt lat="37.744600391" lon="-119.509752681"/><trkpt lat="37.744668201" lon="-119.510049066"/><trkpt lat="37.744724443" lon="-119.510312174"/><trkpt lat="37.744799629" lon="-119.510584585"/><trkpt lat="37.744848244" lon="-119.510816261"/><trkpt lat="37.744931057" lon="-119.511056067"/><trkpt lat="37.744985204" lon="-119.511222197"/><trkpt lat="37.74501672" lon="-119.51148279"/><trkpt lat="37.745088553" lon="-119.511723937"/><trkpt lat="37.745113447" lon="-119.511825778"/><trkpt lat="37.745121745" lon="-119.511878248"/><trkpt lat="37.745096851" lon="-119.511898784"/><trkpt lat="37.745056786" lon="-119.511921164"/><trkpt lat="37.744998867" lon="-119.511987967"/><trkpt lat="37.74494011" lon="-119.512002636"/><trkpt lat="37.744891662" lon="-119.511979586"/><trkpt lat="37.744859392" lon="-119.511900209"/><trkpt lat="37.744837599" lon="-119.511773726"/><trkpt lat="37.744821841" lon="-119.511718573"/><trkpt lat="37.74479636" lon="-119.511674987"/><trkpt lat="37.744701309" lon="-119.511626707"/><trkpt lat="37.744624363" lon="-119.511612291"/><trkpt lat="37.744535264" lon="-119.511549929"/><trkpt lat="37.744492935" lon="-119.51150341"/><trkpt lat="37.744416827" lon="-119.511448592"/><trkpt lat="37.744357567" lon="-119.511401486"/><trkpt lat="37.744302582" lon="-119.511418669"/><trkpt lat="37.744275257" lon="-119.511462841"/><trkpt lat="37.744268971" lon="-119.511666689"/><trkpt lat="37.744269976" lon="-119.511884954"/><trkpt lat="37.74425447" lon="-119.512083773"/><trkpt lat="37.744234605" lon="-119.512220733"/><trkpt lat="37.744218679" lon="-119.512348305"/><trkpt lat="37.744181044" lon="-119.51243246"/><trkpt lat="37.744131591" lon="-119.512456851"/><trkpt lat="37.74406286" lon="-119.512409493"/><trkpt lat="37.743933527" lon="-119.512288794"/><trkpt lat="37.743845936" lon="-119.512155354"/><trkpt lat="37.743741749" lon="-119.512007078"/><trkpt lat="37.743579727" lon="-119.511740617"/><trkpt lat="37.743532788" lon="-119.5117319"/><trkpt lat="37.743461039" lon="-119.511741288"/><trkpt lat="37.743396247" lon="-119.511774732"/><trkpt lat="37.743325001" lon="-119.511758052"/><trkpt lat="37.74325191" lon="-119.511653529"/><trkpt lat="37.743193991" lon="-119.511542469"/><trkpt lat="37.743149064" lon="-119.511436522"/><trkpt lat="37.743101539" lon="-119.511370892"/><trkpt lat="37.743053343" lon="-119.511331245"/><trkpt lat="37.743008584" lon="-119.51131314"/><trkpt lat="37.742970362" lon="-119.511337951"/><trkpt lat="37.742966339" lon="-119.511435097"/><trkpt lat="37.742983773" lon="-119.511589911"/><trkpt lat="37.742978241" lon="-119.511760566"/><trkpt lat="37.742985617" lon="-119.511948237"/><trkpt lat="37.742991904" lon="-119.512095591"/><trkpt lat="37.742965166" lon="-119.512199108"/><trkpt lat="37.742932476" lon="-119.512318969"/><trkpt lat="37.742907582" lon="-119.512337158"/><trkpt lat="37.742875814" lon="-119.512326512"/><trkpt lat="37.742865672" lon="-119.512269264"/><trkpt lat="37.742840275" lon="-119.512223331"/><trkpt lat="37.742824182" lon="-119.512182428"/><trkpt lat="37.742800042" lon="-119.512167424"/><trkpt lat="37.742770873" lon="-119.512209082"/><trkpt lat="37.742755869" lon="-119.512293991"/><trkpt lat="37.742745643" lon="-119.512419468"/><trkpt lat="37.742721671" lon="-119.512485014"/><trkpt lat="37.742680013" lon="-119.512495492"/><trkpt lat="37.742614886" lon="-119.512455342"/><trkpt lat="37.742509441" lon="-119.51236398"/><trkpt lat="37.742426628" lon="-119.512273371"/><trkpt lat="37.742348425" lon="-119.512140183"/><trkpt lat="37.74220434" lon="-119.511919403"/><trkpt lat="37.742085485" lon="-119.511749335"/><trkpt lat="37.741934359" lon="-119.511499805"/><trkpt lat="37.741796225" lon="-119.511264944"/><trkpt lat="37.741680136" lon="-119.510964453"/><trkpt lat="37.741658427" lon="-119.510921035"/><trkpt lat="37.74162272" lon="-119.510917431"/><trkpt lat="37.7415617" lon="-119.510953305"/><trkpt lat="37.741521467" lon="-119.511070568"/><trkpt lat="37.74145592" lon="-119.511319846"/><trkpt lat="37.741433876" lon="-119.51155873"/><trkpt lat="37.741432283" lon="-119.511810187"/><trkpt lat="37.74143287" lon="-119.511869531"/><trkpt lat="37.741433037" lon="-119.511950249"/><trkpt lat="37.741435301" lon="-119.512021495"/><trkpt lat="37.741430523" lon="-119.512068769"/><trkpt lat="37.741420716" lon="-119.512087461"/><trkpt lat="37.741394565" lon="-119.512077067"/><trkpt lat="37.741367407" lon="-119.512026357"/><trkpt lat="37.741334299" lon="-119.511987213"/><trkpt lat="37.741295155" lon="-119.511966929"/><trkpt lat="37.741273865" lon="-119.511992326"/><trkpt lat="37.741266573" lon="-119.512070362"/><trkpt lat="37.741259532" lon="-119.512224337"/><trkpt lat="37.741253246" lon="-119.512340426"/><trkpt lat="37.741248636" lon="-119.512382923"/><trkpt lat="37.741224077" lon="-119.512384515"/><trkpt lat="37.741189292" lon="-119.512335816"/><trkpt lat="37.741113687" lon="-119.512259709"/><trkpt lat="37.741062306" lon="-119.512193911"/><trkpt lat="37.741030874" lon="-119.512166753"/><trkpt lat="37.740986701" lon="-119.512120234"/><trkpt lat="37.740955018" lon="-119.512102548"/><trkpt lat="37.740933727" lon="-119.512127861"/><trkpt lat="37.740934482" lon="-119.512180081"/><trkpt lat="37.740933141" lon="-119.512244118"/><trkpt lat="37.740936745" lon="-119.512341516"/><trkpt lat="37.740948061" lon="-119.512429694"/><trkpt lat="37.740954179" lon="-119.512493983"/><trkpt lat="37.740942026" lon="-119.512533881"/><trkpt lat="37.740913443" lon="-119.512551902"/><trkpt lat="37.740879999" lon="-119.512527091"/><trkpt lat="37.740839096" lon="-119.512504293"/><trkpt lat="37.740811184" lon="-119.512486774"/><trkpt lat="37.740766425" lon="-119.512463892"/><trkpt lat="37.740735831" lon="-119.512486607"/><trkpt lat="37.740730466" lon="-119.512559948"/><trkpt lat="37.74074614" lon="-119.512622142"/><trkpt lat="37.74077313" lon="-119.512680061"/><trkpt lat="37.740807077" lon="-119.512766646"/><trkpt lat="37.740838341" lon="-119.512803275"/><trkpt lat="37.740871198" lon="-119.512851806"/><trkpt lat="37.740874551" lon="-119.512870917"/><trkpt lat="37.740857452" lon="-119.512879802"/><trkpt lat="37.740823757" lon="-119.51286681"/><trkpt lat="37.740788301" lon="-119.512853734"/><trkpt lat="37.740728203" lon="-119.512842251"/><trkpt lat="37.740688557" lon="-119.512845604"/><trkpt lat="37.740646899" lon="-119.512858428"/><trkpt lat="37.740642456" lon="-119.512886759"/><trkpt lat="37.740662154" lon="-119.512937302"/><trkpt lat="37.740694508" lon="-119.513009554"/><trkpt lat="37.7407593" lon="-119.513154142"/><trkpt lat="37.740835827" lon="-119.513272997"/><trkpt lat="37.740921741" lon="-119.513396882"/><trkpt lat="37.741009751" lon="-119.513513725"/><trkpt lat="37.741045291" lon="-119.513612213"/><trkpt lat="37.74104747" lon="-119.513863837"/><trkpt lat="37.741077309" lon="-119.514232641"/><trkpt lat="37.741092481" lon="-119.51440162"/><trkpt lat="37.741076471" lon="-119.514533887"/><trkpt lat="37.741028108" lon="-119.514596332"/><trkpt lat="37.740944624" lon="-119.51471217"/><trkpt lat="37.740813615" lon="-119.514845274"/><trkpt lat="37.740714457" lon="-119.514991455"/><trkpt lat="37.740627034" lon="-119.515111819"/><trkpt lat="37.740519159" lon="-119.51531223"/><trkpt lat="37.740445482" lon="-119.515499566"/><trkpt lat="37.740388149" lon="-119.515623366"/><trkpt lat="37.74031858" lon="-119.515706431"/><trkpt lat="37.740235263" lon="-119.515727302"/><trkpt lat="37.740180697" lon="-119.515693858"/><trkpt lat="37.74007014" lon="-119.515571315"/><trkpt lat="37.74000342" lon="-119.515516749"/><trkpt lat="37.739939131" lon="-119.515524125"/><trkpt lat="37.739832513" lon="-119.515567962"/><trkpt lat="37.739745006" lon="-119.515602998"/><trkpt lat="37.739666384" lon="-119.515576595"/><trkpt lat="37.739539398" lon="-119.515515324"/><trkpt lat="37.739382908" lon="-119.515424464"/><trkpt lat="37.739186184" lon="-119.515270488"/><trkpt lat="37.739049057" lon="-119.515156578"/><trkpt lat="37.738893572" lon="-119.515018277"/><trkpt lat="37.738704309" lon="-119.51486933"/><trkpt lat="37.738490487" lon="-119.51463405"/><trkpt lat="37.738353442" lon="-119.514515363"/><trkpt lat="37.738237269" lon="-119.514478147"/><trkpt lat="37.738105506" lon="-119.514464233"/><trkpt lat="37.737961337" lon="-119.514502119"/><trkpt lat="37.737809038" lon="-119.514568169"/><trkpt lat="37.737713065" lon="-119.514645701"/><trkpt lat="37.737646764" lon="-119.51474796"/><trkpt lat="37.737615583" lon="-119.514794396"/><trkpt lat="37.737588007" lon="-119.514850471"/><trkpt lat="37.737571495" lon="-119.514916437"/><trkpt lat="37.737532351" lon="-119.514981648"/><trkpt lat="37.737426739" lon="-119.514982821"/><trkpt lat="37.73729967" lon="-119.514926244"/><trkpt lat="37.7371726" lon="-119.514869666"/><trkpt lat="37.737033544" lon="-119.514841167"/><trkpt lat="37.736924663" lon="-119.514818536"/><trkpt lat="37.736829026" lon="-119.514881736"/><trkpt lat="37.736775298" lon="-119.514922723"/><trkpt lat="37.736691227" lon="-119.514972093"/><trkpt lat="37.736630207" lon="-119.515003273"/><trkpt lat="37.736593494" lon="-119.514954574"/><trkpt lat="37.736580083" lon="-119.514878048"/><trkpt lat="37.736529456" lon="-119.514776627"/><trkpt lat="37.736485787" lon="-119.514699094"/><trkpt lat="37.736456618" lon="-119.514650647"/><trkpt lat="37.73641496" lon="-119.514658693"/><trkpt lat="37.736379923" lon="-119.514709739"/><trkpt lat="37.736314209" lon="-119.514783584"/><trkpt lat="37.736226283" lon="-119.514837563"/><trkpt lat="37.736165682" lon="-119.514849801"/><trkpt lat="37.736125616" lon="-119.514781907"/><trkpt lat="37.736132322" lon="-119.51464436"/><trkpt lat="37.736141374" lon="-119.514573449"/><trkpt lat="37.736128047" lon="-119.514492229"/><trkpt lat="37.736086557" lon="-119.514490804"/><trkpt lat="37.73602495" lon="-119.514550483"/><trkpt lat="37.735920679" lon="-119.514660956"/><trkpt lat="37.735831831" lon="-119.514757684"/><trkpt lat="37.735759495" lon="-119.514788529"/><trkpt lat="37.735722531" lon="-119.514753995"/><trkpt lat="37.735705599" lon="-119.514663136"/><trkpt lat="37.735715406" lon="-119.514558949"/><trkpt lat="37.735713897" lon="-119.514449649"/><trkpt lat="37.735700402" lon="-119.514377899"/><trkpt lat="37.735678777" lon="-119.514329704"/><trkpt lat="37.735633934" lon="-119.514309168"/><trkpt lat="37.735538883" lon="-119.514343953"/><trkpt lat="37.735469481" lon="-119.514412852"/><trkpt lat="37.73541173" lon="-119.514467921"/><trkpt lat="37.735354649" lon="-119.514489714"/><trkpt lat="37.735321624" lon="-119.514445877"/><trkpt lat="37.735335622" lon="-119.51432283"/><trkpt lat="37.735345932" lon="-119.514190145"/><trkpt lat="37.735339478" lon="-119.514142452"/><trkpt lat="37.735305699" lon="-119.514131807"/><trkpt lat="37.735252809" lon="-119.51413474"/><trkpt lat="37.735172678" lon="-119.5141795"/><trkpt lat="37.735034125" lon="-119.514307827"/><trkpt lat="37.734829523" lon="-119.514524164"/><trkpt lat="37.734736986" lon="-119.514616113"/><trkpt lat="37.734701699" lon="-119.514857177"/><trkpt lat="37.734580496" lon="-119.515233105"/><trkpt lat="37.734477064" lon="-119.515481377"/><trkpt lat="37.734305067" lon="-119.515765356"/><trkpt lat="37.734198868" lon="-119.515966019"/><trkpt lat="37.734052017" lon="-119.516307833"/><trkpt lat="37.733932827" lon="-119.516588878"/><trkpt lat="37.733839788" lon="-119.516880233"/><trkpt lat="37.73376544" lon="-119.51718173"/><trkpt lat="37.733699139" lon="-119.517459758"/><trkpt lat="37.733547511" lon="-119.517848929"/><trkpt lat="37.73340879" lon="-119.51816258"/><trkpt lat="37.733314829" lon="-119.518496683"/><trkpt lat="37.733251881" lon="-119.518793821"/><trkpt lat="37.733215336" lon="-119.519091882"/><trkpt lat="37.733111987" lon="-119.519340154"/><trkpt lat="37.732924651" lon="-119.519452555"/><trkpt lat="37.732707141" lon="-119.519568644"/><trkpt lat="37.732529361" lon="-119.519766876"/><trkpt lat="37.732362393" lon="-119.519989248"/><trkpt lat="37.73218411" lon="-119.520211201"/><trkpt lat="37.732028207" lon="-119.520443464"/><trkpt lat="37.731886217" lon="-119.520733142"/><trkpt lat="37.731690919" lon="-119.521044781"/><trkpt lat="37.731554126" lon="-119.521268159"/><trkpt lat="37.73147475" lon="-119.521450801"/><trkpt lat="37.731405431" lon="-119.521690691"/><trkpt lat="37.731300658" lon="-119.521829663"/><trkpt lat="37.731225137" lon="-119.522007611"/><trkpt lat="37.731125476" lon="-119.522255966"/><trkpt lat="37.731008045" lon="-119.522456294"/><trkpt lat="37.730878629" lon="-119.522684617"/><trkpt lat="37.730772682" lon="-119.522875808"/><trkpt lat="37.730624741" lon="-119.523089295"/><trkpt lat="37.730481997" lon="-119.523236481"/><trkpt lat="37.730417624" lon="-119.52342432"/><trkpt lat="37.730309246" lon="-119.523905106"/><trkpt lat="37.730218973" lon="-119.52424407"/><trkpt lat="37.730167843" lon="-119.524517907"/><trkpt lat="37.730117636" lon="-119.524924681"/><trkpt lat="37.730064327" lon="-119.525298178"/><trkpt lat="37.73001764" lon="-119.5255436"/><trkpt lat="37.729954943" lon="-119.52582649"/><trkpt lat="37.729851929" lon="-119.526055735"/><trkpt lat="37.72974967" lon="-119.526251787"/><trkpt lat="37.729546912" lon="-119.526558397"/><trkpt lat="37.729321858" lon="-119.526850004"/><trkpt lat="37.729135612" lon="-119.527090732"/><trkpt lat="37.728921622" lon="-119.527392229"/><trkpt lat="37.72871987" lon="-119.527651314"/><trkpt lat="37.728491966" lon="-119.527900089"/><trkpt lat="37.728278898" lon="-119.528158838"/><trkpt lat="37.728054347" lon="-119.528426724"/><trkpt lat="37.727915458" lon="-119.528569216"/><trkpt lat="37.727807499" lon="-119.528679606"/><trkpt lat="37.727694092" lon="-119.528689999"/><trkpt lat="37.727577416" lon="-119.528676504"/><trkpt lat="37.727483874" lon="-119.528640043"/><trkpt lat="37.727385638" lon="-119.528646246"/><trkpt lat="37.727271309" lon="-119.528699303"/><trkpt lat="37.727167793" lon="-119.5287765"/><trkpt lat="37.727102414" lon="-119.528836096"/><trkpt lat="37.727070479" lon="-119.528915724"/><trkpt lat="37.727110293" lon="-119.528993089"/><trkpt lat="37.727179695" lon="-119.529099958"/><trkpt lat="37.727216072" lon="-119.52916299"/><trkpt lat="37.727173828" lon="-119.529199535"/><trkpt lat="37.727116244" lon="-119.529245049"/><trkpt lat="37.727004346" lon="-119.529359965"/><trkpt lat="37.726885071" lon="-119.529469935"/><trkpt lat="37.726743333" lon="-119.529569596"/><trkpt lat="37.726635709" lon="-119.529660959"/><trkpt lat="37.726513417" lon="-119.529732792"/><trkpt lat="37.726375619" lon="-119.529827842"/><trkpt lat="37.726272605" lon="-119.529881319"/><trkpt lat="37.726226421" lon="-119.529922474"/><trkpt lat="37.726232624" lon="-119.5299845"/><trkpt lat="37.726283167" lon="-119.530090699"/><trkpt lat="37.726352904" lon="-119.530183319"/><trkpt lat="37.726411577" lon="-119.530261355"/><trkpt lat="37.726433203" lon="-119.53030955"/><trkpt lat="37.726382995" lon="-119.530360093"/><trkpt lat="37.726258943" lon="-119.530341653"/><trkpt lat="37.726167999" lon="-119.530357495"/><trkpt lat="37.726077642" lon="-119.5303497"/><trkpt lat="37.726013269" lon="-119.530337546"/><trkpt lat="37.725899359" lon="-119.530349951"/><trkpt lat="37.725781174" lon="-119.530440224"/><trkpt lat="37.725679502" lon="-119.530602582"/><trkpt lat="37.72559124" lon="-119.530866276"/><trkpt lat="37.725546816" lon="-119.53113148"/><trkpt lat="37.725466769" lon="-119.531489722"/><trkpt lat="37.725393008" lon="-119.531796165"/><trkpt lat="37.725293515" lon="-119.5320985"/><trkpt lat="37.72518564" lon="-119.532433022"/><trkpt lat="37.72502806" lon="-119.532791851"/><trkpt lat="37.724948516" lon="-119.532890003"/><trkpt lat="37.724844245" lon="-119.532931997"/><trkpt lat="37.724748021" lon="-119.532964434"/><trkpt lat="37.72465121" lon="-119.533019671"/><trkpt lat="37.724544005" lon="-119.533081111"/><trkpt lat="37.724359939" lon="-119.5331138"/><trkpt lat="37.724158354" lon="-119.533116734"/><trkpt lat="37.724054754" lon="-119.53312939"/><trkpt lat="37.723925672" lon="-119.533128301"/><trkpt lat="37.72377505" lon="-119.533165433"/><trkpt lat="37.723660218" lon="-119.533219999"/><trkpt lat="37.723520575" lon="-119.533345308"/><trkpt lat="37.723411527" lon="-119.533491237"/><trkpt lat="37.723282864" lon="-119.533711262"/><trkpt lat="37.72316929" lon="-119.533947967"/><trkpt lat="37.723094188" lon="-119.53419582"/><trkpt lat="37.722994611" lon="-119.534384329"/><trkpt lat="37.722850861" lon="-119.534581052"/><trkpt lat="37.722761007" lon="-119.534675516"/><trkpt lat="37.722533187" lon="-119.534820607"/><trkpt lat="37.722465461" lon="-119.534941306"/><trkpt lat="37.722376948" lon="-119.535217742"/><trkpt lat="37.722274689" lon="-119.535533069"/><trkpt lat="37.722261194" lon="-119.535735911"/><trkpt lat="37.722168323" lon="-119.536042269"/><trkpt lat="37.722049886" lon="-119.53634779"/><trkpt lat="37.72191477" lon="-119.53665507"/><trkpt lat="37.721830532" lon="-119.536989424"/><trkpt lat="37.721823575" lon="-119.537314894"/><trkpt lat="37.721856348" lon="-119.537667185"/><trkpt lat="37.721936395" lon="-119.537951751"/><trkpt lat="37.721990459" lon="-119.538256181"/><trkpt lat="37.722038068" lon="-119.53851426"/><trkpt lat="37.722035972" lon="-119.538782146"/><trkpt lat="37.72210462" lon="-119.539001668"/><trkpt lat="37.722164383" lon="-119.539294783"/><trkpt lat="37.722219955" lon="-119.539525369"/><trkpt lat="37.722250214" lon="-119.539741287"/><trkpt lat="37.722279718" lon="-119.539987128"/><trkpt lat="37.722287178" lon="-119.540239172"/><trkpt lat="37.722314" lon="-119.540357944"/><trkpt lat="37.72233529" lon="-119.540388705"/><trkpt lat="37.722381894" lon="-119.540355597"/><trkpt lat="37.722443501" lon="-119.540221402"/><trkpt lat="37.722502677" lon="-119.540029457"/><trkpt lat="37.722544502" lon="-119.53979292"/><trkpt lat="37.722568056" lon="-119.539634334"/><trkpt lat="37.722605774" lon="-119.539418416"/><trkpt lat="37.722641816" lon="-119.539276427"/><trkpt lat="37.722658077" lon="-119.539203085"/><trkpt lat="37.722677691" lon="-119.539146004"/><trkpt lat="37.722702166" lon="-119.539116835"/><trkpt lat="37.722737873" lon="-119.539164277"/><trkpt lat="37.722755224" lon="-119.539208701"/><trkpt lat="37.722768718" lon="-119.539262345"/><trkpt lat="37.722779866" lon="-119.539429061"/><trkpt lat="37.722804844" lon="-119.539630897"/><trkpt lat="37.722808281" lon="-119.539811192"/><trkpt lat="37.722816998" lon="-119.54009098"/><trkpt lat="37.722774753" lon="-119.540345958"/><trkpt lat="37.722713398" lon="-119.54055408"/><trkpt lat="37.722649863" lon="-119.540776033"/><trkpt lat="37.722632764" lon="-119.540888602"/><trkpt lat="37.722632429" lon="-119.541075686"/><trkpt lat="37.722666878" lon="-119.541266374"/><trkpt lat="37.722698143" lon="-119.541516909"/><trkpt lat="37.722770059" lon="-119.541754955"/><trkpt lat="37.722809957" lon="-119.541948074"/><trkpt lat="37.722845497" lon="-119.542171117"/><trkpt lat="37.722889334" lon="-119.542352753"/><trkpt lat="37.722972818" lon="-119.542565821"/><trkpt lat="37.723117573" lon="-119.542827252"/><trkpt lat="37.723215725" lon="-119.543040823"/><trkpt lat="37.723294515" lon="-119.543299992"/><trkpt lat="37.723391578" lon="-119.543564357"/><trkpt lat="37.72349962" lon="-119.543745909"/><trkpt lat="37.723596096" lon="-119.543867027"/><trkpt lat="37.723674215" lon="-119.544070708"/><trkpt lat="37.723743953" lon="-119.544241698"/><trkpt lat="37.723778822" lon="-119.544242956"/><trkpt lat="37.72383037" lon="-119.54415"/><trkpt lat="37.723828191" lon="-119.543995103"/><trkpt lat="37.723831208" lon="-119.543768791"/><trkpt lat="37.723833388" lon="-119.543581791"/><trkpt lat="37.723842105" lon="-119.54343427"/><trkpt lat="37.723880662" lon="-119.543433264"/><trkpt lat="37.723944448" lon="-119.543539379"/><trkpt lat="37.72402768" lon="-119.543761667"/><trkpt lat="37.724097082" lon="-119.543948919"/><trkpt lat="37.72416682" lon="-119.544200795"/><trkpt lat="37.724247621" lon="-119.544369858"/><trkpt lat="37.724301182" lon="-119.544524169"/><trkpt lat="37.72432222" lon="-119.544651993"/><trkpt lat="37.72434636" lon="-119.544809908"/><trkpt lat="37.724379217" lon="-119.54490345"/><trkpt lat="37.724433783" lon="-119.544926081"/><trkpt lat="37.724482398" lon="-119.544883836"/><trkpt lat="37.724517435" lon="-119.544790378"/><trkpt lat="37.724555824" lon="-119.544710834"/><trkpt lat="37.72459086" lon="-119.544702787"/><trkpt lat="37.724622628" lon="-119.544761628"/><trkpt lat="37.724686582" lon="-119.544944018"/><trkpt lat="37.724744752" lon="-119.545054575"/><trkpt lat="37.72479672" lon="-119.545111824"/><trkpt lat="37.724834774" lon="-119.54508584"/><trkpt lat="37.724878276" lon="-119.545076955"/><trkpt lat="37.724984055" lon="-119.54513764"/><trkpt lat="37.725063013" lon="-119.545205198"/><trkpt lat="37.725092936" lon="-119.545346349"/><trkpt lat="37.725106766" lon="-119.545564782"/><trkpt lat="37.725101905" lon="-119.545790339"/><trkpt lat="37.725108443" lon="-119.545964347"/><trkpt lat="37.725120429" lon="-119.546169788"/><trkpt lat="37.725088242" lon="-119.546230892"/><trkpt lat="37.725025127" lon="-119.54629099"/><trkpt lat="37.724918257" lon="-119.546372965"/><trkpt lat="37.724805688" lon="-119.546431387"/><trkpt lat="37.72466043" lon="-119.54648084"/><trkpt lat="37.724546939" lon="-119.546487378"/><trkpt lat="37.72443613" lon="-119.546465417"/><trkpt lat="37.724311659" lon="-119.54640666"/><trkpt lat="37.724274611" lon="-119.546407918"/><trkpt lat="37.724253237" lon="-119.546443541"/><trkpt lat="37.724276455" lon="-119.546511769"/><trkpt lat="37.724321969" lon="-119.546598941"/><trkpt lat="37.724345187" lon="-119.546667254"/><trkpt lat="37.72432792" lon="-119.546705559"/><trkpt lat="37.724277629" lon="-119.546742775"/><trkpt lat="37.724207137" lon="-119.546763645"/><trkpt lat="37.724098004" lon="-119.546759957"/><trkpt lat="37.724005049" lon="-119.54676968"/><trkpt lat="37.7239535" lon="-119.546770519"/><trkpt lat="37.723907819" lon="-119.546787115"/><trkpt lat="37.723890217" lon="-119.54684101"/><trkpt lat="37.723907148" lon="-119.546914268"/><trkpt lat="37.723940844" lon="-119.546975037"/><trkpt lat="37.723992979" lon="-119.547041673"/><trkpt lat="37.724030865" lon="-119.547100095"/><trkpt lat="37.724062717" lon="-119.547153069"/><trkpt lat="37.724055927" lon="-119.5471814"/><trkpt lat="37.724022735" lon="-119.54719062"/><trkpt lat="37.72394604" lon="-119.547211323"/><trkpt lat="37.723897845" lon="-119.547248622"/><trkpt lat="37.723894659" lon="-119.547302937"/><trkpt lat="37.723938916" lon="-119.547351217"/><trkpt lat="37.723995661" lon="-119.547394635"/><trkpt lat="37.724044025" lon="-119.547445597"/><trkpt lat="37.724073865" lon="-119.547495889"/><trkpt lat="37.724056095" lon="-119.547554981"/><trkpt lat="37.723995745" lon="-119.547581468"/><trkpt lat="37.723954171" lon="-119.547600746"/><trkpt lat="37.72392408" lon="-119.547656821"/><trkpt lat="37.723943777" lon="-119.547698982"/><trkpt lat="37.723977892" lon="-119.54774173"/><trkpt lat="37.72402022" lon="-119.547784645"/><trkpt lat="37.724060537" lon="-119.547824962"/><trkpt lat="37.724090712" lon="-119.547859747"/><trkpt lat="37.724062968" lon="-119.547905428"/><trkpt lat="37.724019047" lon="-119.5479351"/><trkpt lat="37.723976299" lon="-119.548003664"/><trkpt lat="37.723988285" lon="-119.548118245"/><trkpt lat="37.723991806" lon="-119.548242884"/><trkpt lat="37.723958613" lon="-119.54834816"/><trkpt lat="37.723917374" lon="-119.548442708"/><trkpt lat="37.723835232" lon="-119.548621494"/><trkpt lat="37.723757364" lon="-119.548790054"/><trkpt lat="37.723671198" lon="-119.548966074"/><trkpt lat="37.723660385" lon="-119.549082499"/><trkpt lat="37.72367321" lon="-119.549158188"/><trkpt lat="37.723716293" lon="-119.549167408"/><trkpt lat="37.723813355" lon="-119.549059197"/><trkpt lat="37.72387295" lon="-119.548973031"/><trkpt lat="37.723959703" lon="-119.548869599"/><trkpt lat="37.724038074" lon="-119.548771111"/><trkpt lat="37.724116277" lon="-119.548680419"/><trkpt lat="37.72419272" lon="-119.548576651"/><trkpt lat="37.724264218" lon="-119.548509093"/><trkpt lat="37.724321214" lon="-119.548446229"/><trkpt lat="37.724369746" lon="-119.548393339"/><trkpt lat="37.724399418" lon="-119.548355453"/><trkpt lat="37.724434705" lon="-119.54834112"/><trkpt lat="37.7244539" lon="-119.548406666"/><trkpt lat="37.724433364" lon="-119.54849937"/><trkpt lat="37.724402351" lon="-119.54859945"/><trkpt lat="37.724354407" lon="-119.548722329"/><trkpt lat="37.724309396" lon="-119.548897175"/><trkpt lat="37.724283244" lon="-119.549057186"/><trkpt lat="37.72428601" lon="-119.549119547"/><trkpt lat="37.724316269" lon="-119.549151734"/><trkpt lat="37.724394137" lon="-119.549076548"/><trkpt lat="37.724467646" lon="-119.549011588"/><trkpt lat="37.724523218" lon="-119.548920142"/><trkpt lat="37.724609552" lon="-119.548834898"/><trkpt lat="37.724697897" lon="-119.548749737"/><trkpt lat="37.724732179" lon="-119.548688633"/><trkpt lat="37.724772329" lon="-119.548643287"/><trkpt lat="37.724803258" lon="-119.548641779"/><trkpt lat="37.724837624" lon="-119.548674049"/><trkpt lat="37.724835612" lon="-119.548764825"/><trkpt lat="37.724802922" lon="-119.548849314"/><trkpt lat="37.724761348" lon="-119.549058024"/><trkpt lat="37.724748189" lon="-119.549187273"/><trkpt lat="37.724769982" lon="-119.549227003"/><trkpt lat="37.724815831" lon="-119.54920521"/><trkpt lat="37.724868217" lon="-119.54916548"/><trkpt lat="37.724942481" lon="-119.549064226"/><trkpt lat="37.72501356" lon="-119.549017372"/><trkpt lat="37.725093104" lon="-119.548963057"/><trkpt lat="37.725172564" lon="-119.548908658"/><trkpt lat="37.725214642" lon="-119.548868593"/><trkpt lat="37.725232663" lon="-119.548796592"/><trkpt lat="37.72526443" lon="-119.54875879"/><trkpt lat="37.725297958" lon="-119.548731381"/><trkpt lat="37.725321259" lon="-119.548703637"/><trkpt lat="37.725343471" lon="-119.54872258"/><trkpt lat="37.725354284" lon="-119.548795586"/><trkpt lat="37.725341208" lon="-119.548828863"/><trkpt lat="37.725326288" lon="-119.54894512"/><trkpt lat="37.725328971" lon="-119.549012678"/><trkpt lat="37.725306591" lon="-119.549092306"/><trkpt lat="37.725283122" lon="-119.549226416"/><trkpt lat="37.725289576" lon="-119.549309649"/><trkpt lat="37.725329055" lon="-119.549388858"/><trkpt lat="37.725407844" lon="-119.54936564"/><trkpt lat="37.725493424" lon="-119.549316689"/><trkpt lat="37.725562323" lon="-119.549274947"/><trkpt lat="37.725641364" lon="-119.549241336"/><trkpt lat="37.725712024" lon="-119.549212586"/><trkpt lat="37.72575897106321" lon="-119.54920519989237"/><trkpt lat="37.72576562878166" lon="-119.54918861389162"/><trkpt lat="37.725779098204285" lon="-119.54922633889511"/><trkpt lat="37.72595" lon="-119.54912"/><trkpt lat="37.72623" lon="-119.54879"/><trkpt lat="37.72623" lon="-119.54879"/><trkpt lat="37.72619" lon="-119.54926"/><trkpt lat="37.72603" lon="-119.54981"/><trkpt lat="37.72601" lon="-119.54998"/><trkpt lat="37.72601" lon="-119.54998"/><trkpt lat="37.72601" lon="-119.54998"/><trkpt lat="37.72606" lon="-119.5506"/><trkpt lat="37.72602" lon="-119.55101"/><trkpt lat="37.72594" lon="-119.55117"/><trkpt lat="37.72573" lon="-119.55134"/><trkpt lat="37.72589" lon="-119.55151"/><trkpt lat="37.72589" lon="-119.55151"/><trkpt lat="37.72615" lon="-119.55164"/><trkpt lat="37.72615" lon="-119.55164"/><trkpt lat="37.72626" lon="-119.55173"/><trkpt lat="37.72631" lon="-119.55196"/><trkpt lat="37.72632" lon="-119.55212"/><trkpt lat="37.72625" lon="-119.55278"/><trkpt lat="37.72622" lon="-119.55293"/><trkpt lat="37.72621" lon="-119.55322"/><trkpt lat="37.72621" lon="-119.55322"/><trkpt lat="37.72624" lon="-119.55354"/><trkpt lat="37.72639" lon="-119.55396"/><trkpt lat="37.72645" lon="-119.55426"/><trkpt lat="37.7263" lon="-119.55485"/><trkpt lat="37.72621" lon="-119.55495"/><trkpt lat="37.72607" lon="-119.55521"/><trkpt lat="37.72601" lon="-119.55554"/><trkpt lat="37.72606" lon="-119.55582"/><trkpt lat="37.72623" lon="-119.55618"/><trkpt lat="37.72624" lon="-119.5564"/><trkpt lat="37.72619" lon="-119.55667"/><trkpt lat="37.72624" lon="-119.55695"/><trkpt lat="37.72631" lon="-119.55714"/><trkpt lat="37.72646" lon="-119.55745"/><trkpt lat="37.72652" lon="-119.55764"/><trkpt lat="37.72655" lon="-119.55808"/><trkpt lat="37.72658" lon="-119.55817"/><trkpt lat="37.72671" lon="-119.5583"/><trkpt lat="37.72676" lon="-119.55852"/><trkpt lat="37.72684" lon="-119.55852"/><trkpt lat="37.72697" lon="-119.55847"/><trkpt lat="37.72709" lon="-119.55848"/><trkpt lat="37.72795" lon="-119.55835"/><trkpt lat="37.72898" lon="-119.558"/><trkpt lat="37.72939" lon="-119.55791"/><trkpt lat="37.72977" lon="-119.55787"/><trkpt lat="37.73006" lon="-119.5579"/><trkpt lat="37.73067" lon="-119.55806"/><trkpt lat="37.73094" lon="-119.55829"/><trkpt lat="37.73117" lon="-119.55838"/><trkpt lat="37.73166" lon="-119.55828"/><trkpt lat="37.73207" lon="-119.55805"/><trkpt lat="37.73207" lon="-119.55805"/><trkpt lat="37.73218" lon="-119.55798"/><trkpt lat="37.7324" lon="-119.5579"/><trkpt lat="37.73278" lon="-119.55782"/></trkseg></trk></gpx>